ISO-10303-21;
HEADER;
FILE_DESCRIPTION (( 'STEP AP203' ),
    '1' );
FILE_NAME ('ArmHolderPrint.STEP',
    '2026-06-19T06:10:18',
    ( '' ),
    ( '' ),
    'SwSTEP 2.0',
    'SolidWorks 2026',
    '' );
FILE_SCHEMA (( 'CONFIG_CONTROL_DESIGN' ));
ENDSEC;

DATA;
#1 = CYLINDRICAL_SURFACE ( 'NONE', #1556, 2.999999999999999112 ) ;
#2 = PERSON_AND_ORGANIZATION ( #1488, #1403 ) ;
#3 = ORIENTED_EDGE ( 'NONE', *, *, #994, .F. ) ;
#4 = CARTESIAN_POINT ( 'NONE',  ( 20.00000000000000000, 15.75000000000000000, -16.67157287525380838 ) ) ;
#5 = DIRECTION ( 'NONE',  ( 0.000000000000000000, 0.000000000000000000, -1.000000000000000000 ) ) ;
#6 = ORIENTED_EDGE ( 'NONE', *, *, #2175, .T. ) ;
#7 = CARTESIAN_POINT ( 'NONE',  ( -0.9913002881494062946, 4.133387573541443594, -1.129966181622038324 ) ) ;
#8 = CARTESIAN_POINT ( 'NONE',  ( 6.250000000000000000, -4.250000000000000000, -1.000000000000000000 ) ) ;
#9 = PRODUCT ( 'ArmHolderPrint', 'ArmHolderPrint', '', ( #2243 ) ) ;
#10 = DIRECTION ( 'NONE',  ( -0.000000000000000000, -0.000000000000000000, 1.000000000000000000 ) ) ;
#11 = LINE ( 'NONE', #2268, #2028 ) ;
#12 = PERSON_AND_ORGANIZATION ( #1488, #1403 ) ;
#13 = DIRECTION ( 'NONE',  ( 0.3162277660168377746, 0.9486832980505138790, 0.000000000000000000 ) ) ;
#14 = EDGE_CURVE ( 'NONE', #2071, #2785, #1055, .T. ) ;
#15 = CARTESIAN_POINT ( 'NONE',  ( -5.000000000000000000, 2.500000000000000000, -7.499999999999999112 ) ) ;
#16 = CARTESIAN_POINT ( 'NONE',  ( -5.000000000000000000, 2.500000000000000000, -17.49999999999999645 ) ) ;
#17 = VERTEX_POINT ( 'NONE', #2456 ) ;
#18 = DIRECTION ( 'NONE',  ( -0.000000000000000000, -1.000000000000000000, -0.000000000000000000 ) ) ;
#19 = EDGE_CURVE ( 'NONE', #17, #2539, #1336, .T. ) ;
#20 = AXIS2_PLACEMENT_3D ( 'NONE', #455, #1616, #248 ) ;
#21 = DIRECTION ( 'NONE',  ( -1.000000000000000000, 0.000000000000000000, -0.000000000000000000 ) ) ;
#22 = DIRECTION ( 'NONE',  ( 0.000000000000000000, 0.000000000000000000, -1.000000000000000000 ) ) ;
#23 = VECTOR ( 'NONE', #895, 1000.000000000000000 ) ;
#24 = DIRECTION ( 'NONE',  ( 0.000000000000000000, 0.000000000000000000, -1.000000000000000000 ) ) ;
#25 = VECTOR ( 'NONE', #2889, 1000.000000000000000 ) ;
#26 = CARTESIAN_POINT ( 'NONE',  ( -0.3905692541384178096, -4.233115156400179657, 1.451581970615523298 ) ) ;
#27 = EDGE_CURVE ( 'NONE', #1493, #2222, #2830, .T. ) ;
#28 = PLANE ( 'NONE',  #1438 ) ;
#29 = ORIENTED_EDGE ( 'NONE', *, *, #1648, .F. ) ;
#30 = CARTESIAN_POINT ( 'NONE',  ( 4.499999999999999112, 34.49999999999999289, -4.499999999999999112 ) ) ;
#31 = EDGE_LOOP ( 'NONE', ( #2869, #1250 ) ) ;
#32 = CC_DESIGN_APPROVAL ( #2863, ( #2614 ) ) ;
#33 = CARTESIAN_POINT ( 'NONE',  ( 0.000000000000000000, 0.000000000000000000, 4.250000000000000000 ) ) ;
#34 = VECTOR ( 'NONE', #2818, 1000.000000000000000 ) ;
#35 = DIRECTION ( 'NONE',  ( 0.000000000000000000, 0.000000000000000000, 1.000000000000000000 ) ) ;
#36 = ADVANCED_FACE ( 'NONE', ( #2226 ), #210, .F. ) ;
#37 = APPROVAL_STATUS ( 'not_yet_approved' ) ;
#38 = DIRECTION ( 'NONE',  ( 0.000000000000000000, 0.000000000000000000, 1.000000000000000000 ) ) ;
#39 = AXIS2_PLACEMENT_3D ( 'NONE', #537, #1470, #1501 ) ;
#40 = EDGE_CURVE ( 'NONE', #2600, #2428, #509, .T. ) ;
#41 = CARTESIAN_POINT ( 'NONE',  ( -7.499999999999999112, 30.00000000000000000, -4.499999999999998224 ) ) ;
#42 = CARTESIAN_POINT ( 'NONE',  ( -0.7534840445451123081, -4.183488029562266064, 1.300670433872481269 ) ) ;
#43 = PLANE ( 'NONE',  #1537 ) ;
#44 = EDGE_CURVE ( 'NONE', #1380, #2246, #2310, .T. ) ;
#45 = ORIENTED_EDGE ( 'NONE', *, *, #1694, .F. ) ;
#46 = CARTESIAN_POINT ( 'NONE',  ( 15.00000000000000000, -4.250000000000000000, -4.250000000000000000 ) ) ;
#47 = EDGE_LOOP ( 'NONE', ( #1448, #971, #1664, #2121 ) ) ;
#48 = DIRECTION ( 'NONE',  ( -0.000000000000000000, 0.000000000000000000, -1.000000000000000000 ) ) ;
#49 = CARTESIAN_POINT ( 'NONE',  ( 4.500000000000000000, 12.99999999999999822, -4.499999999999999112 ) ) ;
#50 = CARTESIAN_POINT ( 'NONE',  ( 17.00000000000000000, 15.75000000000000000, 0.000000000000000000 ) ) ;
#51 = DIRECTION ( 'NONE',  ( 0.000000000000000000, 0.000000000000000000, 1.000000000000000000 ) ) ;
#52 = EDGE_LOOP ( 'NONE', ( #1598, #1092 ) ) ;
#53 = CARTESIAN_POINT ( 'NONE',  ( 0.000000000000000000, 4.250000000000000000, 1.500000000000000222 ) ) ;
#54 = APPROVAL_STATUS ( 'not_yet_approved' ) ;
#55 = FACE_OUTER_BOUND ( 'NONE', #128, .T. ) ;
#56 = CARTESIAN_POINT ( 'NONE',  ( 19.00000000000000000, -2.749999999999992006, -21.00000000000001421 ) ) ;
#57 = LINE ( 'NONE', #46, #2157 ) ;
#58 = CARTESIAN_POINT ( 'NONE',  ( -4.499999999999999112, 34.49999999999999289, -7.499999999999998224 ) ) ;
#59 = ORIENTED_EDGE ( 'NONE', *, *, #860, .T. ) ;
#60 = LINE ( 'NONE', #1202, #2734 ) ;
#61 = CARTESIAN_POINT ( 'NONE',  ( 19.00000000000000000, -1.250000000000006883, 0.000000000000000000 ) ) ;
#62 = AXIS2_PLACEMENT_3D ( 'NONE', #752, #1655, #2552 ) ;
#63 = ORIENTED_EDGE ( 'NONE', *, *, #1889, .T. ) ;
#64 = DIRECTION ( 'NONE',  ( -1.000000000000000000, 0.000000000000000000, 0.000000000000000000 ) ) ;
#65 = APPROVAL_DATE_TIME ( #111, #1939 ) ;
#66 = VECTOR ( 'NONE', #1288, 1000.000000000000000 ) ;
#67 = PLANE ( 'NONE',  #1719 ) ;
#68 = VECTOR ( 'NONE', #2480, 1000.000000000000114 ) ;
#69 = CARTESIAN_POINT ( 'NONE',  ( 17.00000000000000000, 15.75000000000000000, -12.50000000000000000 ) ) ;
#70 = CYLINDRICAL_SURFACE ( 'NONE', #2110, 2.999999999999999112 ) ;
#71 = VECTOR ( 'NONE', #13, 1000.000000000000114 ) ;
#72 = ORIENTED_EDGE ( 'NONE', *, *, #1545, .F. ) ;
#73 = APPROVAL ( #96, 'UNSPECIFIED' ) ;
#74 = DIRECTION ( 'NONE',  ( -0.000000000000000000, -0.000000000000000000, 1.000000000000000000 ) ) ;
#75 = EDGE_CURVE ( 'NONE', #649, #1229, #305, .T. ) ;
#76 = APPLICATION_CONTEXT ( 'configuration controlled 3d designs of mechanical parts and assemblies' ) ;
#77 = CARTESIAN_POINT ( 'NONE',  ( 4.499999999999992895, 24.99999999999999645, 4.499999999999995559 ) ) ;
#78 = VECTOR ( 'NONE', #2784, 1000.000000000000000 ) ;
#79 = DIRECTION ( 'NONE',  ( -1.000000000000000000, 0.000000000000000000, 0.000000000000000000 ) ) ;
#80 = ORIENTED_EDGE ( 'NONE', *, *, #249, .T. ) ;
#81 = FACE_OUTER_BOUND ( 'NONE', #1995, .T. ) ;
#82 = PERSON_AND_ORGANIZATION ( #1488, #1403 ) ;
#83 = CIRCLE ( 'NONE', #2113, 4.499999999999999112 ) ;
#84 = LINE ( 'NONE', #339, #2197 ) ;
#85 = CARTESIAN_POINT ( 'NONE',  ( 4.499999999999999112, 34.49999999999999289, 4.499999999999997335 ) ) ;
#86 = ORIENTED_EDGE ( 'NONE', *, *, #1409, .F. ) ;
#87 = FACE_OUTER_BOUND ( 'NONE', #380, .T. ) ;
#88 = ORIENTED_EDGE ( 'NONE', *, *, #539, .T. ) ;
#89 = FACE_OUTER_BOUND ( 'NONE', #117, .T. ) ;
#90 = EDGE_CURVE ( 'NONE', #2483, #306, #906, .T. ) ;
#91 = CARTESIAN_POINT ( 'NONE',  ( 0.000000000000000000, -4.250000000000000000, -1.500000000000000222 ) ) ;
#92 = ORIENTED_EDGE ( 'NONE', *, *, #2646, .T. ) ;
#93 = ADVANCED_FACE ( 'NONE', ( #289, #2682, #2692 ), #934, .T. ) ;
#94 = CARTESIAN_POINT ( 'NONE',  ( 15.00000000000000178, 15.75000000000000000, -12.50000000000000000 ) ) ;
#95 = ORIENTED_EDGE ( 'NONE', *, *, #2499, .T. ) ;
#96 = APPROVAL_STATUS ( 'not_yet_approved' ) ;
#97 = CARTESIAN_POINT ( 'NONE',  ( 15.00000000000000000, -4.250000000000000000, 22.50000000000000000 ) ) ;
#98 = LINE ( 'NONE', #1208, #930 ) ;
#99 = ADVANCED_FACE ( 'NONE', ( #1795 ), #2719, .F. ) ;
#100 = ORIENTED_EDGE ( 'NONE', *, *, #1432, .F. ) ;
#101 = LINE ( 'NONE', #378, #1679 ) ;
#102 = ORIENTED_EDGE ( 'NONE', *, *, #2442, .T. ) ;
#103 = VERTEX_POINT ( 'NONE', #2037 ) ;
#104 = ORIENTED_EDGE ( 'NONE', *, *, #1088, .F. ) ;
#105 = DIRECTION ( 'NONE',  ( -0.000000000000000000, 0.000000000000000000, -1.000000000000000000 ) ) ;
#106 = ADVANCED_FACE ( 'NONE', ( #897 ), #2900, .F. ) ;
#107 = LINE ( 'NONE', #1008, #1580 ) ;
#108 = ORIENTED_EDGE ( 'NONE', *, *, #568, .T. ) ;
#109 = DIRECTION ( 'NONE',  ( 0.000000000000000000, -1.000000000000000000, 0.000000000000000000 ) ) ;
#110 = ORIENTED_EDGE ( 'NONE', *, *, #391, .T. ) ;
#111 = DATE_AND_TIME ( #1192, #2256 ) ;
#112 = CARTESIAN_POINT ( 'NONE',  ( 4.250000000000000000, 5.204748896376250699E-16, 4.250000000000000000 ) ) ;
#113 = DIRECTION ( 'NONE',  ( 0.3162277660168381077, -0.9486832980505137680, 0.000000000000000000 ) ) ;
#114 = AXIS2_PLACEMENT_3D ( 'NONE', #2321, #1232, #1894 ) ;
#115 = ADVANCED_FACE ( 'NONE', ( #2497 ), #1158, .T. ) ;
#116 = CIRCLE ( 'NONE', #2693, 2.999999999999999112 ) ;
#117 = EDGE_LOOP ( 'NONE', ( #929, #290, #1274, #341 ) ) ;
#118 = DIRECTION ( 'NONE',  ( 0.000000000000000000, 0.000000000000000000, 1.000000000000000000 ) ) ;
#119 = ORIENTED_EDGE ( 'NONE', *, *, #1390, .T. ) ;
#120 = VECTOR ( 'NONE', #518, 1000.000000000000000 ) ;
#121 = ORIENTED_EDGE ( 'NONE', *, *, #1847, .T. ) ;
#122 = VERTEX_POINT ( 'NONE', #1391 ) ;
#123 = CARTESIAN_POINT ( 'NONE',  ( -5.000000000000000000, 2.500000000000000000, 7.500000000000000000 ) ) ;
#124 = CARTESIAN_POINT ( 'NONE',  ( 19.00000000000000000, 0.000000000000000000, 0.000000000000000000 ) ) ;
#125 = DIRECTION ( 'NONE',  ( 0.000000000000000000, 5.782411586589358625E-16, 1.000000000000000000 ) ) ;
#126 = ORIENTED_EDGE ( 'NONE', *, *, #1088, .T. ) ;
#127 = DIRECTION ( 'NONE',  ( 0.000000000000000000, -1.000000000000000000, 0.000000000000000000 ) ) ;
#128 = EDGE_LOOP ( 'NONE', ( #1930, #2337, #1954, #2440, #708, #218, #174, #2895, #554, #2058, #2029, #1420, #2842, #2890, #1036, #414 ) ) ;
#129 = VECTOR ( 'NONE', #2239, 1000.000000000000000 ) ;
#130 = PERSON_AND_ORGANIZATION ( #1488, #1403 ) ;
#131 = APPROVAL_PERSON_ORGANIZATION ( #1702, #2863, #2826 ) ;
#132 = CIRCLE ( 'NONE', #1980, 1.000000000000000888 ) ;
#133 = CARTESIAN_POINT ( 'NONE',  ( 19.00000000000000000, -1.250000000000006883, 22.50000000000000000 ) ) ;
#134 = ADVANCED_FACE ( 'NONE', ( #2294 ), #1575, .F. ) ;
#135 = LINE ( 'NONE', #2559, #1072 ) ;
#136 = LOCAL_TIME ( 15, 10, 18.00000000000000000, #226 ) ;
#137 = EDGE_CURVE ( 'NONE', #904, #1789, #2525, .T. ) ;
#138 = VERTEX_POINT ( 'NONE', #1346 ) ;
#139 = AXIS2_PLACEMENT_3D ( 'NONE', #840, #1740, #2513 ) ;
#140 = EDGE_CURVE ( 'NONE', #874, #2365, #2254, .T. ) ;
#141 = FACE_OUTER_BOUND ( 'NONE', #1976, .T. ) ;
#142 = ORIENTED_EDGE ( 'NONE', *, *, #1741, .F. ) ;
#143 = EDGE_LOOP ( 'NONE', ( #1223, #1843, #1641, #411 ) ) ;
#144 = DIRECTION ( 'NONE',  ( -0.000000000000000000, -1.000000000000000000, -0.000000000000000000 ) ) ;
#145 = CARTESIAN_POINT ( 'NONE',  ( 4.500000000000000000, 30.00000000000000000, -4.499999999999999112 ) ) ;
#146 = ORIENTED_EDGE ( 'NONE', *, *, #1964, .F. ) ;
#147 = CARTESIAN_POINT ( 'NONE',  ( -4.499999999999999112, 24.99999999999999645, 4.499999999999999112 ) ) ;
#148 = ORIENTED_EDGE ( 'NONE', *, *, #2725, .F. ) ;
#149 = SECURITY_CLASSIFICATION_LEVEL ( 'unclassified' ) ;
#150 = CARTESIAN_POINT ( 'NONE',  ( 0.000000000000000000, 11.00000000000000000, -4.499999999999999112 ) ) ;
#151 = DIRECTION ( 'NONE',  ( 0.000000000000000000, 5.782411586589358625E-16, 1.000000000000000000 ) ) ;
#152 = EDGE_CURVE ( 'NONE', #2504, #2881, #1601, .T. ) ;
#153 = CC_DESIGN_PERSON_AND_ORGANIZATION_ASSIGNMENT ( #2, #1394, ( #9 ) ) ;
#154 = ORIENTED_EDGE ( 'NONE', *, *, #1212, .T. ) ;
#155 = DIRECTION ( 'NONE',  ( -0.000000000000000000, -1.000000000000000000, -0.000000000000000000 ) ) ;
#156 = LINE ( 'NONE', #1991, #1070 ) ;
#157 = EDGE_LOOP ( 'NONE', ( #1245, #2161, #1293, #2808 ) ) ;
#158 = ORIENTED_EDGE ( 'NONE', *, *, #1156, .F. ) ;
#159 = LINE ( 'NONE', #1050, #1626 ) ;
#160 = EDGE_CURVE ( 'NONE', #904, #1380, #483, .T. ) ;
#161 = DIRECTION ( 'NONE',  ( -0.3162277660168377746, -0.9486832980505138790, 0.000000000000000000 ) ) ;
#162 = EDGE_LOOP ( 'NONE', ( #2433, #2820, #2806, #1297 ) ) ;
#163 = LINE ( 'NONE', #2147, #465 ) ;
#164 = ORIENTED_EDGE ( 'NONE', *, *, #1981, .F. ) ;
#165 = APPROVAL_STATUS ( 'not_yet_approved' ) ;
#166 = VECTOR ( 'NONE', #969, 1000.000000000000000 ) ;
#167 = DIRECTION ( 'NONE',  ( 1.000000000000000000, 0.000000000000000000, 0.000000000000000000 ) ) ;
#168 = DIRECTION ( 'NONE',  ( 0.000000000000000000, 0.000000000000000000, 1.000000000000000000 ) ) ;
#169 = VERTEX_POINT ( 'NONE', #686 ) ;
#170 = CIRCLE ( 'NONE', #450, 1.000000000000000888 ) ;
#171 = DIRECTION ( 'NONE',  ( -0.000000000000000000, -0.000000000000000000, -1.000000000000000000 ) ) ;
#172 = CARTESIAN_POINT ( 'NONE',  ( -4.499999999999999112, 34.49999999999999289, -4.499999999999999112 ) ) ;
#173 = VECTOR ( 'NONE', #304, 1000.000000000000000 ) ;
#174 = ORIENTED_EDGE ( 'NONE', *, *, #491, .F. ) ;
#175 = EDGE_CURVE ( 'NONE', #2864, #344, #1713, .T. ) ;
#176 = AXIS2_PLACEMENT_3D ( 'NONE', #717, #2030, #1182 ) ;
#177 = DIRECTION ( 'NONE',  ( -0.000000000000000000, -0.000000000000000000, -1.000000000000000000 ) ) ;
#178 = ADVANCED_FACE ( 'NONE', ( #471, #1362 ), #2048, .F. ) ;
#179 = EDGE_CURVE ( 'NONE', #2633, #2355, #2051, .T. ) ;
#180 = ORIENTED_EDGE ( 'NONE', *, *, #1128, .F. ) ;
#181 = CARTESIAN_POINT ( 'NONE',  ( 17.00000000000000000, 9.921572875253806600, 16.67157287525380482 ) ) ;
#182 = ORIENTED_EDGE ( 'NONE', *, *, #479, .F. ) ;
#183 = APPROVAL ( #37, 'UNKNOWN' ) ;
#184 = DATE_TIME_ROLE ( 'creation_date' ) ;
#185 = CARTESIAN_POINT ( 'NONE',  ( 4.250000000000000000, 5.204748896376250699E-16, -7.500000000000000000 ) ) ;
#186 = CARTESIAN_POINT ( 'NONE',  ( 6.250000000000000000, -4.250000000000000000, -1.000000000000000000 ) ) ;
#187 = CIRCLE ( 'NONE', #1446, 1.000000000000000888 ) ;
#188 = EDGE_LOOP ( 'NONE', ( #2517, #1595, #830, #1500 ) ) ;
#189 = CARTESIAN_POINT ( 'NONE',  ( 4.250000000000000000, -4.250000000000000000, 1.000000000000000000 ) ) ;
#190 = AXIS2_PLACEMENT_3D ( 'NONE', #2505, #2273, #1842 ) ;
#191 = CARTESIAN_POINT ( 'NONE',  ( 19.00000000000000000, 14.24999999999999112, -21.00000000000000711 ) ) ;
#192 = AXIS2_PLACEMENT_3D ( 'NONE', #585, #2387, #2582 ) ;
#193 = VERTEX_POINT ( 'NONE', #992 ) ;
#194 = LINE ( 'NONE', #382, #1812 ) ;
#195 = EDGE_CURVE ( 'NONE', #2539, #17, #170, .T. ) ;
#196 = VERTEX_POINT ( 'NONE', #77 ) ;
#197 = CARTESIAN_POINT ( 'NONE',  ( 4.250000000000000000, -4.250000000000000000, -1.000000000000000000 ) ) ;
#198 = EDGE_LOOP ( 'NONE', ( #1304, #2395, #917, #1260 ) ) ;
#199 = APPROVAL_STATUS ( 'not_yet_approved' ) ;
#200 = DIRECTION ( 'NONE',  ( -5.782411586589359857E-17, 0.000000000000000000, -1.000000000000000000 ) ) ;
#201 = DIRECTION ( 'NONE',  ( 0.000000000000000000, 0.000000000000000000, 1.000000000000000000 ) ) ;
#202 = ORIENTED_EDGE ( 'NONE', *, *, #1213, .T. ) ;
#203 = CARTESIAN_POINT ( 'NONE',  ( 19.00000000000000000, 14.24999999999998579, 20.00000000000000711 ) ) ;
#204 = VERTEX_POINT ( 'NONE', #1909 ) ;
#205 = CARTESIAN_POINT ( 'NONE',  ( -7.499999999999999112, 0.000000000000000000, 7.500000000000000000 ) ) ;
#206 = ORIENTED_EDGE ( 'NONE', *, *, #1562, .F. ) ;
#207 = DIRECTION ( 'NONE',  ( -1.000000000000000000, 0.000000000000000000, 0.000000000000000000 ) ) ;
#208 = VERTEX_POINT ( 'NONE', #1864 ) ;
#209 = FACE_BOUND ( 'NONE', #31, .T. ) ;
#210 = PLANE ( 'NONE',  #535 ) ;
#211 = ADVANCED_FACE ( 'NONE', ( #1189, #583 ), #533, .F. ) ;
#212 = PRODUCT_RELATED_PRODUCT_CATEGORY ( 'detail', '', ( #1872 ) ) ;
#213 = LINE ( 'NONE', #1413, #1597 ) ;
#214 = ORIENTED_EDGE ( 'NONE', *, *, #2047, .T. ) ;
#215 = PLANE ( 'NONE',  #2437 ) ;
#216 = DIRECTION ( 'NONE',  ( 1.000000000000000000, 0.000000000000000000, 0.000000000000000000 ) ) ;
#217 = ADVANCED_FACE ( 'NONE', ( #1436 ), #1007, .F. ) ;
#218 = ORIENTED_EDGE ( 'NONE', *, *, #622, .T. ) ;
#219 = LINE ( 'NONE', #440, #1435 ) ;
#220 = AXIS2_PLACEMENT_3D ( 'NONE', #33, #1834, #2718 ) ;
#221 = LINE ( 'NONE', #506, #2617 ) ;
#222 = ORIENTED_EDGE ( 'NONE', *, *, #75, .F. ) ;
#223 = COORDINATED_UNIVERSAL_TIME_OFFSET ( 9, 0, .AHEAD. ) ;
#224 = AXIS2_PLACEMENT_3D ( 'NONE', #2413, #393, #1285 ) ;
#225 = DIRECTION ( 'NONE',  ( 0.000000000000000000, -1.000000000000000000, 0.000000000000000000 ) ) ;
#226 = COORDINATED_UNIVERSAL_TIME_OFFSET ( 9, 0, .AHEAD. ) ;
#227 = CC_DESIGN_SECURITY_CLASSIFICATION ( #1547, ( #2666 ) ) ;
#228 = VERTEX_POINT ( 'NONE', #333 ) ;
#229 = DIRECTION ( 'NONE',  ( 0.000000000000000000, -1.000000000000000000, 0.000000000000000000 ) ) ;
#230 = EDGE_LOOP ( 'NONE', ( #849, #1121, #2085, #1579 ) ) ;
#231 = DIRECTION ( 'NONE',  ( 0.3162277660168381077, -0.9486832980505137680, 0.000000000000000000 ) ) ;
#232 = VECTOR ( 'NONE', #882, 1000.000000000000000 ) ;
#233 = ORIENTED_EDGE ( 'NONE', *, *, #775, .F. ) ;
#234 = VECTOR ( 'NONE', #2216, 1000.000000000000114 ) ;
#235 = CARTESIAN_POINT ( 'NONE',  ( -1.490240426902915916, 3.980215044507081856, 0.1974090450869055158 ) ) ;
#236 = APPROVAL_PERSON_ORGANIZATION ( #2556, #2680, #2532 ) ;
#237 = AXIS2_PLACEMENT_3D ( 'NONE', #1506, #167, #1058 ) ;
#238 = CARTESIAN_POINT ( 'NONE',  ( -5.000000000000000000, 2.500000000000000000, -17.49999999999999645 ) ) ;
#239 = LINE ( 'NONE', #2039, #2782 ) ;
#240 = CARTESIAN_POINT ( 'NONE',  ( 19.00000000000000000, 12.74999999999998757, -7.372574772901423840E-15 ) ) ;
#241 = APPROVAL_DATE_TIME ( #1377, #582 ) ;
#242 = CARTESIAN_POINT ( 'NONE',  ( -1.309356061858720555, -4.044059867172885347, 0.7575297357487930094 ) ) ;
#243 = DIRECTION ( 'NONE',  ( -0.000000000000000000, -1.000000000000000000, -0.000000000000000000 ) ) ;
#244 = DIRECTION ( 'NONE',  ( 1.000000000000000000, -0.000000000000000000, -0.000000000000000000 ) ) ;
#245 = EDGE_CURVE ( 'NONE', #2406, #1048, #60, .T. ) ;
#246 = ORIENTED_EDGE ( 'NONE', *, *, #40, .F. ) ;
#247 = CARTESIAN_POINT ( 'NONE',  ( -7.499999999999999112, 30.00000000000000000, 7.500000000000000000 ) ) ;
#248 = DIRECTION ( 'NONE',  ( 0.000000000000000000, 0.000000000000000000, -1.000000000000000000 ) ) ;
#249 = EDGE_CURVE ( 'NONE', #1989, #193, #2129, .T. ) ;
#250 = DIRECTION ( 'NONE',  ( 0.000000000000000000, 0.000000000000000000, -1.000000000000000000 ) ) ;
#251 = DIRECTION ( 'NONE',  ( 1.000000000000000000, 0.000000000000000000, 0.000000000000000000 ) ) ;
#252 = COORDINATED_UNIVERSAL_TIME_OFFSET ( 9, 0, .AHEAD. ) ;
#253 = DIRECTION ( 'NONE',  ( 0.000000000000000000, -1.000000000000000000, -0.000000000000000000 ) ) ;
#254 = LINE ( 'NONE', #1148, #2519 ) ;
#255 = ORIENTED_EDGE ( 'NONE', *, *, #2177, .T. ) ;
#256 = CARTESIAN_POINT ( 'NONE',  ( 19.00000000000000000, -4.250000000000000000, -22.50000000000000000 ) ) ;
#257 = EDGE_LOOP ( 'NONE', ( #768, #2345, #1434, #943, #584, #2569, #446, #2118 ) ) ;
#258 = EDGE_CURVE ( 'NONE', #2355, #2019, #1246, .T. ) ;
#259 = CARTESIAN_POINT ( 'NONE',  ( 0.000000000000000000, 4.250000000000000000, -1.500000000000000222 ) ) ;
#260 = ADVANCED_FACE ( 'NONE', ( #1421, #739 ), #2144, .F. ) ;
#261 = DIRECTION ( 'NONE',  ( 0.000000000000000000, -0.000000000000000000, -1.000000000000000000 ) ) ;
#262 = CARTESIAN_POINT ( 'NONE',  ( 17.00000000000000000, 15.75000000000000000, 0.000000000000000000 ) ) ;
#263 = VECTOR ( 'NONE', #144, 1000.000000000000000 ) ;
#264 = EDGE_CURVE ( 'NONE', #196, #751, #2117, .T. ) ;
#265 = DIRECTION ( 'NONE',  ( -0.000000000000000000, -0.000000000000000000, -1.000000000000000000 ) ) ;
#266 = DATE_TIME_ROLE ( 'creation_date' ) ;
#267 = AXIS2_PLACEMENT_3D ( 'NONE', #2042, #939, #2502 ) ;
#268 = CARTESIAN_POINT ( 'NONE',  ( -0.9918946140235265219, -4.133241604182571471, 1.129424231661901867 ) ) ;
#269 = CARTESIAN_POINT ( 'NONE',  ( 5.999999999999996447, 34.49999999999999289, 7.499999999999999112 ) ) ;
#270 = ORIENTED_EDGE ( 'NONE', *, *, #972, .T. ) ;
#271 = CARTESIAN_POINT ( 'NONE',  ( 15.00000000000000000, 14.24999999999999112, -21.00000000000000711 ) ) ;
#272 = ORIENTED_EDGE ( 'NONE', *, *, #2767, .F. ) ;
#273 = AXIS2_PLACEMENT_3D ( 'NONE', #594, #809, #1492 ) ;
#274 = CARTESIAN_POINT ( 'NONE',  ( 15.00000000000000178, 9.750000000000000000, -12.50000000000000178 ) ) ;
#275 = PRODUCT_DEFINITION_FORMATION_WITH_SPECIFIED_SOURCE ( 'ANY', '', #1895, .NOT_KNOWN. ) ;
#276 = CARTESIAN_POINT ( 'NONE',  ( -1.198304051028398209, 4.080026897844947875, 0.9228805178387462504 ) ) ;
#277 = VECTOR ( 'NONE', #288, 1000.000000000000000 ) ;
#278 = DIRECTION ( 'NONE',  ( 1.000000000000000000, -0.000000000000000000, -0.000000000000000000 ) ) ;
#279 = CIRCLE ( 'NONE', #423, 6.000000000000000000 ) ;
#280 = DIRECTION ( 'NONE',  ( 0.000000000000000000, -1.000000000000000000, 0.000000000000000000 ) ) ;
#281 = ORIENTED_EDGE ( 'NONE', *, *, #2349, .T. ) ;
#282 = DIRECTION ( 'NONE',  ( -0.000000000000000000, -1.000000000000000000, -0.000000000000000000 ) ) ;
#283 = CARTESIAN_POINT ( 'NONE',  ( 7.499999999999999112, 13.00000000000000000, 4.499999999999998224 ) ) ;
#284 = LINE ( 'NONE', #15, #967 ) ;
#285 = EDGE_LOOP ( 'NONE', ( #2098, #988, #991, #2791, #2605, #2803, #801, #1017, #1384, #2829 ) ) ;
#286 = DIRECTION ( 'NONE',  ( 0.000000000000000000, 1.000000000000000000, 0.000000000000000000 ) ) ;
#287 = ORIENTED_EDGE ( 'NONE', *, *, #1981, .T. ) ;
#288 = DIRECTION ( 'NONE',  ( 0.000000000000000000, -0.000000000000000000, 1.000000000000000000 ) ) ;
#289 = FACE_OUTER_BOUND ( 'NONE', #1009, .T. ) ;
#290 = ORIENTED_EDGE ( 'NONE', *, *, #2077, .T. ) ;
#291 = PLANE ( 'NONE',  #2257 ) ;
#292 = COORDINATED_UNIVERSAL_TIME_OFFSET ( 9, 0, .AHEAD. ) ;
#293 = FACE_BOUND ( 'NONE', #1049, .T. ) ;
#294 = CARTESIAN_POINT ( 'NONE',  ( 15.00000000000000000, -4.250000000000000000, -22.50000000000000000 ) ) ;
#295 = CC_DESIGN_PERSON_AND_ORGANIZATION_ASSIGNMENT ( #130, #1224, ( #2666 ) ) ;
#296 = CARTESIAN_POINT ( 'NONE',  ( 17.00000000000000000, -4.250000000000000000, -16.67157287525380838 ) ) ;
#297 = ADVANCED_FACE ( 'NONE', ( #2335 ), #783, .F. ) ;
#298 = CARTESIAN_POINT ( 'NONE',  ( 17.00000000000000000, 12.75000000000000178, 16.67157287525380838 ) ) ;
#299 = EDGE_CURVE ( 'NONE', #1412, #1209, #2102, .T. ) ;
#300 = ADVANCED_FACE ( 'NONE', ( #1882 ), #569, .F. ) ;
#301 = VERTEX_POINT ( 'NONE', #91 ) ;
#302 = DIRECTION ( 'NONE',  ( 1.000000000000000000, 0.000000000000000000, -0.000000000000000000 ) ) ;
#303 = CARTESIAN_POINT ( 'NONE',  ( -4.250000000000000000, 14.24999999999999112, -21.00000000000000711 ) ) ;
#304 = DIRECTION ( 'NONE',  ( -5.782411586589358625E-17, 0.000000000000000000, -1.000000000000000000 ) ) ;
#305 = CIRCLE ( 'NONE', #916, 2.000000000000000000 ) ;
#306 = VERTEX_POINT ( 'NONE', #2774 ) ;
#307 = CARTESIAN_POINT ( 'NONE',  ( 4.250000000000000000, -4.250000000000000000, -1.000000000000000000 ) ) ;
#308 = PERSON_AND_ORGANIZATION_ROLE ( 'design_supplier' ) ;
#309 = AXIS2_PLACEMENT_3D ( 'NONE', #1262, #2162, #2821 ) ;
#310 = AXIS2_PLACEMENT_3D ( 'NONE', #4, #229, #1379 ) ;
#311 = DIRECTION ( 'NONE',  ( -0.000000000000000000, 0.000000000000000000, 1.000000000000000000 ) ) ;
#312 = DIRECTION ( 'NONE',  ( -1.000000000000000000, 0.000000000000000000, 0.000000000000000000 ) ) ;
#313 = EDGE_LOOP ( 'NONE', ( #596, #826, #2773, #1653, #1755 ) ) ;
#314 = PLANE ( 'NONE',  #1779 ) ;
#315 = DIRECTION ( 'NONE',  ( 0.000000000000000000, 0.000000000000000000, -1.000000000000000000 ) ) ;
#316 = DESIGN_CONTEXT ( 'detailed design', #1098, 'design' ) ;
#317 = AXIS2_PLACEMENT_3D ( 'NONE', #2072, #945, #302 ) ;
#318 = EDGE_CURVE ( 'NONE', #999, #1107, #1466, .T. ) ;
#319 = CARTESIAN_POINT ( 'NONE',  ( 5.999999999999995559, 34.49999999999999289, -14.40105817143579792 ) ) ;
#320 = ORIENTED_EDGE ( 'NONE', *, *, #1126, .F. ) ;
#321 = AXIS2_PLACEMENT_3D ( 'NONE', #489, #2724, #2084 ) ;
#322 = DIRECTION ( 'NONE',  ( -5.782411586589359857E-17, 0.000000000000000000, -1.000000000000000000 ) ) ;
#323 = ADVANCED_FACE ( 'NONE', ( #1667 ), #2565, .F. ) ;
#324 = APPLICATION_PROTOCOL_DEFINITION ( 'international standard', 'config_control_design', 1994, #1136 ) ;
#325 = VECTOR ( 'NONE', #2886, 1000.000000000000000 ) ;
#326 = CARTESIAN_POINT ( 'NONE',  ( 17.00000000000000000, 15.75000000000000000, 12.50000000000000000 ) ) ;
#327 = PLANE ( 'NONE',  #1553 ) ;
#328 = ORIENTED_EDGE ( 'NONE', *, *, #1609, .T. ) ;
#329 = EDGE_CURVE ( 'NONE', #1884, #2612, #2352, .T. ) ;
#330 = CARTESIAN_POINT ( 'NONE',  ( -5.000000000000000000, 2.500000000000000000, -17.49999999999999645 ) ) ;
#331 = EDGE_LOOP ( 'NONE', ( #1359, #1236, #2875, #2848, #119, #146, #781, #1742, #334, #1278, #2817, #1733, #1399, #765 ) ) ;
#332 = VERTEX_POINT ( 'NONE', #2838 ) ;
#333 = CARTESIAN_POINT ( 'NONE',  ( 19.00000000000000000, 14.24999999999999112, -22.00000000000001066 ) ) ;
#334 = ORIENTED_EDGE ( 'NONE', *, *, #2263, .F. ) ;
#335 = ADVANCED_FACE ( 'NONE', ( #598 ), #2417, .F. ) ;
#336 = LINE ( 'NONE', #2120, #1878 ) ;
#337 = ORIENTED_EDGE ( 'NONE', *, *, #1623, .F. ) ;
#338 = APPROVAL_DATE_TIME ( #527, #1426 ) ;
#339 = CARTESIAN_POINT ( 'NONE',  ( 5.000000000000000000, 0.000000000000000000, 7.500000000000000000 ) ) ;
#340 = DIRECTION ( 'NONE',  ( 1.000000000000000000, -0.000000000000000000, -5.782411586589357392E-17 ) ) ;
#341 = ORIENTED_EDGE ( 'NONE', *, *, #1694, .T. ) ;
#342 = DIRECTION ( 'NONE',  ( 0.000000000000000000, 0.000000000000000000, -1.000000000000000000 ) ) ;
#343 = ORIENTED_EDGE ( 'NONE', *, *, #2511, .F. ) ;
#344 = VERTEX_POINT ( 'NONE', #2624 ) ;
#345 = ORIENTED_EDGE ( 'NONE', *, *, #140, .T. ) ;
#346 = DIRECTION ( 'NONE',  ( -1.000000000000000000, -0.000000000000000000, -0.000000000000000000 ) ) ;
#347 = ADVANCED_FACE ( 'NONE', ( #1959 ), #2638, .F. ) ;
#348 = ORIENTED_EDGE ( 'NONE', *, *, #1919, .F. ) ;
#349 = CARTESIAN_POINT ( 'NONE',  ( 19.00000000000000000, -1.250000000000006883, 19.50000000000000355 ) ) ;
#350 = VERTEX_POINT ( 'NONE', #2208 ) ;
#351 = SHAPE_DEFINITION_REPRESENTATION ( #459, #1185 ) ;
#352 = EDGE_CURVE ( 'NONE', #1880, #2715, #2449, .T. ) ;
#353 = EDGE_CURVE ( 'NONE', #1745, #204, #194, .T. ) ;
#354 = CARTESIAN_POINT ( 'NONE',  ( 0.000000000000000000, -4.250000000000000000, 0.000000000000000000 ) ) ;
#355 = DIRECTION ( 'NONE',  ( 0.000000000000000000, 1.000000000000000000, 0.000000000000000000 ) ) ;
#356 = EDGE_CURVE ( 'NONE', #2539, #2435, #1496, .T. ) ;
#357 = VECTOR ( 'NONE', #1193, 1000.000000000000000 ) ;
#358 = EDGE_LOOP ( 'NONE', ( #2793, #164 ) ) ;
#359 = CARTESIAN_POINT ( 'NONE',  ( -7.499999999999999112, 24.99999999999999645, 4.499999999999996447 ) ) ;
#360 = VECTOR ( 'NONE', #1839, 1000.000000000000000 ) ;
#361 = ORIENTED_EDGE ( 'NONE', *, *, #936, .T. ) ;
#362 = ORIENTED_EDGE ( 'NONE', *, *, #2798, .F. ) ;
#363 = PLANE ( 'NONE',  #309 ) ;
#364 = CARTESIAN_POINT ( 'NONE',  ( 17.00000000000000000, 9.921572875253810153, 22.50000000000000000 ) ) ;
#365 = CC_DESIGN_APPROVAL ( #2680, ( #1332 ) ) ;
#366 = ORIENTED_EDGE ( 'NONE', *, *, #1360, .T. ) ;
#367 = CARTESIAN_POINT ( 'NONE',  ( 19.00000000000000000, -4.250000000000000000, -22.50000000000000000 ) ) ;
#368 = VERTEX_POINT ( 'NONE', #427 ) ;
#369 = ADVANCED_FACE ( 'NONE', ( #2854 ), #1081, .T. ) ;
#370 = VECTOR ( 'NONE', #2195, 1000.000000000000000 ) ;
#371 = VECTOR ( 'NONE', #340, 1000.000000000000000 ) ;
#372 = CARTESIAN_POINT ( 'NONE',  ( 4.500000000000000000, 34.49999999999999289, 14.40105817143579614 ) ) ;
#373 = FACE_OUTER_BOUND ( 'NONE', #1077, .T. ) ;
#374 = APPROVAL_PERSON_ORGANIZATION ( #1425, #1939, #1673 ) ;
#375 = ORIENTED_EDGE ( 'NONE', *, *, #1073, .F. ) ;
#376 = AXIS2_PLACEMENT_3D ( 'NONE', #150, #1043, #1721 ) ;
#377 = CYLINDRICAL_SURFACE ( 'NONE', #2333, 2.000000000000000000 ) ;
#378 = CARTESIAN_POINT ( 'NONE',  ( 1.836970198721030181E-16, -4.250000000000000000, -1.500000000000000222 ) ) ;
#379 = ADVANCED_FACE ( 'NONE', ( #2179 ), #1527, .F. ) ;
#380 = EDGE_LOOP ( 'NONE', ( #451, #2250, #1607, #2210 ) ) ;
#381 = VERTEX_POINT ( 'NONE', #629 ) ;
#382 = CARTESIAN_POINT ( 'NONE',  ( -5.000000000000000000, 0.000000000000000000, 7.500000000000000000 ) ) ;
#383 = CARTESIAN_POINT ( 'NONE',  ( -4.250000000000000000, 0.000000000000000000, 7.500000000000000000 ) ) ;
#384 = CARTESIAN_POINT ( 'NONE',  ( 19.00000000000000000, 15.75000000000000000, 22.50000000000000000 ) ) ;
#385 = ORIENTED_EDGE ( 'NONE', *, *, #936, .F. ) ;
#386 = LINE ( 'NONE', #1026, #1021 ) ;
#387 = ORIENTED_EDGE ( 'NONE', *, *, #2127, .F. ) ;
#388 = APPROVAL_DATE_TIME ( #1086, #1967 ) ;
#389 = CARTESIAN_POINT ( 'NONE',  ( 5.000000000000000000, 0.000000000000000000, -7.499999999999999112 ) ) ;
#390 = FACE_OUTER_BOUND ( 'NONE', #230, .T. ) ;
#391 = EDGE_CURVE ( 'NONE', #1890, #122, #617, .T. ) ;
#392 = VERTEX_POINT ( 'NONE', #1731 ) ;
#393 = DIRECTION ( 'NONE',  ( 0.000000000000000000, 0.000000000000000000, -1.000000000000000000 ) ) ;
#394 = LINE ( 'NONE', #1286, #2485 ) ;
#395 = EDGE_LOOP ( 'NONE', ( #466, #2357, #1019, #1706, #375, #1681, #403, #2035, #88, #1099 ) ) ;
#396 = EDGE_CURVE ( 'NONE', #306, #1139, #862, .T. ) ;
#397 = ORIENTED_EDGE ( 'NONE', *, *, #747, .F. ) ;
#398 = CC_DESIGN_PERSON_AND_ORGANIZATION_ASSIGNMENT ( #2457, #2613, ( #275 ) ) ;
#399 = LINE ( 'NONE', #645, #66 ) ;
#400 = SHAPE_REPRESENTATION ( 'arm', ( #698 ), #1353 ) ;
#401 = VERTEX_POINT ( 'NONE', #1760 ) ;
#402 = DIRECTION ( 'NONE',  ( 0.000000000000000000, 0.000000000000000000, -1.000000000000000000 ) ) ;
#403 = ORIENTED_EDGE ( 'NONE', *, *, #1825, .F. ) ;
#404 = APPROVAL_DATE_TIME ( #417, #2863 ) ;
#405 = DIRECTION ( 'NONE',  ( 0.000000000000000000, -0.000000000000000000, -1.000000000000000000 ) ) ;
#406 = ORIENTED_EDGE ( 'NONE', *, *, #2643, .F. ) ;
#407 = DIRECTION ( 'NONE',  ( 0.000000000000000000, 1.000000000000000000, 0.000000000000000000 ) ) ;
#408 = DIRECTION ( 'NONE',  ( 0.000000000000000000, 0.000000000000000000, 1.000000000000000000 ) ) ;
#409 = EDGE_CURVE ( 'NONE', #1710, #566, #159, .T. ) ;
#410 = VECTOR ( 'NONE', #18, 1000.000000000000000 ) ;
#411 = ORIENTED_EDGE ( 'NONE', *, *, #318, .F. ) ;
#412 = VECTOR ( 'NONE', #1298, 1000.000000000000000 ) ;
#413 = DIRECTION ( 'NONE',  ( -0.000000000000000000, 5.782411586589358625E-16, 1.000000000000000000 ) ) ;
#414 = ORIENTED_EDGE ( 'NONE', *, *, #2263, .T. ) ;
#415 = CARTESIAN_POINT ( 'NONE',  ( -6.000000000000000000, 34.49999999999999289, 7.500000000000000000 ) ) ;
#416 = VERTEX_POINT ( 'NONE', #2652 ) ;
#417 = DATE_AND_TIME ( #1935, #782 ) ;
#418 = EDGE_CURVE ( 'NONE', #628, #122, #399, .T. ) ;
#419 = CARTESIAN_POINT ( 'NONE',  ( 15.00000000000000000, -4.250000000000000000, 4.250000000000000000 ) ) ;
#420 = VECTOR ( 'NONE', #658, 1000.000000000000000 ) ;
#421 = ORIENTED_EDGE ( 'NONE', *, *, #2265, .T. ) ;
#422 = DIRECTION ( 'NONE',  ( 0.000000000000000000, 0.000000000000000000, 1.000000000000000000 ) ) ;
#423 = AXIS2_PLACEMENT_3D ( 'NONE', #1197, #749, #312 ) ;
#424 = CIRCLE ( 'NONE', #192, 4.250000000000000000 ) ;
#425 = ORIENTED_EDGE ( 'NONE', *, *, #1761, .T. ) ;
#426 = ADVANCED_FACE ( 'NONE', ( #2223 ), #2191, .T. ) ;
#427 = CARTESIAN_POINT ( 'NONE',  ( 7.499999999999999112, 30.00000000000000000, -7.499999999999999112 ) ) ;
#428 = ORIENTED_EDGE ( 'NONE', *, *, #14, .F. ) ;
#429 = LINE ( 'NONE', #2086, #129 ) ;
#430 = CARTESIAN_POINT ( 'NONE',  ( 20.00000000000000000, 1.578427124746182741, 22.50000000000000000 ) ) ;
#431 = PERSON_AND_ORGANIZATION ( #500, #2062 ) ;
#432 = EDGE_CURVE ( 'NONE', #1531, #2178, #1777, .T. ) ;
#433 = DIRECTION ( 'NONE',  ( -5.782411586589358625E-17, 0.000000000000000000, -1.000000000000000000 ) ) ;
#434 = CARTESIAN_POINT ( 'NONE',  ( -7.499999999999999112, 30.00000000000000000, -7.499999999999998224 ) ) ;
#435 = EDGE_LOOP ( 'NONE', ( #1538, #1065, #1629, #1764 ) ) ;
#436 = CARTESIAN_POINT ( 'NONE',  ( 19.00000000000000000, 15.75000000000000000, -22.50000000000000000 ) ) ;
#437 = CARTESIAN_POINT ( 'NONE',  ( 6.250000000000000000, -4.250000000000000000, -1.000000000000000000 ) ) ;
#438 = ADVANCED_BREP_SHAPE_REPRESENTATION ( '', ( #990, #698 ), #467 ) ;
#439 = ORIENTED_EDGE ( 'NONE', *, *, #1919, .T. ) ;
#440 = CARTESIAN_POINT ( 'NONE',  ( -5.000000000000000000, 2.500000000000000000, -7.499999999999999112 ) ) ;
#441 = FACE_OUTER_BOUND ( 'NONE', #2459, .T. ) ;
#442 = ORIENTED_EDGE ( 'NONE', *, *, #2367, .F. ) ;
#443 = LINE ( 'NONE', #2258, #2163 ) ;
#444 = DIRECTION ( 'NONE',  ( 0.000000000000000000, 0.000000000000000000, 1.000000000000000000 ) ) ;
#445 = EDGE_LOOP ( 'NONE', ( #861, #2481 ) ) ;
#446 = ORIENTED_EDGE ( 'NONE', *, *, #2275, .F. ) ;
#447 = CARTESIAN_POINT ( 'NONE',  ( -5.999999999999996447, 34.49999999999999289, 4.499999999999997335 ) ) ;
#448 = ORIENTED_EDGE ( 'NONE', *, *, #1140, .T. ) ;
#449 = CARTESIAN_POINT ( 'NONE',  ( 0.000000000000000000, 4.250000000000000000, 4.250000000000000000 ) ) ;
#450 = AXIS2_PLACEMENT_3D ( 'NONE', #2368, #1217, #2592 ) ;
#451 = ORIENTED_EDGE ( 'NONE', *, *, #2383, .F. ) ;
#452 = CARTESIAN_POINT ( 'NONE',  ( 7.500000000000000000, 30.00000000000000000, 7.499999999999999112 ) ) ;
#453 = AXIS2_PLACEMENT_3D ( 'NONE', #702, #22, #725 ) ;
#454 = AXIS2_PLACEMENT_3D ( 'NONE', #384, #1922, #1705 ) ;
#455 = CARTESIAN_POINT ( 'NONE',  ( 5.000000000000000000, 2.500000000000000000, -7.499999999999999112 ) ) ;
#456 = APPROVAL_DATE_TIME ( #1115, #183 ) ;
#457 = CARTESIAN_POINT ( 'NONE',  ( 0.000000000000000000, 0.000000000000000000, -7.500000000000000000 ) ) ;
#458 = APPROVAL ( #912, 'UNSPECIFIED' ) ;
#459 = PRODUCT_DEFINITION_SHAPE ( 'NONE', 'NONE',  #1625 ) ;
#460 = LOCAL_TIME ( 15, 10, 18.00000000000000000, #2858 ) ;
#461 = ORIENTED_EDGE ( 'NONE', *, *, #1924, .T. ) ;
#462 = LINE ( 'NONE', #1122, #498 ) ;
#463 = ORIENTED_EDGE ( 'NONE', *, *, #2149, .T. ) ;
#464 = FACE_OUTER_BOUND ( 'NONE', #2016, .T. ) ;
#465 = VECTOR ( 'NONE', #1484, 1000.000000000000000 ) ;
#466 = ORIENTED_EDGE ( 'NONE', *, *, #1938, .F. ) ;
#467 =( GEOMETRIC_REPRESENTATION_CONTEXT ( 3 ) GLOBAL_UNCERTAINTY_ASSIGNED_CONTEXT ( ( #1910 ) ) GLOBAL_UNIT_ASSIGNED_CONTEXT ( ( #2468, #1351, #715 ) ) REPRESENTATION_CONTEXT ( 'NONE', 'WORKASPACE' ) );
#468 = ADVANCED_FACE ( 'NONE', ( #1563 ), #363, .F. ) ;
#469 = CARTESIAN_POINT ( 'NONE',  ( 19.00000000000000000, 15.75000000000000000, 22.50000000000000000 ) ) ;
#470 = AXIS2_PLACEMENT_3D ( 'NONE', #526, #1010, #1671 ) ;
#471 = FACE_BOUND ( 'NONE', #162, .T. ) ;
#472 = DIRECTION ( 'NONE',  ( 0.000000000000000000, -0.000000000000000000, -1.000000000000000000 ) ) ;
#473 = DIRECTION ( 'NONE',  ( 1.000000000000000000, 0.000000000000000000, 0.000000000000000000 ) ) ;
#474 = CARTESIAN_POINT ( 'NONE',  ( -1.459839055949154307, -3.992205334990929444, 0.3964019777893326713 ) ) ;
#475 = CARTESIAN_POINT ( 'NONE',  ( 6.250000000000000000, -4.250000000000000000, -1.000000000000000000 ) ) ;
#476 = ORIENTED_EDGE ( 'NONE', *, *, #565, .T. ) ;
#477 = PLANE ( 'NONE',  #2708 ) ;
#478 = EDGE_CURVE ( 'NONE', #1695, #2363, #1141, .T. ) ;
#479 = EDGE_CURVE ( 'NONE', #536, #1048, #960, .T. ) ;
#480 = ORIENTED_EDGE ( 'NONE', *, *, #2807, .F. ) ;
#481 = CARTESIAN_POINT ( 'NONE',  ( -0.3957714414293408423, 4.235454407946315669, -1.460003074995610772 ) ) ;
#482 = EDGE_CURVE ( 'NONE', #1789, #1168, #1574, .T. ) ;
#483 = LINE ( 'NONE', #1131, #1382 ) ;
#484 = EDGE_CURVE ( 'NONE', #1371, #2504, #219, .T. ) ;
#485 = CARTESIAN_POINT ( 'NONE',  ( 7.500000000000000000, 30.00000000000000000, 7.499999999999999112 ) ) ;
#486 = DIRECTION ( 'NONE',  ( -0.000000000000000000, -0.000000000000000000, 1.000000000000000000 ) ) ;
#487 = LINE ( 'NONE', #2261, #1157 ) ;
#488 = VERTEX_POINT ( 'NONE', #469 ) ;
#489 = CARTESIAN_POINT ( 'NONE',  ( 15.00000000000000000, 14.24999999999998579, 21.00000000000000711 ) ) ;
#490 = VERTEX_POINT ( 'NONE', #2473 ) ;
#491 = EDGE_CURVE ( 'NONE', #2785, #1316, #673, .T. ) ;
#492 = LINE ( 'NONE', #1624, #973 ) ;
#493 = CARTESIAN_POINT ( 'NONE',  ( -1.451405909181833209, 3.994539925609501552, 0.3914176131064656672 ) ) ;
#494 = DIRECTION ( 'NONE',  ( 0.000000000000000000, 0.000000000000000000, 1.000000000000000000 ) ) ;
#495 = CARTESIAN_POINT ( 'NONE',  ( 0.000000000000000000, 11.00000000000000000, 10.15685424949237969 ) ) ;
#496 = VECTOR ( 'NONE', #1818, 1000.000000000000000 ) ;
#497 = LINE ( 'NONE', #2555, #1831 ) ;
#498 = VECTOR ( 'NONE', #1137, 1000.000000000000000 ) ;
#499 = CARTESIAN_POINT ( 'NONE',  ( -0.9167408008037524203, -4.150770031016107531, -1.191249333240707031 ) ) ;
#500 = PERSON ( 'NAUO-PER1', 'UNSPECIFIED', 'UNSPECIFIED', ('UNSPECIFIED'), ('UNSPECIFIED'), ('UNSPECIFIED') ) ;
#501 = FACE_OUTER_BOUND ( 'NONE', #395, .T. ) ;
#502 = VERTEX_POINT ( 'NONE', #452 ) ;
#503 = CARTESIAN_POINT ( 'NONE',  ( 7.500000000000000000, 0.000000000000000000, 7.499999999999999112 ) ) ;
#504 = ORIENTED_EDGE ( 'NONE', *, *, #775, .T. ) ;
#505 = AXIS2_PLACEMENT_3D ( 'NONE', #2602, #1047, #1956 ) ;
#506 = CARTESIAN_POINT ( 'NONE',  ( 4.250000000000000000, 5.204748896376250699E-16, 7.500000000000000000 ) ) ;
#507 = LOCAL_TIME ( 15, 10, 18.00000000000000000, #1900 ) ;
#508 = EDGE_CURVE ( 'NONE', #1800, #2554, #1015, .T. ) ;
#509 = LINE ( 'NONE', #1848, #1578 ) ;
#510 = LOCAL_TIME ( 15, 10, 18.00000000000000000, #899 ) ;
#511 = LINE ( 'NONE', #61, #1339 ) ;
#512 = EDGE_CURVE ( 'NONE', #2628, #1083, #2484, .T. ) ;
#513 = CIRCLE ( 'NONE', #376, 2.000000000000000000 ) ;
#514 = EDGE_LOOP ( 'NONE', ( #2623, #843, #425, #669 ) ) ;
#515 = FACE_OUTER_BOUND ( 'NONE', #2006, .T. ) ;
#516 = CALENDAR_DATE ( 2026, 19, 6 ) ;
#517 = CYLINDRICAL_SURFACE ( 'NONE', #267, 3.000000000000000000 ) ;
#518 = DIRECTION ( 'NONE',  ( 1.000000000000000000, -0.000000000000000000, -0.000000000000000000 ) ) ;
#519 = CARTESIAN_POINT ( 'NONE',  ( 19.00000000000000000, -4.250000000000000000, 19.50000000000000355 ) ) ;
#520 = ORIENTED_EDGE ( 'NONE', *, *, #2206, .T. ) ;
#521 = CARTESIAN_POINT ( 'NONE',  ( 19.00000000000000000, 15.75000000000000000, 22.50000000000000000 ) ) ;
#522 = ORIENTED_EDGE ( 'NONE', *, *, #27, .T. ) ;
#523 = EDGE_LOOP ( 'NONE', ( #1464, #2759 ) ) ;
#524 = DIRECTION ( 'NONE',  ( 1.000000000000000000, 0.000000000000000000, 0.000000000000000000 ) ) ;
#525 = ORIENTED_EDGE ( 'NONE', *, *, #753, .F. ) ;
#526 = CARTESIAN_POINT ( 'NONE',  ( 20.00000000000000000, -1.928037923210731615E-14, 16.67157287525379417 ) ) ;
#527 = DATE_AND_TIME ( #2733, #2106 ) ;
#528 = DIRECTION ( 'NONE',  ( 1.000000000000000000, 0.000000000000000000, 0.000000000000000000 ) ) ;
#529 = DIRECTION ( 'NONE',  ( -1.000000000000000000, 0.000000000000000000, 5.782411586589358625E-17 ) ) ;
#530 = ORIENTED_EDGE ( 'NONE', *, *, #1215, .F. ) ;
#531 = CARTESIAN_POINT ( 'NONE',  ( 17.00000000000000000, 15.75000000000000000, -16.67157287525380838 ) ) ;
#532 = ORIENTED_EDGE ( 'NONE', *, *, #2741, .T. ) ;
#533 = PLANE ( 'NONE',  #2192 ) ;
#534 = LINE ( 'NONE', #319, #2285 ) ;
#535 = AXIS2_PLACEMENT_3D ( 'NONE', #2466, #2240, #819 ) ;
#536 = VERTEX_POINT ( 'NONE', #2266 ) ;
#537 = CARTESIAN_POINT ( 'NONE',  ( -4.250000000000000000, -2.750000000000014211, 21.00000000000000000 ) ) ;
#538 = COORDINATED_UNIVERSAL_TIME_OFFSET ( 9, 0, .AHEAD. ) ;
#539 = EDGE_CURVE ( 'NONE', #416, #2452, #722, .T. ) ;
#540 = AXIS2_PLACEMENT_3D ( 'NONE', #475, #1367, #2271 ) ;
#541 = FACE_OUTER_BOUND ( 'NONE', #1540, .T. ) ;
#542 = DIRECTION ( 'NONE',  ( 0.000000000000000000, -1.000000000000000000, -1.445602896647339656E-16 ) ) ;
#543 = ORIENTED_EDGE ( 'NONE', *, *, #152, .F. ) ;
#544 = DIRECTION ( 'NONE',  ( 1.000000000000000000, 0.000000000000000000, 0.000000000000000000 ) ) ;
#545 = AXIS2_PLACEMENT_3D ( 'NONE', #354, #953, #1854 ) ;
#546 = ORIENTED_EDGE ( 'NONE', *, *, #972, .F. ) ;
#547 = ORIENTED_EDGE ( 'NONE', *, *, #955, .T. ) ;
#548 = ADVANCED_FACE ( 'NONE', ( #2463 ), #918, .F. ) ;
#549 = LOCAL_TIME ( 15, 10, 18.00000000000000000, #2135 ) ;
#550 = CARTESIAN_POINT ( 'NONE',  ( -4.250000000000000000, 14.24999999999998579, 21.00000000000000711 ) ) ;
#551 = DESIGN_CONTEXT ( 'detailed design', #1136, 'design' ) ;
#552 = AXIS2_PLACEMENT_3D ( 'NONE', #1984, #632, #864 ) ;
#553 = CARTESIAN_POINT ( 'NONE',  ( 15.00000000000000178, 15.75000000000000000, -12.50000000000000000 ) ) ;
#554 = ORIENTED_EDGE ( 'NONE', *, *, #1917, .F. ) ;
#555 = VECTOR ( 'NONE', #2482, 1000.000000000000000 ) ;
#556 = FACE_OUTER_BOUND ( 'NONE', #1582, .T. ) ;
#557 = VERTEX_POINT ( 'NONE', #2059 ) ;
#558 = DATE_AND_TIME ( #769, #2400 ) ;
#559 = VECTOR ( 'NONE', #1068, 1000.000000000000000 ) ;
#560 = DIRECTION ( 'NONE',  ( 0.000000000000000000, 0.000000000000000000, -1.000000000000000000 ) ) ;
#561 = CARTESIAN_POINT ( 'NONE',  ( 4.250000000000000000, -4.250000000000000000, -1.000000000000000000 ) ) ;
#562 = EDGE_LOOP ( 'NONE', ( #2528, #2201 ) ) ;
#563 = LINE ( 'NONE', #1879, #651 ) ;
#564 = EDGE_CURVE ( 'NONE', #2577, #1259, #2604, .T. ) ;
#565 = EDGE_CURVE ( 'NONE', #566, #1791, #1387, .T. ) ;
#566 = VERTEX_POINT ( 'NONE', #49 ) ;
#567 = ORIENTED_EDGE ( 'NONE', *, *, #2798, .T. ) ;
#568 = EDGE_CURVE ( 'NONE', #1493, #2428, #511, .T. ) ;
#569 = PLANE ( 'NONE',  #62 ) ;
#570 = CARTESIAN_POINT ( 'NONE',  ( 7.499999999999999112, 30.00000000000000000, -4.499999999999999112 ) ) ;
#571 = ORIENTED_EDGE ( 'NONE', *, *, #2716, .F. ) ;
#572 = CARTESIAN_POINT ( 'NONE',  ( 17.00000000000000000, 0.2627755441334060915, 17.98722445586659191 ) ) ;
#573 = ORIENTED_EDGE ( 'NONE', *, *, #2280, .T. ) ;
#574 = APPLICATION_PROTOCOL_DEFINITION ( 'international standard', 'config_control_design', 1994, #2834 ) ;
#575 = CARTESIAN_POINT ( 'NONE',  ( 17.00000000000000000, 9.750000000000000000, 12.50000000000000178 ) ) ;
#576 = DIRECTION ( 'NONE',  ( -0.000000000000000000, 1.000000000000000000, -0.000000000000000000 ) ) ;
#577 = ORIENTED_EDGE ( 'NONE', *, *, #152, .T. ) ;
#578 = CARTESIAN_POINT ( 'NONE',  ( 7.500000000000000000, 30.00000000000000000, 7.499999999999999112 ) ) ;
#579 = ORIENTED_EDGE ( 'NONE', *, *, #1033, .F. ) ;
#580 = ORIENTED_EDGE ( 'NONE', *, *, #678, .F. ) ;
#581 = EDGE_CURVE ( 'NONE', #193, #1745, #908, .T. ) ;
#582 = APPROVAL ( #54, 'UNSPECIFIED' ) ;
#583 = FACE_OUTER_BOUND ( 'NONE', #2778, .T. ) ;
#584 = ORIENTED_EDGE ( 'NONE', *, *, #2367, .T. ) ;
#585 = CARTESIAN_POINT ( 'NONE',  ( 0.000000000000000000, 0.000000000000000000, 4.250000000000000000 ) ) ;
#586 = ORIENTED_EDGE ( 'NONE', *, *, #1696, .F. ) ;
#587 = CLOSED_SHELL ( 'NONE', ( #609, #1770, #808, #1231, #260, #2214, #2629, #1130, #766, #93, #724, #1998, #2543, #1752, #795, #106, #2650, #1903, #134, #217, #2859, #1082, #468, #1738, #2325, #115, #1335, #1778, #2862, #1337, #2130, #1183 ) ) ;
#588 = DIRECTION ( 'NONE',  ( 0.000000000000000000, -1.000000000000000000, 0.000000000000000000 ) ) ;
#589 = CARTESIAN_POINT ( 'NONE',  ( 7.499999999999999112, 13.00000000000000000, 4.499999999999998224 ) ) ;
#590 = AXIS2_PLACEMENT_3D ( 'NONE', #1022, #105, #2382 ) ;
#591 = VECTOR ( 'NONE', #125, 1000.000000000000000 ) ;
#592 = VERTEX_POINT ( 'NONE', #1143 ) ;
#593 = LINE ( 'NONE', #613, #879 ) ;
#594 = CARTESIAN_POINT ( 'NONE',  ( 20.00000000000000000, 9.921572875253795942, -5.737061795105824760E-15 ) ) ;
#595 = AXIS2_PLACEMENT_3D ( 'NONE', #746, #968, #2093 ) ;
#596 = ORIENTED_EDGE ( 'NONE', *, *, #2588, .T. ) ;
#597 = EDGE_LOOP ( 'NONE', ( #810, #547, #2401, #2205 ) ) ;
#598 = FACE_OUTER_BOUND ( 'NONE', #1152, .T. ) ;
#599 = CARTESIAN_POINT ( 'NONE',  ( 7.500000000000000000, 24.99999999999999645, 4.499999999999995559 ) ) ;
#600 = CC_DESIGN_APPROVAL ( #73, ( #1547 ) ) ;
#601 = ORIENTED_EDGE ( 'NONE', *, *, #1913, .T. ) ;
#602 = DIRECTION ( 'NONE',  ( 1.000000000000000000, 0.000000000000000000, 0.000000000000000000 ) ) ;
#603 = ORIENTED_EDGE ( 'NONE', *, *, #2529, .T. ) ;
#604 = AXIS2_PLACEMENT_3D ( 'NONE', #2508, #2727, #1386 ) ;
#605 = CALENDAR_DATE ( 2026, 19, 6 ) ;
#606 = AXIS2_PLACEMENT_3D ( 'NONE', #855, #1283, #168 ) ;
#607 = CARTESIAN_POINT ( 'NONE',  ( 15.00000000000000000, -4.250000000000000000, 4.250000000000000000 ) ) ;
#608 = LINE ( 'NONE', #1075, #2896 ) ;
#609 = ADVANCED_FACE ( 'NONE', ( #2278 ), #1177, .T. ) ;
#610 = CC_DESIGN_APPROVAL ( #458, ( #892 ) ) ;
#611 = CIRCLE ( 'NONE', #1405, 6.000000000000000000 ) ;
#612 = ORIENTED_EDGE ( 'NONE', *, *, #2550, .F. ) ;
#613 = CARTESIAN_POINT ( 'NONE',  ( 15.75000000000000000, 5.250000000000001776, -7.499999999999999112 ) ) ;
#614 = FACE_BOUND ( 'NONE', #2507, .T. ) ;
#615 = ORIENTED_EDGE ( 'NONE', *, *, #2172, .F. ) ;
#616 = ORIENTED_EDGE ( 'NONE', *, *, #565, .F. ) ;
#617 = LINE ( 'NONE', #1746, #263 ) ;
#618 = ORIENTED_EDGE ( 'NONE', *, *, #299, .F. ) ;
#619 = LINE ( 'NONE', #197, #559 ) ;
#620 = ORIENTED_EDGE ( 'NONE', *, *, #1289, .T. ) ;
#621 = DATE_TIME_ROLE ( 'classification_date' ) ;
#622 = EDGE_CURVE ( 'NONE', #1284, #1316, #1132, .T. ) ;
#623 = CARTESIAN_POINT ( 'NONE',  ( 19.00000000000000000, -2.750000000000014211, 20.00000000000000000 ) ) ;
#624 =( NAMED_UNIT ( * ) PLANE_ANGLE_UNIT ( ) SI_UNIT ( $, .RADIAN. ) );
#625 = ORIENTED_EDGE ( 'NONE', *, *, #1194, .F. ) ;
#626 = CARTESIAN_POINT ( 'NONE',  ( -4.499999999999999112, 34.49999999999999289, 7.500000000000000000 ) ) ;
#627 = CARTESIAN_POINT ( 'NONE',  ( 17.00000000000000000, 0.2627755441334115316, -17.98722445586658480 ) ) ;
#628 = VERTEX_POINT ( 'NONE', #1160 ) ;
#629 = CARTESIAN_POINT ( 'NONE',  ( 4.499999999999999112, 34.49999999999999289, 7.500000000000000000 ) ) ;
#630 = EDGE_CURVE ( 'NONE', #1710, #196, #2730, .T. ) ;
#631 = EDGE_LOOP ( 'NONE', ( #1508, #1114, #2771, #2446 ) ) ;
#632 = DIRECTION ( 'NONE',  ( -1.000000000000000000, 0.000000000000000000, 0.000000000000000000 ) ) ;
#633 = ORIENTED_EDGE ( 'NONE', *, *, #2349, .F. ) ;
#634 = CALENDAR_DATE ( 2026, 19, 6 ) ;
#635 = LINE ( 'NONE', #2873, #2100 ) ;
#636 = PLANE ( 'NONE',  #1892 ) ;
#637 = EDGE_CURVE ( 'NONE', #2222, #941, #1849, .T. ) ;
#638 = VERTEX_POINT ( 'NONE', #1410 ) ;
#639 = VECTOR ( 'NONE', #1550, 1000.000000000000000 ) ;
#640 = DIRECTION ( 'NONE',  ( -1.000000000000000000, 0.000000000000000000, 0.000000000000000000 ) ) ;
#641 = CARTESIAN_POINT ( 'NONE',  ( -7.499999999999999112, 30.00000000000000000, -4.499999999999998224 ) ) ;
#642 = AXIS2_PLACEMENT_3D ( 'NONE', #1498, #2180, #161 ) ;
#643 = ORIENTED_EDGE ( 'NONE', *, *, #1614, .F. ) ;
#644 = VECTOR ( 'NONE', #2619, 1000.000000000000000 ) ;
#645 = CARTESIAN_POINT ( 'NONE',  ( 19.00000000000000000, -4.250000000000000000, 22.50000000000000000 ) ) ;
#646 = EDGE_CURVE ( 'NONE', #2731, #2628, #1060, .T. ) ;
#647 = ORIENTED_EDGE ( 'NONE', *, *, #1428, .F. ) ;
#648 = LINE ( 'NONE', #1199, #1921 ) ;
#649 = VERTEX_POINT ( 'NONE', #1422 ) ;
#650 = PERSON_AND_ORGANIZATION_ROLE ( 'design_owner' ) ;
#651 = VECTOR ( 'NONE', #761, 1000.000000000000000 ) ;
#652 = SHAPE_REPRESENTATION ( 'Holder', ( #698 ), #467 ) ;
#653 = DIRECTION ( 'NONE',  ( -0.000000000000000000, -0.000000000000000000, 1.000000000000000000 ) ) ;
#654 = CARTESIAN_POINT ( 'NONE',  ( 15.00000000000000000, -4.250000000000000000, 22.50000000000000000 ) ) ;
#655 = ORIENTED_EDGE ( 'NONE', *, *, #1503, .T. ) ;
#656 = LINE ( 'NONE', #1325, #1585 ) ;
#657 = VECTOR ( 'NONE', #286, 1000.000000000000000 ) ;
#658 = DIRECTION ( 'NONE',  ( -0.000000000000000000, -0.000000000000000000, 1.000000000000000000 ) ) ;
#659 = AXIS2_PLACEMENT_3D ( 'NONE', #924, #1133, #2694 ) ;
#660 = VERTEX_POINT ( 'NONE', #2311 ) ;
#661 = EDGE_CURVE ( 'NONE', #490, #751, #923, .T. ) ;
#662 = DIRECTION ( 'NONE',  ( 1.000000000000000000, -0.000000000000000000, -0.000000000000000000 ) ) ;
#663 = EDGE_CURVE ( 'NONE', #2581, #1531, #239, .T. ) ;
#664 = CARTESIAN_POINT ( 'NONE',  ( 0.000000000000000000, -4.250000000000000000, 1.500000000000000222 ) ) ;
#665 = ORIENTED_EDGE ( 'NONE', *, *, #1200, .F. ) ;
#666 = PERSON_AND_ORGANIZATION ( #2409, #1348 ) ;
#667 = LINE ( 'NONE', #41, #792 ) ;
#668 = DIRECTION ( 'NONE',  ( 0.000000000000000000, 0.000000000000000000, 1.000000000000000000 ) ) ;
#669 = ORIENTED_EDGE ( 'NONE', *, *, #258, .F. ) ;
#670 = CARTESIAN_POINT ( 'NONE',  ( 0.000000000000000000, 0.000000000000000000, 0.000000000000000000 ) ) ;
#671 = LINE ( 'NONE', #2877, #2571 ) ;
#672 = ORIENTED_EDGE ( 'NONE', *, *, #2464, .F. ) ;
#673 = LINE ( 'NONE', #2292, #23 ) ;
#674 = EDGE_CURVE ( 'NONE', #502, #490, #1821, .T. ) ;
#675 = CC_DESIGN_PERSON_AND_ORGANIZATION_ASSIGNMENT ( #2281, #2027, ( #1625 ) ) ;
#676 = CARTESIAN_POINT ( 'NONE',  ( 4.500000000000000000, 30.00000000000000000, 4.499999999999999112 ) ) ;
#677 = CYLINDRICAL_SURFACE ( 'NONE', #659, 1.000000000000000888 ) ;
#678 = EDGE_CURVE ( 'NONE', #2472, #1791, #2775, .T. ) ;
#679 = ORIENTED_EDGE ( 'NONE', *, *, #1432, .T. ) ;
#680 = CARTESIAN_POINT ( 'NONE',  ( 2.000000000000000000, 11.00000000000000000, -4.499999999999999112 ) ) ;
#681 = CARTESIAN_POINT ( 'NONE',  ( 7.499999999999996447, 30.00000000000000000, 4.499999999999997335 ) ) ;
#682 = EDGE_LOOP ( 'NONE', ( #601, #1672, #625, #2248 ) ) ;
#683 = CARTESIAN_POINT ( 'NONE',  ( -0.1969519793128001184, 4.250000000000000000, -1.500000000000000666 ) ) ;
#684 = VECTOR ( 'NONE', #38, 1000.000000000000000 ) ;
#685 = CIRCLE ( 'NONE', #2885, 2.999999999999999112 ) ;
#686 = CARTESIAN_POINT ( 'NONE',  ( 4.250000000000000000, 4.250000000000000000, -1.000000000000000000 ) ) ;
#687 = CARTESIAN_POINT ( 'NONE',  ( 5.000000000000000000, 2.500000000000000000, 7.500000000000000000 ) ) ;
#688 = DIRECTION ( 'NONE',  ( 5.782411586589359857E-17, -5.782411586589359857E-17, 1.000000000000000000 ) ) ;
#689 = CARTESIAN_POINT ( 'NONE',  ( -1.309284332320729272, -4.044092320208243940, -0.7580280982776859133 ) ) ;
#690 = CC_DESIGN_APPROVAL ( #183, ( #2155 ) ) ;
#691 = EDGE_CURVE ( 'NONE', #1483, #2406, #2475, .T. ) ;
#692 = CARTESIAN_POINT ( 'NONE',  ( 17.00000000000000000, 9.750000000000000000, 12.50000000000000178 ) ) ;
#693 = VERTEX_POINT ( 'NONE', #1453 ) ;
#694 = CARTESIAN_POINT ( 'NONE',  ( -4.499999999999999112, 34.49999999999999289, 4.499999999999997335 ) ) ;
#696 = VECTOR ( 'NONE', #893, 1000.000000000000000 ) ;
#695 = CC_DESIGN_PERSON_AND_ORGANIZATION_ASSIGNMENT ( #431, #2389, ( #1975 ) ) ;
#697 = ORIENTED_EDGE ( 'NONE', *, *, #1792, .F. ) ;
#698 = AXIS2_PLACEMENT_3D ( 'NONE', #869, #1768, #2661 ) ;
#699 = CARTESIAN_POINT ( 'NONE',  ( -0.4867076719321457579, 4.223031117327479045, 1.422240219091334357 ) ) ;
#700 = AXIS2_PLACEMENT_3D ( 'NONE', #2792, #1687, #789 ) ;
#701 = DIRECTION ( 'NONE',  ( -5.782411586589359857E-17, 0.000000000000000000, -1.000000000000000000 ) ) ;
#702 = CARTESIAN_POINT ( 'NONE',  ( 2.602085213965211135E-16, 34.49999999999999289, 4.499999999999997335 ) ) ;
#703 = CARTESIAN_POINT ( 'NONE',  ( 19.00000000000000000, -2.750000000000014211, 21.00000000000000000 ) ) ;
#704 =( LENGTH_UNIT ( ) NAMED_UNIT ( * ) SI_UNIT ( .MILLI., .METRE. ) );
#705 = LINE ( 'NONE', #2080, #1296 ) ;
#706 = EDGE_CURVE ( 'NONE', #1526, #693, #981, .T. ) ;
#707 = PLANE ( 'NONE',  #2609 ) ;
#708 = ORIENTED_EDGE ( 'NONE', *, *, #2303, .T. ) ;
#709 = FACE_OUTER_BOUND ( 'NONE', #1105, .T. ) ;
#710 = EDGE_LOOP ( 'NONE', ( #1997, #2651 ) ) ;
#711 = DIRECTION ( 'NONE',  ( -0.000000000000000000, -0.000000000000000000, -1.000000000000000000 ) ) ;
#712 = CARTESIAN_POINT ( 'NONE',  ( -4.500000000000000000, 34.49999999999999289, -14.40105817143579792 ) ) ;
#713 = DIRECTION ( 'NONE',  ( -0.000000000000000000, 1.000000000000000000, -0.000000000000000000 ) ) ;
#714 = CARTESIAN_POINT ( 'NONE',  ( 0.000000000000000000, 11.00000000000000000, 4.499999999999999112 ) ) ;
#715 =( NAMED_UNIT ( * ) SI_UNIT ( $, .STERADIAN. ) SOLID_ANGLE_UNIT ( ) );
#716 = LINE ( 'NONE', #1135, #360 ) ;
#717 = CARTESIAN_POINT ( 'NONE',  ( 19.00000000000000000, -2.750000000000014211, 21.00000000000000000 ) ) ;
#718 = CARTESIAN_POINT ( 'NONE',  ( 0.000000000000000000, 4.250000000000000000, -1.500000000000000222 ) ) ;
#719 = EDGE_CURVE ( 'NONE', #1772, #1316, #1883, .T. ) ;
#720 = EDGE_LOOP ( 'NONE', ( #2833, #2424, #829, #1110, #2418, #1454 ) ) ;
#721 = CARTESIAN_POINT ( 'NONE',  ( 19.00000000000000000, -4.250000000000000000, 22.50000000000000000 ) ) ;
#722 = LINE ( 'NONE', #247, #410 ) ;
#723 = DIRECTION ( 'NONE',  ( -0.000000000000000000, 1.000000000000000000, -0.000000000000000000 ) ) ;
#724 = ADVANCED_FACE ( 'NONE', ( #764, #800, #2762 ), #1668, .T. ) ;
#725 = DIRECTION ( 'NONE',  ( -1.000000000000000000, 0.000000000000000000, 0.000000000000000000 ) ) ;
#726 = ORIENTED_EDGE ( 'NONE', *, *, #2574, .F. ) ;
#727 = LINE ( 'NONE', #2323, #1358 ) ;
#728 = SECURITY_CLASSIFICATION_LEVEL ( 'unclassified' ) ;
#729 = VECTOR ( 'NONE', #1918, 1000.000000000000000 ) ;
#730 = CARTESIAN_POINT ( 'NONE',  ( -0.9918133697465528753, -4.133270432399729799, -1.129562921222873051 ) ) ;
#731 = DIRECTION ( 'NONE',  ( 0.000000000000000000, -1.000000000000000000, 0.000000000000000000 ) ) ;
#732 = FACE_OUTER_BOUND ( 'NONE', #2415, .T. ) ;
#733 = LOCAL_TIME ( 15, 10, 18.00000000000000000, #1916 ) ;
#734 = VERTEX_POINT ( 'NONE', #2553 ) ;
#735 = VECTOR ( 'NONE', #1639, 1000.000000000000000 ) ;
#736 = DIRECTION ( 'NONE',  ( -1.000000000000000000, 0.000000000000000000, 0.000000000000000000 ) ) ;
#737 = AXIS2_PLACEMENT_3D ( 'NONE', #2828, #2200, #1323 ) ;
#738 = ORIENTED_EDGE ( 'NONE', *, *, #581, .T. ) ;
#739 = FACE_OUTER_BOUND ( 'NONE', #285, .T. ) ;
#740 = LOCAL_TIME ( 15, 10, 18.00000000000000000, #252 ) ;
#741 = DIRECTION ( 'NONE',  ( 0.000000000000000000, -1.000000000000000000, 0.000000000000000000 ) ) ;
#742 = AXIS2_PLACEMENT_3D ( 'NONE', #1617, #1602, #2674 ) ;
#743 = EDGE_LOOP ( 'NONE', ( #1234, #2112, #2002, #573 ) ) ;
#744 = FACE_OUTER_BOUND ( 'NONE', #1271, .T. ) ;
#745 = DATE_TIME_ROLE ( 'creation_date' ) ;
#746 = CARTESIAN_POINT ( 'NONE',  ( 17.00000000000000000, 0.000000000000000000, 0.000000000000000000 ) ) ;
#747 = EDGE_CURVE ( 'NONE', #103, #2686, #2608, .T. ) ;
#748 = DIRECTION ( 'NONE',  ( -0.000000000000000000, -1.000000000000000000, -0.000000000000000000 ) ) ;
#749 = DIRECTION ( 'NONE',  ( 0.000000000000000000, 0.000000000000000000, -1.000000000000000000 ) ) ;
#750 = DIRECTION ( 'NONE',  ( 1.000000000000000000, 0.000000000000000000, 0.000000000000000000 ) ) ;
#751 = VERTEX_POINT ( 'NONE', #599 ) ;
#752 = CARTESIAN_POINT ( 'NONE',  ( 4.250000000000000000, -4.250000000000000000, -1.000000000000000000 ) ) ;
#753 = EDGE_CURVE ( 'NONE', #1067, #1178, #534, .T. ) ;
#754 = DIRECTION ( 'NONE',  ( 0.000000000000000000, 1.000000000000000000, 0.000000000000000000 ) ) ;
#755 = ORIENTED_EDGE ( 'NONE', *, *, #1863, .T. ) ;
#756 = FACE_OUTER_BOUND ( 'NONE', #47, .T. ) ;
#757 = PERSON_AND_ORGANIZATION ( #1488, #1403 ) ;
#758 = CARTESIAN_POINT ( 'NONE',  ( -5.000000000000000000, 2.500000000000000000, 17.50000000000000000 ) ) ;
#759 = CARTESIAN_POINT ( 'NONE',  ( 15.00000000000000000, 4.250000000000000000, -1.000000000000000000 ) ) ;
#760 = EDGE_CURVE ( 'NONE', #904, #1890, #1698, .T. ) ;
#761 = DIRECTION ( 'NONE',  ( 0.000000000000000000, 0.000000000000000000, -1.000000000000000000 ) ) ;
#762 = ORIENTED_EDGE ( 'NONE', *, *, #1001, .F. ) ;
#763 = DIRECTION ( 'NONE',  ( 1.000000000000000000, 0.000000000000000000, 0.000000000000000000 ) ) ;
#764 = FACE_OUTER_BOUND ( 'NONE', #1020, .T. ) ;
#765 = ORIENTED_EDGE ( 'NONE', *, *, #1562, .T. ) ;
#766 = ADVANCED_FACE ( 'NONE', ( #1946 ), #1437, .F. ) ;
#767 = DIRECTION ( 'NONE',  ( -0.000000000000000000, -1.000000000000000000, -0.000000000000000000 ) ) ;
#768 = ORIENTED_EDGE ( 'NONE', *, *, #1194, .T. ) ;
#769 = CALENDAR_DATE ( 2026, 19, 6 ) ;
#770 = VECTOR ( 'NONE', #280, 1000.000000000000000 ) ;
#771 = EDGE_CURVE ( 'NONE', #332, #1412, #116, .T. ) ;
#772 = VECTOR ( 'NONE', #2233, 1000.000000000000000 ) ;
#773 = CARTESIAN_POINT ( 'NONE',  ( 17.00000000000000000, 15.75000000000000000, -16.67157287525380838 ) ) ;
#774 = CARTESIAN_POINT ( 'NONE',  ( 7.499999999999999112, 0.000000000000000000, -7.499999999999999112 ) ) ;
#775 = EDGE_CURVE ( 'NONE', #2472, #2581, #107, .T. ) ;
#776 = VERTEX_POINT ( 'NONE', #2790 ) ;
#777 = CC_DESIGN_DATE_AND_TIME_ASSIGNMENT ( #2630, #621, ( #2614 ) ) ;
#778 = FACE_BOUND ( 'NONE', #2399, .T. ) ;
#779 = ORIENTED_EDGE ( 'NONE', *, *, #90, .F. ) ;
#780 = ORIENTED_EDGE ( 'NONE', *, *, #1216, .T. ) ;
#781 = ORIENTED_EDGE ( 'NONE', *, *, #2047, .F. ) ;
#782 = LOCAL_TIME ( 15, 10, 18.00000000000000000, #820 ) ;
#783 = CYLINDRICAL_SURFACE ( 'NONE', #2653, 1.000000000000000888 ) ;
#784 = VECTOR ( 'NONE', #1596, 1000.000000000000000 ) ;
#785 = PRODUCT_DEFINITION_SHAPE ( 'NONE', 'NONE',  #1332 ) ;
#786 = CARTESIAN_POINT ( 'NONE',  ( -2.000000000000000000, 11.00000000000000000, 4.499999999999999112 ) ) ;
#787 = VERTEX_POINT ( 'NONE', #786 ) ;
#788 = AXIS2_PLACEMENT_3D ( 'NONE', #2375, #2109, #1474 ) ;
#789 = DIRECTION ( 'NONE',  ( 1.000000000000000000, 0.000000000000000000, 0.000000000000000000 ) ) ;
#790 = VERTEX_POINT ( 'NONE', #570 ) ;
#791 = DATE_TIME_ROLE ( 'classification_date' ) ;
#792 = VECTOR ( 'NONE', #2229, 1000.000000000000000 ) ;
#793 = CARTESIAN_POINT ( 'NONE',  ( 15.00000000000000000, 4.250000000000000000, 4.250000000000000000 ) ) ;
#794 = FACE_OUTER_BOUND ( 'NONE', #2590, .T. ) ;
#795 = ADVANCED_FACE ( 'NONE', ( #1467 ), #2369, .T. ) ;
#796 = ORIENTED_EDGE ( 'NONE', *, *, #816, .T. ) ;
#797 = LINE ( 'NONE', #974, #1349 ) ;
#798 = ORIENTED_EDGE ( 'NONE', *, *, #1247, .T. ) ;
#799 = DIRECTION ( 'NONE',  ( 1.000000000000000000, -0.000000000000000000, -5.782411586589359857E-17 ) ) ;
#800 = FACE_BOUND ( 'NONE', #1747, .T. ) ;
#801 = ORIENTED_EDGE ( 'NONE', *, *, #1609, .F. ) ;
#802 = CARTESIAN_POINT ( 'NONE',  ( 17.75959179422654444, 12.31144947312907512, 19.06144947312907689 ) ) ;
#803 = ORIENTED_EDGE ( 'NONE', *, *, #1961, .F. ) ;
#804 = ITEM_DEFINED_TRANSFORMATION ( 'NONE', 'NONE', #2802,  #698 ) ;
#805 = CARTESIAN_POINT ( 'NONE',  ( 15.00000000000000000, 4.250000000000000000, 4.250000000000000000 ) ) ;
#806 = CYLINDRICAL_SURFACE ( 'NONE', #788, 1.000000000000000888 ) ;
#807 = ORIENTED_EDGE ( 'NONE', *, *, #2643, .T. ) ;
#808 = ADVANCED_FACE ( 'NONE', ( #1960 ), #2840, .F. ) ;
#809 = DIRECTION ( 'NONE',  ( 0.000000000000000000, -5.782411586589358625E-16, -1.000000000000000000 ) ) ;
#810 = ORIENTED_EDGE ( 'NONE', *, *, #994, .T. ) ;
#811 = CC_DESIGN_DATE_AND_TIME_ASSIGNMENT ( #2358, #745, ( #1332 ) ) ;
#812 = ORIENTED_EDGE ( 'NONE', *, *, #409, .T. ) ;
#813 = DIRECTION ( 'NONE',  ( -0.000000000000000000, -0.000000000000000000, -1.000000000000000000 ) ) ;
#814 = EDGE_CURVE ( 'NONE', #734, #1782, #832, .T. ) ;
#815 = DIRECTION ( 'NONE',  ( 0.000000000000000000, 0.000000000000000000, -1.000000000000000000 ) ) ;
#816 = EDGE_CURVE ( 'NONE', #638, #2103, #2625, .T. ) ;
#817 = ORIENTED_EDGE ( 'NONE', *, *, #2083, .F. ) ;
#818 = FACE_OUTER_BOUND ( 'NONE', #198, .T. ) ;
#819 = DIRECTION ( 'NONE',  ( 1.000000000000000000, 0.000000000000000000, -0.000000000000000000 ) ) ;
#820 = COORDINATED_UNIVERSAL_TIME_OFFSET ( 9, 0, .AHEAD. ) ;
#821 = AXIS2_PLACEMENT_3D ( 'NONE', #1176, #1588, #35 ) ;
#822 = DIRECTION ( 'NONE',  ( 0.000000000000000000, 0.000000000000000000, 1.000000000000000000 ) ) ;
#823 = CARTESIAN_POINT ( 'NONE',  ( 15.00000000000000000, -2.749999999999992006, -22.00000000000001776 ) ) ;
#824 = VECTOR ( 'NONE', #472, 1000.000000000000000 ) ;
#825 = VECTOR ( 'NONE', #2601, 1000.000000000000000 ) ;
#826 = ORIENTED_EDGE ( 'NONE', *, *, #2038, .T. ) ;
#827 = CARTESIAN_POINT ( 'NONE',  ( -5.000000000000000000, 0.000000000000000000, 17.50000000000000000 ) ) ;
#828 = FACE_BOUND ( 'NONE', #2290, .T. ) ;
#829 = ORIENTED_EDGE ( 'NONE', *, *, #2523, .T. ) ;
#830 = ORIENTED_EDGE ( 'NONE', *, *, #1720, .F. ) ;
#831 = DIRECTION ( 'NONE',  ( -0.000000000000000000, -0.000000000000000000, -1.000000000000000000 ) ) ;
#832 = LINE ( 'NONE', #383, #1252 ) ;
#833 = APPROVAL_PERSON_ORGANIZATION ( #431, #1832, #1552 ) ;
#834 = VERTEX_POINT ( 'NONE', #1378 ) ;
#835 = DIRECTION ( 'NONE',  ( -0.000000000000000000, -0.000000000000000000, -1.000000000000000000 ) ) ;
#836 = ORIENTED_EDGE ( 'NONE', *, *, #160, .F. ) ;
#837 = VECTOR ( 'NONE', #845, 1000.000000000000000 ) ;
#838 = COORDINATED_UNIVERSAL_TIME_OFFSET ( 9, 0, .AHEAD. ) ;
#839 = VECTOR ( 'NONE', #1124, 1000.000000000000000 ) ;
#840 = CARTESIAN_POINT ( 'NONE',  ( 4.250000000000000000, -4.250000000000000000, 1.000000000000000000 ) ) ;
#841 = CARTESIAN_POINT ( 'NONE',  ( -7.500999999999998558, 13.00000000000000000, 4.499999999999999112 ) ) ;
#842 = VECTOR ( 'NONE', #1808, 1000.000000000000000 ) ;
#843 = ORIENTED_EDGE ( 'NONE', *, *, #1542, .T. ) ;
#844 = CARTESIAN_POINT ( 'NONE',  ( 19.00000000000000000, -2.749999999999992006, -22.00000000000001776 ) ) ;
#845 = DIRECTION ( 'NONE',  ( -1.000000000000000000, -0.000000000000000000, -0.000000000000000000 ) ) ;
#846 = EDGE_CURVE ( 'NONE', #2312, #2171, #1853, .T. ) ;
#847 = VERTEX_POINT ( 'NONE', #294 ) ;
#848 = DIRECTION ( 'NONE',  ( 0.000000000000000000, 2.891205793294678326E-16, -1.000000000000000000 ) ) ;
#849 = ORIENTED_EDGE ( 'NONE', *, *, #353, .F. ) ;
#850 = CARTESIAN_POINT ( 'NONE',  ( 17.00000000000000000, 9.921572875253811929, -22.50000000000000000 ) ) ;
#851 = CARTESIAN_POINT ( 'NONE',  ( 15.00000000000000178, 9.750000000000000000, -12.50000000000000178 ) ) ;
#852 = ADVANCED_FACE ( 'NONE', ( #55 ), #2752, .T. ) ;
#853 = SECURITY_CLASSIFICATION_LEVEL ( 'unclassified' ) ;
#854 = DIRECTION ( 'NONE',  ( 0.3162277660168379967, -0.9486832980505137680, 0.000000000000000000 ) ) ;
#855 = CARTESIAN_POINT ( 'NONE',  ( -5.000000000000000000, 2.500000000000000000, 7.500000000000000000 ) ) ;
#856 = ORIENTED_EDGE ( 'NONE', *, *, #1739, .T. ) ;
#857 = VECTOR ( 'NONE', #854, 1000.000000000000000 ) ;
#858 = DIRECTION ( 'NONE',  ( 0.000000000000000000, 1.000000000000000000, 0.000000000000000000 ) ) ;
#859 = LINE ( 'NONE', #1757, #885 ) ;
#860 = EDGE_CURVE ( 'NONE', #1513, #1782, #1862, .T. ) ;
#861 = ORIENTED_EDGE ( 'NONE', *, *, #19, .F. ) ;
#862 = LINE ( 'NONE', #2429, #2606 ) ;
#863 = ORIENTED_EDGE ( 'NONE', *, *, #432, .T. ) ;
#864 = DIRECTION ( 'NONE',  ( 0.000000000000000000, 0.000000000000000000, 1.000000000000000000 ) ) ;
#865 = VERTEX_POINT ( 'NONE', #283 ) ;
#866 = PERSON_AND_ORGANIZATION ( #1488, #1403 ) ;
#867 = ADVANCED_FACE ( 'NONE', ( #1649 ), #67, .F. ) ;
#868 = CARTESIAN_POINT ( 'NONE',  ( -5.000000000000000000, 0.000000000000000000, -17.49999999999999645 ) ) ;
#869 = CARTESIAN_POINT ( 'NONE',  ( 0.000000000000000000, 0.000000000000000000, 0.000000000000000000 ) ) ;
#870 = ADVANCED_FACE ( 'NONE', ( #1146 ), #517, .F. ) ;
#871 = ORIENTED_EDGE ( 'NONE', *, *, #2033, .F. ) ;
#872 = AXIS2_PLACEMENT_3D ( 'NONE', #2672, #1749, #2641 ) ;
#873 = LINE ( 'NONE', #1773, #1669 ) ;
#874 = VERTEX_POINT ( 'NONE', #2547 ) ;
#875 = DIRECTION ( 'NONE',  ( 1.000000000000000000, -0.000000000000000000, -0.000000000000000000 ) ) ;
#876 = VECTOR ( 'NONE', #2679, 1000.000000000000000 ) ;
#877 = EDGE_CURVE ( 'NONE', #2365, #1858, #952, .T. ) ;
#878 = ORIENTED_EDGE ( 'NONE', *, *, #1860, .F. ) ;
#879 = VECTOR ( 'NONE', #1756, 1000.000000000000114 ) ;
#880 = DIRECTION ( 'NONE',  ( -1.000000000000000000, 0.000000000000000000, 0.000000000000000000 ) ) ;
#881 = VECTOR ( 'NONE', #2199, 1000.000000000000000 ) ;
#882 = DIRECTION ( 'NONE',  ( 1.000000000000000000, -0.000000000000000000, -5.782411586589357392E-17 ) ) ;
#883 = ORIENTED_EDGE ( 'NONE', *, *, #1303, .F. ) ;
#884 = CALENDAR_DATE ( 2026, 19, 6 ) ;
#885 = VECTOR ( 'NONE', #1774, 1000.000000000000000 ) ;
#886 = APPROVAL_PERSON_ORGANIZATION ( #2122, #73, #1458 ) ;
#887 = FACE_OUTER_BOUND ( 'NONE', #2639, .T. ) ;
#888 = CARTESIAN_POINT ( 'NONE',  ( 0.000000000000000000, 0.000000000000000000, 0.000000000000000000 ) ) ;
#889 = ORIENTED_EDGE ( 'NONE', *, *, #2303, .F. ) ;
#890 = DIRECTION ( 'NONE',  ( 0.000000000000000000, 0.000000000000000000, 1.000000000000000000 ) ) ;
#891 = ORIENTED_EDGE ( 'NONE', *, *, #1462, .F. ) ;
#892 = PRODUCT_DEFINITION_FORMATION_WITH_SPECIFIED_SOURCE ( 'ANY', '', #9, .NOT_KNOWN. ) ;
#893 = DIRECTION ( 'NONE',  ( -0.000000000000000000, -0.000000000000000000, 1.000000000000000000 ) ) ;
#894 = CIRCLE ( 'NONE', #237, 1.000000000000000888 ) ;
#895 = DIRECTION ( 'NONE',  ( -0.000000000000000000, 1.000000000000000000, 2.891205793294678326E-16 ) ) ;
#896 = DIRECTION ( 'NONE',  ( 0.000000000000000000, 0.000000000000000000, -1.000000000000000000 ) ) ;
#897 = FACE_OUTER_BOUND ( 'NONE', #2220, .T. ) ;
#898 = CARTESIAN_POINT ( 'NONE',  ( 20.00000000000000000, 0.000000000000000000, -16.67157287525380838 ) ) ;
#899 = COORDINATED_UNIVERSAL_TIME_OFFSET ( 9, 0, .AHEAD. ) ;
#900 = VERTEX_POINT ( 'NONE', #1870 ) ;
#901 = CARTESIAN_POINT ( 'NONE',  ( 17.00000000000000000, 1.578427124746187182, -16.67157287525380838 ) ) ;
#902 = ORIENTED_EDGE ( 'NONE', *, *, #1739, .F. ) ;
#903 = PLANE ( 'NONE',  #190 ) ;
#904 = VERTEX_POINT ( 'NONE', #2735 ) ;
#905 = CARTESIAN_POINT ( 'NONE',  ( -0.9163811426780366087, 4.150852437580220489, -1.191538548164154276 ) ) ;
#906 = LINE ( 'NONE', #8, #1857 ) ;
#907 = EDGE_CURVE ( 'NONE', #1483, #536, #716, .T. ) ;
#908 = LINE ( 'NONE', #2297, #770 ) ;
#909 = EDGE_CURVE ( 'NONE', #1035, #1512, #705, .T. ) ;
#910 = CC_DESIGN_PERSON_AND_ORGANIZATION_ASSIGNMENT ( #1309, #1518, ( #1565 ) ) ;
#911 = DIRECTION ( 'NONE',  ( 0.000000000000000000, 0.000000000000000000, -1.000000000000000000 ) ) ;
#912 = APPROVAL_STATUS ( 'not_yet_approved' ) ;
#913 = CARTESIAN_POINT ( 'NONE',  ( 0.000000000000000000, -4.250000000000000000, -1.500000000000000222 ) ) ;
#914 = CARTESIAN_POINT ( 'NONE',  ( 0.000000000000000000, 2.500000000000000000, 0.000000000000000000 ) ) ;
#915 = LINE ( 'NONE', #256, #657 ) ;
#916 = AXIS2_PLACEMENT_3D ( 'NONE', #1408, #947, #1805 ) ;
#917 = ORIENTED_EDGE ( 'NONE', *, *, #663, .F. ) ;
#918 = CYLINDRICAL_SURFACE ( 'NONE', #1012, 1.000000000000000888 ) ;
#919 = AXIS2_PLACEMENT_3D ( 'NONE', #2402, #813, #1276 ) ;
#920 = CIRCLE ( 'NONE', #1253, 6.000000000000000000 ) ;
#921 = DIRECTION ( 'NONE',  ( -0.000000000000000000, -0.000000000000000000, 1.000000000000000000 ) ) ;
#922 = EDGE_CURVE ( 'NONE', #301, #1041, #2111, .T. ) ;
#923 = LINE ( 'NONE', #962, #1155 ) ;
#924 = CARTESIAN_POINT ( 'NONE',  ( -4.250000000000000000, 14.24999999999999112, -21.00000000000000711 ) ) ;
#925 = CARTESIAN_POINT ( 'NONE',  ( -0.1980737632648184032, -4.246477958724060642, 1.490101118716578465 ) ) ;
#926 = FACE_OUTER_BOUND ( 'NONE', #143, .T. ) ;
#927 = CARTESIAN_POINT ( 'NONE',  ( 0.000000000000000000, 4.250000000000000000, -4.250000000000000000 ) ) ;
#928 = AXIS2_PLACEMENT_3D ( 'NONE', #2891, #2620, #408 ) ;
#929 = ORIENTED_EDGE ( 'NONE', *, *, #706, .F. ) ;
#930 = VECTOR ( 'NONE', #1652, 1000.000000000000000 ) ;
#931 = ADVANCED_FACE ( 'NONE', ( #1947 ), #1499, .F. ) ;
#932 = DIRECTION ( 'NONE',  ( 0.000000000000000000, 0.000000000000000000, -1.000000000000000000 ) ) ;
#933 = AXIS2_PLACEMENT_3D ( 'NONE', #2611, #2165, #602 ) ;
#934 = PLANE ( 'NONE',  #2238 ) ;
#935 = COORDINATED_UNIVERSAL_TIME_OFFSET ( 9, 0, .AHEAD. ) ;
#936 = EDGE_CURVE ( 'NONE', #865, #2178, #635, .T. ) ;
#937 = DIRECTION ( 'NONE',  ( 0.000000000000000000, -1.000000000000000000, 0.000000000000000000 ) ) ;
#938 = DATE_AND_TIME ( #1145, #740 ) ;
#939 = DIRECTION ( 'NONE',  ( 0.000000000000000000, 5.782411586589358625E-16, 1.000000000000000000 ) ) ;
#940 = CARTESIAN_POINT ( 'NONE',  ( 4.250000000000000000, -4.250000000000000000, 1.000000000000000000 ) ) ;
#941 = VERTEX_POINT ( 'NONE', #951 ) ;
#942 = DIRECTION ( 'NONE',  ( 1.000000000000000000, 0.000000000000000000, 0.000000000000000000 ) ) ;
#943 = ORIENTED_EDGE ( 'NONE', *, *, #2763, .T. ) ;
#944 = ADVANCED_FACE ( 'NONE', ( #293, #89 ), #2425, .F. ) ;
#945 = DIRECTION ( 'NONE',  ( 0.000000000000000000, 0.000000000000000000, 1.000000000000000000 ) ) ;
#946 = CARTESIAN_POINT ( 'NONE',  ( -1.451388611340925117, 3.994545861094039196, -0.3913665513025991749 ) ) ;
#947 = DIRECTION ( 'NONE',  ( 0.000000000000000000, 0.000000000000000000, 1.000000000000000000 ) ) ;
#948 = VERTEX_POINT ( 'NONE', #844 ) ;
#949 = FACE_OUTER_BOUND ( 'NONE', #1861, .T. ) ;
#950 = APPROVAL_ROLE ( '' ) ;
#951 = CARTESIAN_POINT ( 'NONE',  ( 17.00000000000000000, 1.578427124746182741, 16.67157287525381193 ) ) ;
#952 = LINE ( 'NONE', #2722, #71 ) ;
#953 = DIRECTION ( 'NONE',  ( 0.000000000000000000, 1.000000000000000000, 0.000000000000000000 ) ) ;
#954 = DIRECTION ( 'NONE',  ( -0.000000000000000000, 0.000000000000000000, -1.000000000000000000 ) ) ;
#955 = EDGE_CURVE ( 'NONE', #2088, #1229, #1063, .T. ) ;
#956 = ORIENTED_EDGE ( 'NONE', *, *, #1216, .F. ) ;
#957 = CARTESIAN_POINT ( 'NONE',  ( 4.499999999999999112, 34.49999999999999289, -7.499999999999998224 ) ) ;
#958 = VECTOR ( 'NONE', #799, 1000.000000000000000 ) ;
#959 = EDGE_LOOP ( 'NONE', ( #1985, #2783, #1963, #1338 ) ) ;
#960 = CIRCLE ( 'NONE', #1487, 1.000000000000000888 ) ;
#961 = DIRECTION ( 'NONE',  ( -5.782411586589359857E-17, 0.000000000000000000, -1.000000000000000000 ) ) ;
#962 = CARTESIAN_POINT ( 'NONE',  ( 7.499999999999999112, 30.00000000000000000, 4.499999999999995559 ) ) ;
#963 = AXIS2_PLACEMENT_3D ( 'NONE', #1481, #1038, #815 ) ;
#964 = ORIENTED_EDGE ( 'NONE', *, *, #2453, .F. ) ;
#965 = DIRECTION ( 'NONE',  ( -1.000000000000000000, 0.000000000000000000, 0.000000000000000000 ) ) ;
#966 = PERSON_AND_ORGANIZATION_ROLE ( 'design_owner' ) ;
#967 = VECTOR ( 'NONE', #1581, 1000.000000000000000 ) ;
#968 = DIRECTION ( 'NONE',  ( 1.000000000000000000, -0.000000000000000000, 0.000000000000000000 ) ) ;
#969 = DIRECTION ( 'NONE',  ( 0.000000000000000000, 0.000000000000000000, 1.000000000000000000 ) ) ;
#970 = FACE_OUTER_BOUND ( 'NONE', #1570, .T. ) ;
#971 = ORIENTED_EDGE ( 'NONE', *, *, #512, .T. ) ;
#972 = EDGE_CURVE ( 'NONE', #196, #660, #1955, .T. ) ;
#973 = VECTOR ( 'NONE', #2023, 999.9999999999998863 ) ;
#974 = CARTESIAN_POINT ( 'NONE',  ( 5.999999999999999112, 34.49999999999999289, 14.40105817143579614 ) ) ;
#975 = ORIENTED_EDGE ( 'NONE', *, *, #1430, .T. ) ;
#976 = PRODUCT_RELATED_PRODUCT_CATEGORY ( 'detail', '', ( #9 ) ) ;
#977 = VECTOR ( 'NONE', #1722, 1000.000000000000000 ) ;
#978 = DIRECTION ( 'NONE',  ( -0.000000000000000000, 1.000000000000000000, -0.000000000000000000 ) ) ;
#979 = CC_DESIGN_APPROVAL ( #1939, ( #2534 ) ) ;
#980 = CIRCLE ( 'NONE', #2622, 6.000000000000000000 ) ;
#981 = LINE ( 'NONE', #1220, #1908 ) ;
#982 = ORIENTED_EDGE ( 'NONE', *, *, #637, .F. ) ;
#983 = EDGE_CURVE ( 'NONE', #628, #2600, #1973, .T. ) ;
#984 = CYLINDRICAL_SURFACE ( 'NONE', #39, 1.000000000000000888 ) ;
#985 = DATE_AND_TIME ( #516, #549 ) ;
#986 = DIRECTION ( 'NONE',  ( 5.782411586589359857E-17, -0.000000000000000000, 1.000000000000000000 ) ) ;
#987 = CARTESIAN_POINT ( 'NONE',  ( 19.00000000000000000, 14.24999999999999112, -21.00000000000000711 ) ) ;
#988 = ORIENTED_EDGE ( 'NONE', *, *, #1156, .T. ) ;
#989 = FACE_OUTER_BOUND ( 'NONE', #2232, .T. ) ;
#990 = MANIFOLD_SOLID_BREP ( 'Fillet1', #2691 ) ;
#991 = ORIENTED_EDGE ( 'NONE', *, *, #1751, .T. ) ;
#992 = CARTESIAN_POINT ( 'NONE',  ( -5.000000000000000000, 2.500000000000000000, 17.50000000000000000 ) ) ;
#993 = UNCERTAINTY_MEASURE_WITH_UNIT (LENGTH_MEASURE( 1.000000000000000082E-05 ), #1555, 'distance_accuracy_value', 'NONE');
#994 = EDGE_CURVE ( 'NONE', #787, #2088, #2478, .T. ) ;
#995 = CARTESIAN_POINT ( 'NONE',  ( 20.00000000000000000, -4.250000000000000000, -16.67157287525380838 ) ) ;
#996 = EDGE_CURVE ( 'NONE', #2372, #1880, #1078, .T. ) ;
#997 = ORIENTED_EDGE ( 'NONE', *, *, #1584, .T. ) ;
#998 = CYLINDRICAL_SURFACE ( 'NONE', #470, 2.999999999999999112 ) ;
#999 = VERTEX_POINT ( 'NONE', #1743 ) ;
#1000 = PERSON_AND_ORGANIZATION_ROLE ( 'creator' ) ;
#1001 = EDGE_CURVE ( 'NONE', #2675, #1745, #2173, .T. ) ;
#1002 = CC_DESIGN_DATE_AND_TIME_ASSIGNMENT ( #2843, #184, ( #1565 ) ) ;
#1003 = LINE ( 'NONE', #2557, #1389 ) ;
#1004 = PLANE ( 'NONE',  #2397 ) ;
#1005 = CARTESIAN_POINT ( 'NONE',  ( 6.250000000000000000, -4.250000000000000000, 1.000000000000000000 ) ) ;
#1006 = VERTEX_POINT ( 'NONE', #1725 ) ;
#1007 = CYLINDRICAL_SURFACE ( 'NONE', #1151, 4.499999999999999112 ) ;
#1008 = CARTESIAN_POINT ( 'NONE',  ( 4.500000000000000000, 0.000000000000000000, -4.499999999999999112 ) ) ;
#1009 = EDGE_LOOP ( 'NONE', ( #1032, #270, #2678, #361, #1275, #320, #2183, #2495, #154, #2522, #1188, #2190 ) ) ;
#1010 = DIRECTION ( 'NONE',  ( 0.000000000000000000, -1.000000000000000000, -1.156482317317873697E-15 ) ) ;
#1011 = APPROVAL_DATE_TIME ( #1237, #73 ) ;
#1012 = AXIS2_PLACEMENT_3D ( 'NONE', #1174, #2276, #1153 ) ;
#1013 = CIRCLE ( 'NONE', #1627, 1.000000000000000888 ) ;
#1014 = DIRECTION ( 'NONE',  ( 0.000000000000000000, 0.000000000000000000, -1.000000000000000000 ) ) ;
#1015 = B_SPLINE_CURVE_WITH_KNOTS ( 'NONE', 3,
 ( #1587, #2237, #2021, #1361, #699, #1793, #2046, #276, #1345, #1846, #493, #235, #2509, #2897, #1129, #946, #2036, #2728, #2496, #7, #905, #1803, #2690, #481, #683, #259 ),
 .UNSPECIFIED., .F., .F.,
 ( 4, 2, 2, 2, 2, 2, 2, 2, 2, 2, 2, 2, 4 ),
 ( 0.000000000000000000, 0.0002955059618456061434, 0.0005910119236912122868, 0.001182023847382424791, 0.001773035771073637077, 0.002068541732919243654, 0.002364047694764849581, 0.002659553656610455941, 0.002955059618456061868, 0.003546071542147273721, 0.003841577503992880081, 0.004137083465838485574, 0.004728095389529698295 ),
 .UNSPECIFIED. ) ;
#1016 = CARTESIAN_POINT ( 'NONE',  ( 15.00000000000000000, 14.24999999999999112, -22.00000000000001066 ) ) ;
#1017 = ORIENTED_EDGE ( 'NONE', *, *, #1033, .T. ) ;
#1018 = DIRECTION ( 'NONE',  ( -5.782411586589359857E-17, 0.000000000000000000, -1.000000000000000000 ) ) ;
#1019 = ORIENTED_EDGE ( 'NONE', *, *, #1682, .T. ) ;
#1020 = EDGE_LOOP ( 'NONE', ( #798, #1728, #233, #2332, #616, #2319, #2236, #2855, #2388, #1787, #2031, #1096 ) ) ;
#1021 = VECTOR ( 'NONE', #835, 1000.000000000000000 ) ;
#1022 = CARTESIAN_POINT ( 'NONE',  ( -2.602085213965213107E-16, 34.49999999999999289, -4.499999999999999112 ) ) ;
#1023 = CIRCLE ( 'NONE', #1636, 1.500000000000000222 ) ;
#1024 = ORIENTED_EDGE ( 'NONE', *, *, #479, .T. ) ;
#1025 = CC_DESIGN_SECURITY_CLASSIFICATION ( #2534, ( #892 ) ) ;
#1026 = CARTESIAN_POINT ( 'NONE',  ( -2.000000000000000000, 11.00000000000000000, 10.15685424949237969 ) ) ;
#1027 = EDGE_LOOP ( 'NONE', ( #655, #2287, #1307, #206, #100 ) ) ;
#1028 = PERSON_AND_ORGANIZATION ( #1488, #1403 ) ;
#1029 = EDGE_CURVE ( 'NONE', #1445, #1035, #1707, .T. ) ;
#1030 = CARTESIAN_POINT ( 'NONE',  ( 15.00000000000000000, 4.250000000000000000, -4.250000000000000000 ) ) ;
#1031 = DIRECTION ( 'NONE',  ( 0.000000000000000000, -1.445602896647339656E-16, 1.000000000000000000 ) ) ;
#1032 = ORIENTED_EDGE ( 'NONE', *, *, #264, .F. ) ;
#1033 = EDGE_CURVE ( 'NONE', #557, #368, #593, .T. ) ;
#1034 = LINE ( 'NONE', #330, #1926 ) ;
#1035 = VERTEX_POINT ( 'NONE', #1491 ) ;
#1036 = ORIENTED_EDGE ( 'NONE', *, *, #1759, .T. ) ;
#1037 = CARTESIAN_POINT ( 'NONE',  ( 19.00000000000000000, -4.250000000000000000, 22.50000000000000000 ) ) ;
#1038 = DIRECTION ( 'NONE',  ( 1.000000000000000000, -0.000000000000000000, 0.000000000000000000 ) ) ;
#1039 = EDGE_LOOP ( 'NONE', ( #366, #428, #1561, #1423 ) ) ;
#1040 = CARTESIAN_POINT ( 'NONE',  ( -5.999999999999996447, 34.49999999999999289, 7.500000000000000000 ) ) ;
#1041 = VERTEX_POINT ( 'NONE', #2460 ) ;
#1042 = CALENDAR_DATE ( 2026, 19, 6 ) ;
#1043 = DIRECTION ( 'NONE',  ( 0.000000000000000000, 0.000000000000000000, 1.000000000000000000 ) ) ;
#1044 = DIRECTION ( 'NONE',  ( -0.000000000000000000, -1.000000000000000000, -0.000000000000000000 ) ) ;
#1045 = ORIENTED_EDGE ( 'NONE', *, *, #907, .F. ) ;
#1046 = CARTESIAN_POINT ( 'NONE',  ( 19.00000000000000000, -4.250000000000000000, 22.50000000000000000 ) ) ;
#1047 = DIRECTION ( 'NONE',  ( 0.000000000000000000, 0.000000000000000000, -1.000000000000000000 ) ) ;
#1048 = VERTEX_POINT ( 'NONE', #203 ) ;
#1049 = EDGE_LOOP ( 'NONE', ( #1439, #182 ) ) ;
#1050 = CARTESIAN_POINT ( 'NONE',  ( 4.500000000000000000, 30.00000000000000000, -4.499999999999999112 ) ) ;
#1051 = CARTESIAN_POINT ( 'NONE',  ( 8.327284562965771150E-16, 34.49999999999999289, 14.40105817143579614 ) ) ;
#1052 = VECTOR ( 'NONE', #560, 1000.000000000000000 ) ;
#1053 = ORIENTED_EDGE ( 'NONE', *, *, #1029, .T. ) ;
#1054 = LINE ( 'NONE', #147, #1311 ) ;
#1055 = LINE ( 'NONE', #851, #639 ) ;
#1056 = PERSON_AND_ORGANIZATION_ROLE ( 'design_supplier' ) ;
#1057 = AXIS2_PLACEMENT_3D ( 'NONE', #2277, #1373, #261 ) ;
#1058 = DIRECTION ( 'NONE',  ( 0.000000000000000000, 0.000000000000000000, -1.000000000000000000 ) ) ;
#1059 = CARTESIAN_POINT ( 'NONE',  ( 5.000000000000000000, 2.500000000000000000, -17.49999999999999645 ) ) ;
#1060 = CIRCLE ( 'NONE', #453, 4.499999999999999112 ) ;
#1061 = AXIS2_PLACEMENT_3D ( 'NONE', #2065, #2270, #2514 ) ;
#1062 = EDGE_LOOP ( 'NONE', ( #1287, #214, #1925, #1529 ) ) ;
#1063 = LINE ( 'NONE', #1272, #825 ) ;
#1064 = FACE_OUTER_BOUND ( 'NONE', #2404, .T. ) ;
#1065 = ORIENTED_EDGE ( 'NONE', *, *, #2275, .T. ) ;
#1066 = CARTESIAN_POINT ( 'NONE',  ( 15.00000000000000178, 15.75000000000000000, -12.50000000000000000 ) ) ;
#1067 = VERTEX_POINT ( 'NONE', #1509 ) ;
#1068 = DIRECTION ( 'NONE',  ( -0.000000000000000000, 1.000000000000000000, -0.000000000000000000 ) ) ;
#1069 = EDGE_LOOP ( 'NONE', ( #121, #2740, #126, #567 ) ) ;
#1070 = VECTOR ( 'NONE', #2866, 1000.000000000000000 ) ;
#1071 = COORDINATED_UNIVERSAL_TIME_OFFSET ( 9, 0, .AHEAD. ) ;
#1072 = VECTOR ( 'NONE', #1937, 1000.000000000000000 ) ;
#1073 = EDGE_CURVE ( 'NONE', #502, #2610, #873, .T. ) ;
#1074 = CARTESIAN_POINT ( 'NONE',  ( 7.500000000000000000, 0.000000000000000000, 7.499999999999999112 ) ) ;
#1075 = CARTESIAN_POINT ( 'NONE',  ( 19.00000000000000000, 12.75000000000001421, -7.372574772901441195E-15 ) ) ;
#1076 = VECTOR ( 'NONE', #2104, 1000.000000000000000 ) ;
#1077 = EDGE_LOOP ( 'NONE', ( #476, #1692, #1620, #387 ) ) ;
#1078 = LINE ( 'NONE', #2831, #2696 ) ;
#1079 = CARTESIAN_POINT ( 'NONE',  ( 0.000000000000000000, -4.250000000000000000, -4.250000000000000000 ) ) ;
#1080 = ORIENTED_EDGE ( 'NONE', *, *, #816, .F. ) ;
#1081 = CYLINDRICAL_SURFACE ( 'NONE', #919, 4.250000000000000000 ) ;
#1082 = ADVANCED_FACE ( 'NONE', ( #2188 ), #377, .T. ) ;
#1083 = VERTEX_POINT ( 'NONE', #626 ) ;
#1084 = CARTESIAN_POINT ( 'NONE',  ( -5.999999999999998224, 34.49999999999999289, -4.499999999999997335 ) ) ;
#1085 = EDGE_LOOP ( 'NONE', ( #2823, #95, #1356, #618 ) ) ;
#1086 = DATE_AND_TIME ( #2227, #460 ) ;
#1087 = EDGE_CURVE ( 'NONE', #1858, #1933, #1524, .T. ) ;
#1088 = EDGE_CURVE ( 'NONE', #1817, #2308, #2202, .T. ) ;
#1089 = CARTESIAN_POINT ( 'NONE',  ( -4.250000000000000000, -2.749999999999992006, -21.00000000000001421 ) ) ;
#1090 = CARTESIAN_POINT ( 'NONE',  ( 17.00000000000000000, 9.750000000000000000, -12.50000000000000178 ) ) ;
#1091 = EDGE_CURVE ( 'NONE', #638, #138, #1106, .T. ) ;
#1092 = ORIENTED_EDGE ( 'NONE', *, *, #860, .F. ) ;
#1093 = DIRECTION ( 'NONE',  ( 0.000000000000000000, 2.891205793294678326E-16, 1.000000000000000000 ) ) ;
#1094 = ORIENTED_EDGE ( 'NONE', *, *, #478, .F. ) ;
#1095 = CARTESIAN_POINT ( 'NONE',  ( 19.00000000000000000, -1.250000000000001998, -19.50000000000000000 ) ) ;
#1096 = ORIENTED_EDGE ( 'NONE', *, *, #1658, .F. ) ;
#1097 = CARTESIAN_POINT ( 'NONE',  ( -4.250000000000000000, -2.750000000000014211, 22.00000000000000355 ) ) ;
#1098 = APPLICATION_CONTEXT ( 'configuration controlled 3d designs of mechanical parts and assemblies' ) ;
#1099 = ORIENTED_EDGE ( 'NONE', *, *, #2709, .T. ) ;
#1100 = LINE ( 'NONE', #664, #735 ) ;
#1101 = EDGE_LOOP ( 'NONE', ( #1312, #647, #63, #142 ) ) ;
#1102 = ADVANCED_FACE ( 'NONE', ( #1539 ), #2441, .F. ) ;
#1103 = ADVANCED_FACE ( 'NONE', ( #1313 ), #215, .F. ) ;
#1104 = CARTESIAN_POINT ( 'NONE',  ( 17.00000000000000000, 11.23722445586659013, -17.98722445586658836 ) ) ;
#1105 = EDGE_LOOP ( 'NONE', ( #964, #2420, #2116, #520 ) ) ;
#1106 = LINE ( 'NONE', #436, #1771 ) ;
#1107 = VERTEX_POINT ( 'NONE', #2663 ) ;
#1108 = LINE ( 'NONE', #1341, #696 ) ;
#1109 = AXIS2_PLACEMENT_3D ( 'NONE', #495, #2075, #1865 ) ;
#1110 = ORIENTED_EDGE ( 'NONE', *, *, #1503, .F. ) ;
#1111 = VECTOR ( 'NONE', #1416, 1000.000000000000000 ) ;
#1112 = DIRECTION ( 'NONE',  ( 1.000000000000000000, 0.000000000000000000, 0.000000000000000000 ) ) ;
#1113 = CARTESIAN_POINT ( 'NONE',  ( -4.499999999999999112, 24.99999999999999645, 4.499999999999999112 ) ) ;
#1114 = ORIENTED_EDGE ( 'NONE', *, *, #1388, .F. ) ;
#1115 = DATE_AND_TIME ( #2011, #2527 ) ;
#1116 = LOCAL_TIME ( 15, 10, 18.00000000000000000, #223 ) ;
#1117 = AXIS2_PLACEMENT_3D ( 'NONE', #1173, #736, #2009 ) ;
#1118 = DIRECTION ( 'NONE',  ( 5.142325439945996840E-17, -0.000000000000000000, 1.000000000000000000 ) ) ;
#1119 = CALENDAR_DATE ( 2026, 19, 6 ) ;
#1120 = CIRCLE ( 'NONE', #2748, 2.999999999999999112 ) ;
#1121 = ORIENTED_EDGE ( 'NONE', *, *, #581, .F. ) ;
#1122 = CARTESIAN_POINT ( 'NONE',  ( 6.250000000000000000, -4.250000000000000000, 1.000000000000000000 ) ) ;
#1123 = AXIS2_PLACEMENT_3D ( 'NONE', #1569, #688, #2711 ) ;
#1124 = DIRECTION ( 'NONE',  ( -0.000000000000000000, -1.000000000000000000, -0.000000000000000000 ) ) ;
#1125 = CC_DESIGN_PERSON_AND_ORGANIZATION_ASSIGNMENT ( #82, #1659, ( #1547 ) ) ;
#1126 = EDGE_CURVE ( 'NONE', #2171, #1531, #656, .T. ) ;
#1127 = ORIENTED_EDGE ( 'NONE', *, *, #2709, .F. ) ;
#1128 = EDGE_CURVE ( 'NONE', #2308, #1139, #462, .T. ) ;
#1129 = CARTESIAN_POINT ( 'NONE',  ( -1.490096597794033917, 3.980268542040385160, -0.1982644896376418997 ) ) ;
#1130 = ADVANCED_FACE ( 'NONE', ( #2470 ), #28, .F. ) ;
#1131 = CARTESIAN_POINT ( 'NONE',  ( 15.00000000000000178, 15.75000000000000000, 12.50000000000000000 ) ) ;
#1132 = LINE ( 'NONE', #262, #684 ) ;
#1133 = DIRECTION ( 'NONE',  ( 1.000000000000000000, -0.000000000000000000, -0.000000000000000000 ) ) ;
#1134 = DATE_AND_TIME ( #1797, #510 ) ;
#1135 = CARTESIAN_POINT ( 'NONE',  ( -4.250000000000000000, 14.24999999999998579, 22.00000000000001066 ) ) ;
#1136 = APPLICATION_CONTEXT ( 'configuration controlled 3d designs of mechanical parts and assemblies' ) ;
#1137 = DIRECTION ( 'NONE',  ( -0.000000000000000000, 1.000000000000000000, -0.000000000000000000 ) ) ;
#1138 = DIRECTION ( 'NONE',  ( 0.000000000000000000, 1.000000000000000000, 0.000000000000000000 ) ) ;
#1139 = VERTEX_POINT ( 'NONE', #2713 ) ;
#1140 = EDGE_CURVE ( 'NONE', #2881, #1035, #487, .T. ) ;
#1141 = LINE ( 'NONE', #2252, #876 ) ;
#1142 = CARTESIAN_POINT ( 'NONE',  ( -7.499999999999999112, 30.00000000000000000, 7.500000000000000000 ) ) ;
#1143 = CARTESIAN_POINT ( 'NONE',  ( 15.00000000000000000, 14.24999999999999112, -20.00000000000000711 ) ) ;
#1144 = DIRECTION ( 'NONE',  ( -0.000000000000000000, 1.000000000000000000, 2.891205793294678326E-16 ) ) ;
#1145 = CALENDAR_DATE ( 2026, 19, 6 ) ;
#1146 = FACE_OUTER_BOUND ( 'NONE', #2322, .T. ) ;
#1147 = EDGE_CURVE ( 'NONE', #1817, #2575, #2304, .T. ) ;
#1148 = CARTESIAN_POINT ( 'NONE',  ( -7.499999999999999112, 24.99999999999999645, -4.499999999999999112 ) ) ;
#1149 = ORIENTED_EDGE ( 'NONE', *, *, #691, .F. ) ;
#1150 = CARTESIAN_POINT ( 'NONE',  ( 4.250000000000000000, 4.250000000000000000, 1.000000000000000000 ) ) ;
#1151 = AXIS2_PLACEMENT_3D ( 'NONE', #2542, #1642, #524 ) ;
#1152 = EDGE_LOOP ( 'NONE', ( #2787, #2101, #1517, #2726, #110, #2212, #697, #522 ) ) ;
#1153 = DIRECTION ( 'NONE',  ( 0.000000000000000000, 0.000000000000000000, -1.000000000000000000 ) ) ;
#1154 = VECTOR ( 'NONE', #1519, 1000.000000000000000 ) ;
#1155 = VECTOR ( 'NONE', #741, 1000.000000000000000 ) ;
#1156 = EDGE_CURVE ( 'NONE', #2272, #1371, #284, .T. ) ;
#1157 = VECTOR ( 'NONE', #1828, 1000.000000000000000 ) ;
#1158 = PLANE ( 'NONE',  #20 ) ;
#1159 = APPROVAL_ROLE ( '' ) ;
#1160 = CARTESIAN_POINT ( 'NONE',  ( 19.00000000000000000, -4.250000000000000000, 22.50000000000000000 ) ) ;
#1161 = DIRECTION ( 'NONE',  ( 0.000000000000000000, 0.000000000000000000, 1.000000000000000000 ) ) ;
#1162 = CARTESIAN_POINT ( 'NONE',  ( 0.000000000000000000, 0.000000000000000000, 0.000000000000000000 ) ) ;
#1163 = DIRECTION ( 'NONE',  ( -0.000000000000000000, -0.000000000000000000, 1.000000000000000000 ) ) ;
#1164 = EDGE_CURVE ( 'NONE', #1465, #2435, #2786, .T. ) ;
#1165 = VECTOR ( 'NONE', #109, 1000.000000000000000 ) ;
#1166 = CC_DESIGN_SECURITY_CLASSIFICATION ( #2155, ( #2902 ) ) ;
#1167 = DIRECTION ( 'NONE',  ( 0.000000000000000000, -0.000000000000000000, 1.000000000000000000 ) ) ;
#1168 = VERTEX_POINT ( 'NONE', #692 ) ;
#1169 = LINE ( 'NONE', #2262, #1497 ) ;
#1170 = VECTOR ( 'NONE', #2331, 1000.000000000000000 ) ;
#1171 = ORIENTED_EDGE ( 'NONE', *, *, #1444, .T. ) ;
#1172 = AXIS2_PLACEMENT_3D ( 'NONE', #1162, #444, #2041 ) ;
#1173 = CARTESIAN_POINT ( 'NONE',  ( 19.00000000000000000, 0.000000000000000000, 0.000000000000000000 ) ) ;
#1174 = CARTESIAN_POINT ( 'NONE',  ( -4.250000000000000000, 14.24999999999998579, 21.00000000000000711 ) ) ;
#1175 = VECTOR ( 'NONE', #1767, 1000.000000000000000 ) ;
#1176 = CARTESIAN_POINT ( 'NONE',  ( 15.00000000000000000, -2.749999999999992006, -21.00000000000001421 ) ) ;
#1177 = CYLINDRICAL_SURFACE ( 'NONE', #1109, 2.000000000000000000 ) ;
#1178 = VERTEX_POINT ( 'NONE', #269 ) ;
#1179 = CARTESIAN_POINT ( 'NONE',  ( 7.499999999999999112, 12.99999999999999822, -4.500000000000000000 ) ) ;
#1180 = DIRECTION ( 'NONE',  ( 1.000000000000000000, 0.000000000000000000, 0.000000000000000000 ) ) ;
#1181 = CARTESIAN_POINT ( 'NONE',  ( -1.199641869617922518, -4.079685318218915668, -0.9215660574792422510 ) ) ;
#1182 = DIRECTION ( 'NONE',  ( 0.000000000000000000, 0.000000000000000000, -1.000000000000000000 ) ) ;
#1183 = ADVANCED_FACE ( 'NONE', ( #926 ), #707, .T. ) ;
#1184 = CARTESIAN_POINT ( 'NONE',  ( 0.000000000000000000, 4.250000000000000000, 4.250000000000000000 ) ) ;
#1185 = SHAPE_REPRESENTATION ( 'ArmHolderPrint', ( #2898, #2802, #1123 ), #2025 ) ;
#1186 = ORIENTED_EDGE ( 'NONE', *, *, #2284, .T. ) ;
#1187 = FACE_OUTER_BOUND ( 'NONE', #1062, .T. ) ;
#1188 = ORIENTED_EDGE ( 'NONE', *, *, #2511, .T. ) ;
#1189 = FACE_BOUND ( 'NONE', #1461, .T. ) ;
#1190 = ORIENTED_EDGE ( 'NONE', *, *, #2136, .F. ) ;
#1191 = CARTESIAN_POINT ( 'NONE',  ( 4.336808689942017736E-16, 34.49999999999999289, 7.500000000000000000 ) ) ;
#1192 = CALENDAR_DATE ( 2026, 19, 6 ) ;
#1193 = DIRECTION ( 'NONE',  ( 1.000000000000000000, -0.000000000000000000, -5.782411586589359857E-17 ) ) ;
#1194 = EDGE_CURVE ( 'NONE', #2312, #2469, #2503, .T. ) ;
#1195 = CC_DESIGN_DATE_AND_TIME_ASSIGNMENT ( #1134, #266, ( #1625 ) ) ;
#1196 = LINE ( 'NONE', #2094, #166 ) ;
#1197 = CARTESIAN_POINT ( 'NONE',  ( 2.602085213965211135E-16, 34.49999999999999289, 4.499999999999997335 ) ) ;
#1198 = VERTEX_POINT ( 'NONE', #2687 ) ;
#1199 = CARTESIAN_POINT ( 'NONE',  ( 5.000000000000000000, 2.500000000000000000, 17.50000000000000000 ) ) ;
#1200 = EDGE_CURVE ( 'NONE', #1284, #2103, #1342, .T. ) ;
#1201 = AXIS2_PLACEMENT_3D ( 'NONE', #2607, #1979, #207 ) ;
#1202 = CARTESIAN_POINT ( 'NONE',  ( -4.250000000000000000, 14.24999999999998579, 20.00000000000000711 ) ) ;
#1203 = VECTOR ( 'NONE', #2876, 1000.000000000000000 ) ;
#1204 = EDGE_LOOP ( 'NONE', ( #345, #1943, #2141, #615 ) ) ;
#1205 = CARTESIAN_POINT ( 'NONE',  ( 0.000000000000000000, 2.500000000000000000, 0.000000000000000000 ) ) ;
#1206 = PERSON_AND_ORGANIZATION ( #1488, #1403 ) ;
#1207 = LINE ( 'NONE', #1254, #2385 ) ;
#1208 = CARTESIAN_POINT ( 'NONE',  ( 7.500000000000000000, 30.00000000000000000, 14.40105817143579614 ) ) ;
#1209 = VERTEX_POINT ( 'NONE', #901 ) ;
#1210 = CIRCLE ( 'NONE', #2341, 1.000000000000000888 ) ;
#1211 = CARTESIAN_POINT ( 'NONE',  ( -5.000000000000000000, 2.500000000000000000, -7.499999999999999112 ) ) ;
#1212 = EDGE_CURVE ( 'NONE', #1198, #208, #2082, .T. ) ;
#1213 = EDGE_CURVE ( 'NONE', #1543, #1324, #1340, .T. ) ;
#1214 = VECTOR ( 'NONE', #529, 1000.000000000000000 ) ;
#1215 = EDGE_CURVE ( 'NONE', #2819, #1880, #685, .T. ) ;
#1216 = EDGE_CURVE ( 'NONE', #17, #1465, #2699, .T. ) ;
#1217 = DIRECTION ( 'NONE',  ( -1.000000000000000000, 0.000000000000000000, 0.000000000000000000 ) ) ;
#1218 = AXIS2_PLACEMENT_3D ( 'NONE', #2356, #322, #2777 ) ;
#1219 = PRODUCT_RELATED_PRODUCT_CATEGORY ( 'detail', '', ( #1895 ) ) ;
#1220 = CARTESIAN_POINT ( 'NONE',  ( 19.00000000000000000, -2.255140518769852063E-14, 19.49999999999998579 ) ) ;
#1221 = ORIENTED_EDGE ( 'NONE', *, *, #356, .T. ) ;
#1222 = DIRECTION ( 'NONE',  ( 0.000000000000000000, -1.000000000000000000, 0.000000000000000000 ) ) ;
#1223 = ORIENTED_EDGE ( 'NONE', *, *, #2492, .F. ) ;
#1224 = PERSON_AND_ORGANIZATION_ROLE ( 'creator' ) ;
#1225 = DIRECTION ( 'NONE',  ( 0.000000000000000000, 0.000000000000000000, 1.000000000000000000 ) ) ;
#1226 = LINE ( 'NONE', #298, #2487 ) ;
#1227 = EDGE_LOOP ( 'NONE', ( #863, #2176, #871, #620, #2076, #1972, #1127, #442, #1094, #2164, #1053, #1833, #2618, #803, #504, #1758 ) ) ;
#1228 = CARTESIAN_POINT ( 'NONE',  ( 20.00000000000000000, -4.250000000000000000, 16.67157287525381193 ) ) ;
#1229 = VERTEX_POINT ( 'NONE', #680 ) ;
#1230 = ORIENTED_EDGE ( 'NONE', *, *, #691, .T. ) ;
#1231 = ADVANCED_FACE ( 'NONE', ( #2516, #501 ), #43, .F. ) ;
#1232 = DIRECTION ( 'NONE',  ( 5.782411586589358625E-17, -0.000000000000000000, 1.000000000000000000 ) ) ;
#1233 = DIRECTION ( 'NONE',  ( 1.000000000000000000, -0.000000000000000000, -0.000000000000000000 ) ) ;
#1234 = ORIENTED_EDGE ( 'NONE', *, *, #909, .F. ) ;
#1235 = CARTESIAN_POINT ( 'NONE',  ( -4.250000000000000000, 0.000000000000000000, -7.500000000000000000 ) ) ;
#1236 = ORIENTED_EDGE ( 'NONE', *, *, #1388, .T. ) ;
#1237 = DATE_AND_TIME ( #2779, #507 ) ;
#1238 = LINE ( 'NONE', #2374, #120 ) ;
#1239 = DIRECTION ( 'NONE',  ( -0.000000000000000000, -1.000000000000000000, -1.156482317317873697E-15 ) ) ;
#1240 = ADVANCED_FACE ( 'NONE', ( #1594 ), #2493, .F. ) ;
#1241 = ORIENTED_EDGE ( 'NONE', *, *, #2228, .F. ) ;
#1242 = DIRECTION ( 'NONE',  ( -1.000000000000000000, 0.000000000000000000, 0.000000000000000000 ) ) ;
#1243 = ORIENTED_EDGE ( 'NONE', *, *, #1289, .F. ) ;
#1244 = ORIENTED_EDGE ( 'NONE', *, *, #1605, .T. ) ;
#1245 = ORIENTED_EDGE ( 'NONE', *, *, #175, .T. ) ;
#1246 = LINE ( 'NONE', #2789, #2241 ) ;
#1247 = EDGE_CURVE ( 'NONE', #2469, #900, #254, .T. ) ;
#1248 = ORIENTED_EDGE ( 'NONE', *, *, #661, .F. ) ;
#1249 = CARTESIAN_POINT ( 'NONE',  ( 19.00000000000000000, 12.75000000000000000, 19.50000000000000000 ) ) ;
#1250 = ORIENTED_EDGE ( 'NONE', *, *, #1331, .F. ) ;
#1251 = APPROVAL_STATUS ( 'not_yet_approved' ) ;
#1252 = VECTOR ( 'NONE', #1732, 1000.000000000000000 ) ;
#1253 = AXIS2_PLACEMENT_3D ( 'NONE', #2326, #1690, #2123 ) ;
#1254 = CARTESIAN_POINT ( 'NONE',  ( 19.00000000000000000, -4.250000000000000000, 22.50000000000000000 ) ) ;
#1255 = LINE ( 'NONE', #1677, #2530 ) ;
#1256 = CIRCLE ( 'NONE', #2217, 4.250000000000000000 ) ;
#1257 = ORIENTED_EDGE ( 'NONE', *, *, #630, .F. ) ;
#1258 = LINE ( 'NONE', #1905, #78 ) ;
#1259 = VERTEX_POINT ( 'NONE', #112 ) ;
#1260 = ORIENTED_EDGE ( 'NONE', *, *, #1829, .F. ) ;
#1261 = CC_DESIGN_APPROVAL ( #2892, ( #1565 ) ) ;
#1262 = CARTESIAN_POINT ( 'NONE',  ( -7.499999999999999112, 24.99999999999999645, -4.499999999999999112 ) ) ;
#1263 = DESIGN_CONTEXT ( 'detailed design', #2153, 'design' ) ;
#1264 = AXIS2_PLACEMENT_3D ( 'NONE', #2124, #1902, #2781 ) ;
#1265 = ORIENTED_EDGE ( 'NONE', *, *, #2251, .F. ) ;
#1266 = LINE ( 'NONE', #1040, #2253 ) ;
#1267 = ORIENTED_EDGE ( 'NONE', *, *, #1840, .T. ) ;
#1268 = PERSON_AND_ORGANIZATION ( #1488, #1403 ) ;
#1269 = CARTESIAN_POINT ( 'NONE',  ( 19.00000000000000000, 15.75000000000000000, 22.50000000000000000 ) ) ;
#1270 = LINE ( 'NONE', #2616, #234 ) ;
#1271 = EDGE_LOOP ( 'NONE', ( #1548, #532, #643, #2479, #102, #1573, #726, #1622 ) ) ;
#1272 = CARTESIAN_POINT ( 'NONE',  ( 2.000000000000000000, 11.00000000000000000, 10.15685424949237969 ) ) ;
#1273 = CYLINDRICAL_SURFACE ( 'NONE', #273, 2.999999999999999112 ) ;
#1274 = ORIENTED_EDGE ( 'NONE', *, *, #1370, .T. ) ;
#1275 = ORIENTED_EDGE ( 'NONE', *, *, #432, .F. ) ;
#1276 = DIRECTION ( 'NONE',  ( -1.000000000000000000, 0.000000000000000000, 0.000000000000000000 ) ) ;
#1277 = DIRECTION ( 'NONE',  ( -5.782411586589359857E-17, 0.000000000000000000, -1.000000000000000000 ) ) ;
#1278 = ORIENTED_EDGE ( 'NONE', *, *, #2228, .T. ) ;
#1279 = CARTESIAN_POINT ( 'NONE',  ( -4.499999999999999112, 30.00000000000000000, 4.499999999999999112 ) ) ;
#1280 = ORIENTED_EDGE ( 'NONE', *, *, #2231, .F. ) ;
#1281 = DATE_AND_TIME ( #605, #2204 ) ;
#1282 = DIRECTION ( 'NONE',  ( -0.000000000000000000, 1.000000000000000000, 0.000000000000000000 ) ) ;
#1283 = DIRECTION ( 'NONE',  ( -1.000000000000000000, 0.000000000000000000, 0.000000000000000000 ) ) ;
#1284 = VERTEX_POINT ( 'NONE', #773 ) ;
#1285 = DIRECTION ( 'NONE',  ( -1.000000000000000000, 0.000000000000000000, 0.000000000000000000 ) ) ;
#1286 = CARTESIAN_POINT ( 'NONE',  ( -5.000000000000000000, 0.000000000000000000, -7.499999999999999112 ) ) ;
#1287 = ORIENTED_EDGE ( 'NONE', *, *, #2499, .F. ) ;
#1288 = DIRECTION ( 'NONE',  ( -1.000000000000000000, -0.000000000000000000, -0.000000000000000000 ) ) ;
#1289 = EDGE_CURVE ( 'NONE', #1940, #2675, #84, .T. ) ;
#1290 = VECTOR ( 'NONE', #653, 1000.000000000000000 ) ;
#1291 = ORIENTED_EDGE ( 'NONE', *, *, #2149, .F. ) ;
#1292 = CARTESIAN_POINT ( 'NONE',  ( 17.00000000000000000, 1.578427124746182741, 16.67157287525381193 ) ) ;
#1293 = ORIENTED_EDGE ( 'NONE', *, *, #1331, .T. ) ;
#1294 = AXIS2_PLACEMENT_3D ( 'NONE', #2074, #701, #1628 ) ;
#1295 = CARTESIAN_POINT ( 'NONE',  ( 15.00000000000000000, -4.250000000000000000, 4.250000000000000000 ) ) ;
#1296 = VECTOR ( 'NONE', #1163, 1000.000000000000000 ) ;
#1297 = ORIENTED_EDGE ( 'NONE', *, *, #396, .T. ) ;
#1298 = DIRECTION ( 'NONE',  ( -5.782411586589359857E-17, 0.000000000000000000, -1.000000000000000000 ) ) ;
#1299 = CARTESIAN_POINT ( 'NONE',  ( 17.75959179422654444, -0.8114494731290776697, -19.06144947312907689 ) ) ;
#1300 = ORIENTED_EDGE ( 'NONE', *, *, #1301, .F. ) ;
#1301 = EDGE_CURVE ( 'NONE', #1736, #1259, #1003, .T. ) ;
#1302 = DIRECTION ( 'NONE',  ( 0.000000000000000000, 0.000000000000000000, -1.000000000000000000 ) ) ;
#1303 = EDGE_CURVE ( 'NONE', #2813, #1858, #920, .T. ) ;
#1304 = ORIENTED_EDGE ( 'NONE', *, *, #1913, .F. ) ;
#1305 = EDGE_CURVE ( 'NONE', #2731, #381, #1873, .T. ) ;
#1306 = CARTESIAN_POINT ( 'NONE',  ( 5.000000000000000000, 2.500000000000000000, 17.50000000000000000 ) ) ;
#1307 = ORIENTED_EDGE ( 'NONE', *, *, #1860, .T. ) ;
#1308 = AXIS2_PLACEMENT_3D ( 'NONE', #578, #1708, #2562 ) ;
#1309 = PERSON_AND_ORGANIZATION ( #1488, #1403 ) ;
#1310 = CARTESIAN_POINT ( 'NONE',  ( 19.00000000000000000, 15.75000000000000000, 19.50000000000000355 ) ) ;
#1311 = VECTOR ( 'NONE', #402, 1000.000000000000000 ) ;
#1312 = ORIENTED_EDGE ( 'NONE', *, *, #1147, .F. ) ;
#1313 = FACE_OUTER_BOUND ( 'NONE', #1893, .T. ) ;
#1314 = ORIENTED_EDGE ( 'NONE', *, *, #706, .T. ) ;
#1315 = DIRECTION ( 'NONE',  ( 0.000000000000000000, 0.000000000000000000, 1.000000000000000000 ) ) ;
#1316 = VERTEX_POINT ( 'NONE', #69 ) ;
#1317 = DIRECTION ( 'NONE',  ( -1.000000000000000000, 0.000000000000000000, -0.000000000000000000 ) ) ;
#1318 = VERTEX_POINT ( 'NONE', #1660 ) ;
#1319 = CARTESIAN_POINT ( 'NONE',  ( 7.500000000000000000, 0.000000000000000000, 7.499999999999999112 ) ) ;
#1320 = DIRECTION ( 'NONE',  ( 0.000000000000000000, 0.000000000000000000, -1.000000000000000000 ) ) ;
#1321 = DATE_TIME_ROLE ( 'classification_date' ) ;
#1322 = LINE ( 'NONE', #1350, #1786 ) ;
#1323 = DIRECTION ( 'NONE',  ( 1.000000000000000000, 0.000000000000000000, -0.000000000000000000 ) ) ;
#1324 = VERTEX_POINT ( 'NONE', #793 ) ;
#1325 = CARTESIAN_POINT ( 'NONE',  ( -4.499999999999999112, 30.00000000000000000, 4.499999999999999112 ) ) ;
#1326 = CARTESIAN_POINT ( 'NONE',  ( 19.00000000000000000, 15.75000000000000000, 22.50000000000000000 ) ) ;
#1327 = ORIENTED_EDGE ( 'NONE', *, *, #1917, .T. ) ;
#1328 = DIRECTION ( 'NONE',  ( 0.000000000000000000, 0.000000000000000000, -1.000000000000000000 ) ) ;
#1329 = CARTESIAN_POINT ( 'NONE',  ( 15.00000000000000000, -4.250000000000000000, -4.250000000000000000 ) ) ;
#1330 = ORIENTED_EDGE ( 'NONE', *, *, #1147, .T. ) ;
#1331 = EDGE_CURVE ( 'NONE', #350, #948, #1013, .T. ) ;
#1332 = PRODUCT_DEFINITION ( 'UNKNOWN', '', #2666, #551 ) ;
#1333 = CARTESIAN_POINT ( 'NONE',  ( -4.336808689942017736E-16, 34.49999999999999289, -7.499999999999998224 ) ) ;
#1334 =( NAMED_UNIT ( * ) PLANE_ANGLE_UNIT ( ) SI_UNIT ( $, .RADIAN. ) );
#1335 = ADVANCED_FACE ( 'NONE', ( #2755 ), #2359, .T. ) ;
#1336 = CIRCLE ( 'NONE', #872, 1.000000000000000888 ) ;
#1337 = ADVANCED_FACE ( 'NONE', ( #541 ), #2548, .T. ) ;
#1338 = ORIENTED_EDGE ( 'NONE', *, *, #2698, .F. ) ;
#1339 = VECTOR ( 'NONE', #250, 1000.000000000000000 ) ;
#1340 = LINE ( 'NONE', #2247, #1969 ) ;
#1341 = CARTESIAN_POINT ( 'NONE',  ( -7.499999999999999112, 0.000000000000000000, 7.500000000000000000 ) ) ;
#1342 = CIRCLE ( 'NONE', #310, 2.999999999999999112 ) ;
#1343 = ORIENTED_EDGE ( 'NONE', *, *, #1301, .T. ) ;
#1344 = VECTOR ( 'NONE', #1606, 1000.000000000000000 ) ;
#1345 = CARTESIAN_POINT ( 'NONE',  ( -1.309604557927688928, 4.043975333612110035, 0.7569794857432415869 ) ) ;
#1346 = CARTESIAN_POINT ( 'NONE',  ( 15.00000000000000000, 15.75000000000000000, -22.50000000000000000 ) ) ;
#1347 = PRODUCT_DEFINITION_SHAPE ( 'NONE', 'NONE',  #2902 ) ;
#1348 = ORGANIZATION ( 'NAUO-ORG2', 'UNSPECIFIED', 'UNSPECIFIED' ) ;
#1349 = VECTOR ( 'NONE', #1018, 1000.000000000000000 ) ;
#1350 = CARTESIAN_POINT ( 'NONE',  ( 0.000000000000000000, -4.250000000000000000, 4.250000000000000000 ) ) ;
#1351 =( NAMED_UNIT ( * ) PLANE_ANGLE_UNIT ( ) SI_UNIT ( $, .RADIAN. ) );
#1352 = CARTESIAN_POINT ( 'NONE',  ( -1.422806183555376913, -4.004962497120732934, -0.4851088323215102527 ) ) ;
#1353 =( GEOMETRIC_REPRESENTATION_CONTEXT ( 3 ) GLOBAL_UNCERTAINTY_ASSIGNED_CONTEXT ( ( #993 ) ) GLOBAL_UNIT_ASSIGNED_CONTEXT ( ( #1555, #624, #2439 ) ) REPRESENTATION_CONTEXT ( 'NONE', 'WORKASPACE' ) );
#1354 = ORIENTED_EDGE ( 'NONE', *, *, #1029, .F. ) ;
#1355 = DIRECTION ( 'NONE',  ( -1.000000000000000000, 0.000000000000000000, 5.782411586589357392E-17 ) ) ;
#1356 = ORIENTED_EDGE ( 'NONE', *, *, #2431, .F. ) ;
#1357 = LINE ( 'NONE', #1801, #784 ) ;
#1358 = VECTOR ( 'NONE', #282, 1000.000000000000000 ) ;
#1359 = ORIENTED_EDGE ( 'NONE', *, *, #1648, .T. ) ;
#1360 = EDGE_CURVE ( 'NONE', #1168, #2785, #1473, .T. ) ;
#1361 = CARTESIAN_POINT ( 'NONE',  ( -0.3909830937141941520, 4.233081045943197118, 1.451483100478181187 ) ) ;
#1362 = FACE_OUTER_BOUND ( 'NONE', #720, .T. ) ;
#1363 = EDGE_CURVE ( 'NONE', #2864, #948, #1238, .T. ) ;
#1364 = CARTESIAN_POINT ( 'NONE',  ( 19.00000000000000000, -4.250000000000000000, -22.50000000000000000 ) ) ;
#1365 = APPLICATION_PROTOCOL_DEFINITION ( 'international standard', 'config_control_design', 1994, #2153 ) ;
#1366 = CARTESIAN_POINT ( 'NONE',  ( -1.198156628336656038, -4.080083948826468188, 0.9231667105939053153 ) ) ;
#1367 = DIRECTION ( 'NONE',  ( 1.000000000000000000, 0.000000000000000000, -0.000000000000000000 ) ) ;
#1368 = ORIENTED_EDGE ( 'NONE', *, *, #1759, .F. ) ;
#1369 = CARTESIAN_POINT ( 'NONE',  ( -4.250000000000000000, -2.749999999999992006, -21.00000000000001421 ) ) ;
#1370 = EDGE_CURVE ( 'NONE', #488, #1006, #1207, .T. ) ;
#1371 = VERTEX_POINT ( 'NONE', #1442 ) ;
#1372 = DIRECTION ( 'NONE',  ( 5.782411586589359857E-17, -0.000000000000000000, 1.000000000000000000 ) ) ;
#1373 = DIRECTION ( 'NONE',  ( 0.000000000000000000, -1.000000000000000000, 0.000000000000000000 ) ) ;
#1374 = EDGE_CURVE ( 'NONE', #2686, #2222, #1676, .T. ) ;
#1375 =( REPRESENTATION_RELATIONSHIP ('NONE','NONE', #1185, #400 ) REPRESENTATION_RELATIONSHIP_WITH_TRANSFORMATION ( #804 )SHAPE_REPRESENTATION_RELATIONSHIP( ) );
#1376 = CARTESIAN_POINT ( 'NONE',  ( 17.00000000000000000, 9.921572875253815482, -16.67157287525380838 ) ) ;
#1377 = DATE_AND_TIME ( #1119, #136 ) ;
#1378 = CARTESIAN_POINT ( 'NONE',  ( 4.250000000000000000, -4.250000000000000000, -1.000000000000000000 ) ) ;
#1379 = DIRECTION ( 'NONE',  ( 0.000000000000000000, 0.000000000000000000, -1.000000000000000000 ) ) ;
#1380 = VERTEX_POINT ( 'NONE', #326 ) ;
#1381 = DIRECTION ( 'NONE',  ( -0.000000000000000000, -0.000000000000000000, -1.000000000000000000 ) ) ;
#1382 = VECTOR ( 'NONE', #278, 1000.000000000000000 ) ;
#1383 =( BOUNDED_CURVE ( )  B_SPLINE_CURVE ( 3, ( #1376, #1104, #1568, #2467 ),
 .UNSPECIFIED., .F., .T. ) 
 B_SPLINE_CURVE_WITH_KNOTS ( ( 4, 4 ),
 ( 1.570796326794896558, 2.801755744135672188 ),
 .UNSPECIFIED. ) 
 CURVE ( )  GEOMETRIC_REPRESENTATION_ITEM ( )  RATIONAL_B_SPLINE_CURVE ( ( 1.000000000000000000, 0.8776643872851505046, 0.8776643872851505046, 1.000000000000000000 ) ) 
 REPRESENTATION_ITEM ( '' )  );
#1384 = ORIENTED_EDGE ( 'NONE', *, *, #2550, .T. ) ;
#1385 = EDGE_CURVE ( 'NONE', #401, #2520, #2739, .T. ) ;
#1386 = DIRECTION ( 'NONE',  ( -1.000000000000000000, 0.000000000000000000, 0.000000000000000000 ) ) ;
#1387 = LINE ( 'NONE', #1613, #2515 ) ;
#1388 = EDGE_CURVE ( 'NONE', #1041, #301, #1674, .T. ) ;
#1389 = VECTOR ( 'NONE', #2800, 1000.000000000000000 ) ;
#1390 = EDGE_CURVE ( 'NONE', #2132, #847, #1427, .T. ) ;
#1391 = CARTESIAN_POINT ( 'NONE',  ( 15.00000000000000000, -4.250000000000000000, 22.50000000000000000 ) ) ;
#1392 = EDGE_CURVE ( 'NONE', #2103, #1318, #1459, .T. ) ;
#1393 = CARTESIAN_POINT ( 'NONE',  ( 19.00000000000000000, -4.250000000000000000, -22.50000000000000000 ) ) ;
#1394 = PERSON_AND_ORGANIZATION_ROLE ( 'design_owner' ) ;
#1395 = CARTESIAN_POINT ( 'NONE',  ( -0.9153209096378702725, -4.151083946543906222, 1.192337794131257178 ) ) ;
#1396 = VECTOR ( 'NONE', #1663, 1000.000000000000000 ) ;
#1397 = APPROVAL_PERSON_ORGANIZATION ( #1268, #1967, #1765 ) ;
#1398 = DIRECTION ( 'NONE',  ( 0.000000000000000000, -0.000000000000000000, 1.000000000000000000 ) ) ;
#1399 = ORIENTED_EDGE ( 'NONE', *, *, #2807, .T. ) ;
#1400 = CYLINDRICAL_SURFACE ( 'NONE', #1449, 3.000000000000000000 ) ;
#1401 = VECTOR ( 'NONE', #231, 1000.000000000000114 ) ;
#1402 = ORIENTED_EDGE ( 'NONE', *, *, #719, .T. ) ;
#1403 = ORGANIZATION ( 'UNSPECIFIED', 'UNSPECIFIED', '' ) ;
#1404 = PLANE ( 'NONE',  #1117 ) ;
#1405 = AXIS2_PLACEMENT_3D ( 'NONE', #1333, #1118, #2279 ) ;
#1406 =( BOUNDED_CURVE ( )  B_SPLINE_CURVE ( 3, ( #1249, #802, #2812, #181 ),
 .UNSPECIFIED., .F., .T. ) 
 B_SPLINE_CURVE_WITH_KNOTS ( ( 4, 4 ),
 ( 3.481429563043915376, 4.712388980384689674 ),
 .UNSPECIFIED. ) 
 CURVE ( )  GEOMETRIC_REPRESENTATION_ITEM ( )  RATIONAL_B_SPLINE_CURVE ( ( 1.000000000000000000, 0.8776643872851508377, 0.8776643872851508377, 1.000000000000000000 ) ) 
 REPRESENTATION_ITEM ( '' )  );
#1407 = CC_DESIGN_PERSON_AND_ORGANIZATION_ASSIGNMENT ( #666, #2720, ( #2155 ) ) ;
#1408 = CARTESIAN_POINT ( 'NONE',  ( 0.000000000000000000, 11.00000000000000000, -4.499999999999999112 ) ) ;
#1409 = EDGE_CURVE ( 'NONE', #1139, #2575, #1634, .T. ) ;
#1410 = CARTESIAN_POINT ( 'NONE',  ( 19.00000000000000000, 15.75000000000000000, -22.50000000000000000 ) ) ;
#1411 = CC_DESIGN_PERSON_AND_ORGANIZATION_ASSIGNMENT ( #1868, #1631, ( #892 ) ) ;
#1412 = VERTEX_POINT ( 'NONE', #296 ) ;
#1413 = CARTESIAN_POINT ( 'NONE',  ( 4.250000000000000000, 4.250000000000000000, 4.250000000000000000 ) ) ;
#1414 = APPROVAL_STATUS ( 'not_yet_approved' ) ;
#1415 = CARTESIAN_POINT ( 'NONE',  ( -1.490020812141643169, -3.980296808654603780, -0.1987389838974788492 ) ) ;
#1416 = DIRECTION ( 'NONE',  ( -0.000000000000000000, -1.000000000000000000, 0.000000000000000000 ) ) ;
#1417 = LINE ( 'NONE', #2756, #371 ) ;
#1418 = ORIENTED_EDGE ( 'NONE', *, *, #1792, .T. ) ;
#1419 = PLANE ( 'NONE',  #317 ) ;
#1420 = ORIENTED_EDGE ( 'NONE', *, *, #747, .T. ) ;
#1421 = FACE_BOUND ( 'NONE', #710, .T. ) ;
#1422 = CARTESIAN_POINT ( 'NONE',  ( -2.000000000000000000, 11.00000000000000000, -4.499999999999999112 ) ) ;
#1423 = ORIENTED_EDGE ( 'NONE', *, *, #482, .T. ) ;
#1424 = CARTESIAN_POINT ( 'NONE',  ( 4.250000000000000000, -4.250000000000000000, 1.000000000000000000 ) ) ;
#1425 = PERSON_AND_ORGANIZATION ( #1488, #1403 ) ;
#1426 = APPROVAL ( #1414, 'UNSPECIFIED' ) ;
#1427 = LINE ( 'NONE', #97, #1052 ) ;
#1428 = EDGE_CURVE ( 'NONE', #834, #1817, #1196, .T. ) ;
#1429 = DIRECTION ( 'NONE',  ( 0.000000000000000000, 0.000000000000000000, -1.000000000000000000 ) ) ;
#1430 = EDGE_CURVE ( 'NONE', #138, #1772, #1651, .T. ) ;
#1431 = VECTOR ( 'NONE', #2317, 1000.000000000000000 ) ;
#1432 = EDGE_CURVE ( 'NONE', #1324, #776, #2660, .T. ) ;
#1433 = CARTESIAN_POINT ( 'NONE',  ( 19.00000000000000000, -2.749999999999992006, -21.00000000000001421 ) ) ;
#1434 = ORIENTED_EDGE ( 'NONE', *, *, #140, .F. ) ;
#1435 = VECTOR ( 'NONE', #1328, 1000.000000000000000 ) ;
#1436 = FACE_OUTER_BOUND ( 'NONE', #2361, .T. ) ;
#1437 = PLANE ( 'NONE',  #963 ) ;
#1438 = AXIS2_PLACEMENT_3D ( 'NONE', #670, #2043, #1398 ) ;
#1439 = ORIENTED_EDGE ( 'NONE', *, *, #1584, .F. ) ;
#1440 = CARTESIAN_POINT ( 'NONE',  ( -4.336808689942017736E-16, 34.49999999999999289, -7.499999999999998224 ) ) ;
#1441 = APPROVAL_DATE_TIME ( #985, #2680 ) ;
#1442 = CARTESIAN_POINT ( 'NONE',  ( -5.000000000000000000, 2.500000000000000000, -7.499999999999999112 ) ) ;
#1443 = CARTESIAN_POINT ( 'NONE',  ( 7.499999999999995559, 30.00000000000000000, -14.40105817143579792 ) ) ;
#1444 = EDGE_CURVE ( 'NONE', #2610, #2178, #2860, .T. ) ;
#1445 = VERTEX_POINT ( 'NONE', #868 ) ;
#1446 = AXIS2_PLACEMENT_3D ( 'NONE', #1433, #544, #342 ) ;
#1447 = CARTESIAN_POINT ( 'NONE',  ( 17.00000000000000000, 15.75000000000000000, 16.67157287525381193 ) ) ;
#1448 = ORIENTED_EDGE ( 'NONE', *, *, #646, .T. ) ;
#1449 = AXIS2_PLACEMENT_3D ( 'NONE', #2537, #1031, #542 ) ;
#1450 = ORIENTED_EDGE ( 'NONE', *, *, #1650, .F. ) ;
#1451 = DIRECTION ( 'NONE',  ( 1.000000000000000000, -0.000000000000000000, -0.000000000000000000 ) ) ;
#1452 = AXIS2_PLACEMENT_3D ( 'NONE', #1851, #2732, #965 ) ;
#1453 = CARTESIAN_POINT ( 'NONE',  ( 19.00000000000000000, 12.75000000000000000, 19.50000000000000000 ) ) ;
#1454 = ORIENTED_EDGE ( 'NONE', *, *, #1675, .T. ) ;
#1455 = DIRECTION ( 'NONE',  ( -5.142325439945996840E-17, 0.000000000000000000, -1.000000000000000000 ) ) ;
#1456 = EDGE_CURVE ( 'NONE', #660, #865, #1987, .T. ) ;
#1457 = EDGE_LOOP ( 'NONE', ( #1354, #1645, #577, #448 ) ) ;
#1458 = APPROVAL_ROLE ( '' ) ;
#1459 = LINE ( 'NONE', #2137, #1528 ) ;
#1460 = CYLINDRICAL_SURFACE ( 'NONE', #1929, 1.500000000000000222 ) ;
#1461 = EDGE_LOOP ( 'NONE', ( #2867, #337 ) ) ;
#1462 = EDGE_CURVE ( 'NONE', #1736, #734, #1256, .T. ) ;
#1463 = LINE ( 'NONE', #2758, #1396 ) ;
#1464 = ORIENTED_EDGE ( 'NONE', *, *, #646, .F. ) ;
#1465 = VERTEX_POINT ( 'NONE', #623 ) ;
#1466 = LINE ( 'NONE', #123, #2282 ) ;
#1467 = FACE_OUTER_BOUND ( 'NONE', #1204, .T. ) ;
#1468 = ORIENTED_EDGE ( 'NONE', *, *, #484, .F. ) ;
#1469 = EDGE_CURVE ( 'NONE', #2813, #790, #2422, .T. ) ;
#1470 = DIRECTION ( 'NONE',  ( 1.000000000000000000, -0.000000000000000000, -0.000000000000000000 ) ) ;
#1471 = ORIENTED_EDGE ( 'NONE', *, *, #391, .F. ) ;
#1472 = DATE_TIME_ROLE ( 'classification_date' ) ;
#1473 = LINE ( 'NONE', #575, #729 ) ;
#1474 = DIRECTION ( 'NONE',  ( 0.000000000000000000, 0.000000000000000000, -1.000000000000000000 ) ) ;
#1475 = ORIENTED_EDGE ( 'NONE', *, *, #1390, .F. ) ;
#1476 = CARTESIAN_POINT ( 'NONE',  ( 5.000000000000000000, 2.500000000000000000, -7.499999999999999112 ) ) ;
#1477 = ORIENTED_EDGE ( 'NONE', *, *, #40, .T. ) ;
#1478 = ORIENTED_EDGE ( 'NONE', *, *, #564, .F. ) ;
#1479 = CARTESIAN_POINT ( 'NONE',  ( 19.00000000000000000, 0.000000000000000000, 0.000000000000000000 ) ) ;
#1480 = EDGE_CURVE ( 'NONE', #2667, #228, #1753, .T. ) ;
#1481 = CARTESIAN_POINT ( 'NONE',  ( -7.499999999999999112, 30.00000000000000000, 7.500000000000000000 ) ) ;
#1482 = VECTOR ( 'NONE', #346, 1000.000000000000000 ) ;
#1483 = VERTEX_POINT ( 'NONE', #2815 ) ;
#1484 = DIRECTION ( 'NONE',  ( -5.782411586589358625E-17, 0.000000000000000000, -1.000000000000000000 ) ) ;
#1485 = ORIENTED_EDGE ( 'NONE', *, *, #508, .T. ) ;
#1486 = PERSON_AND_ORGANIZATION ( #1488, #1403 ) ;
#1487 = AXIS2_PLACEMENT_3D ( 'NONE', #1600, #1112, #932 ) ;
#1488 = PERSON ( 'UNSPECIFIED', 'UNSPECIFIED', 'UNSPECIFIED', ('UNSPECIFIED'), ('UNSPECIFIED'), ('UNSPECIFIED') ) ;
#1489 = FACE_BOUND ( 'NONE', #1069, .T. ) ;
#1490 = EDGE_LOOP ( 'NONE', ( #2637, #397, #2888, #45 ) ) ;
#1491 = CARTESIAN_POINT ( 'NONE',  ( 5.000000000000000000, 0.000000000000000000, -17.49999999999999645 ) ) ;
#1492 = DIRECTION ( 'NONE',  ( 0.000000000000000000, 1.000000000000000000, -5.782411586589358625E-16 ) ) ;
#1493 = VERTEX_POINT ( 'NONE', #133 ) ;
#1494 = ORIENTED_EDGE ( 'NONE', *, *, #329, .F. ) ;
#1495 = AXIS2_PLACEMENT_3D ( 'NONE', #1279, #2182, #2627 ) ;
#1496 = LINE ( 'NONE', #1097, #2193 ) ;
#1497 = VECTOR ( 'NONE', #1815, 1000.000000000000000 ) ;
#1498 = CARTESIAN_POINT ( 'NONE',  ( -15.74999999999999289, 5.249999999999994671, 14.40105817143579792 ) ) ;
#1499 = PLANE ( 'NONE',  #454 ) ;
#1500 = ORIENTED_EDGE ( 'NONE', *, *, #14, .T. ) ;
#1501 = DIRECTION ( 'NONE',  ( 0.000000000000000000, 0.000000000000000000, -1.000000000000000000 ) ) ;
#1502 = ORIENTED_EDGE ( 'NONE', *, *, #2741, .F. ) ;
#1503 = EDGE_CURVE ( 'NONE', #1324, #2577, #2168, .T. ) ;
#1504 = PERSON_AND_ORGANIZATION_ROLE ( 'classification_officer' ) ;
#1505 = CC_DESIGN_DATE_AND_TIME_ASSIGNMENT ( #558, #1472, ( #2534 ) ) ;
#1506 = CARTESIAN_POINT ( 'NONE',  ( 19.00000000000000000, 14.24999999999998579, 21.00000000000000711 ) ) ;
#1507 = CARTESIAN_POINT ( 'NONE',  ( 19.00000000000000000, 12.75000000000000178, -22.50000000000000000 ) ) ;
#1508 = ORIENTED_EDGE ( 'NONE', *, *, #2284, .F. ) ;
#1509 = CARTESIAN_POINT ( 'NONE',  ( 5.999999999999996447, 34.49999999999999289, 4.499999999999997335 ) ) ;
#1510 = CARTESIAN_POINT ( 'NONE',  ( -7.499999999999999112, 0.000000000000000000, -7.499999999999998224 ) ) ;
#1511 = ADVANCED_FACE ( 'NONE', ( #2458 ), #636, .F. ) ;
#1512 = VERTEX_POINT ( 'NONE', #389 ) ;
#1513 = VERTEX_POINT ( 'NONE', #185 ) ;
#1514 = DIRECTION ( 'NONE',  ( -0.000000000000000000, -1.000000000000000000, -0.000000000000000000 ) ) ;
#1515 = ORIENTED_EDGE ( 'NONE', *, *, #2887, .F. ) ;
#1516 = DIRECTION ( 'NONE',  ( -5.142325439945996840E-17, 0.000000000000000000, -1.000000000000000000 ) ) ;
#1517 = ORIENTED_EDGE ( 'NONE', *, *, #1370, .F. ) ;
#1518 = PERSON_AND_ORGANIZATION_ROLE ( 'creator' ) ;
#1519 = DIRECTION ( 'NONE',  ( 1.000000000000000000, -0.000000000000000000, -0.000000000000000000 ) ) ;
#1520 = LINE ( 'NONE', #434, #1593 ) ;
#1521 = ADVANCED_FACE ( 'NONE', ( #1534 ), #2151, .F. ) ;
#1522 = ORIENTED_EDGE ( 'NONE', *, *, #2646, .F. ) ;
#1523 = ADVANCED_FACE ( 'NONE', ( #1489, #2438 ), #1952, .F. ) ;
#1524 = LINE ( 'NONE', #2426, #412 ) ;
#1525 = CARTESIAN_POINT ( 'NONE',  ( 19.00000000000000000, -2.750000000000014211, 22.00000000000000355 ) ) ;
#1526 = VERTEX_POINT ( 'NONE', #1310 ) ;
#1527 = PLANE ( 'NONE',  #2381 ) ;
#1528 = VECTOR ( 'NONE', #731, 1000.000000000000000 ) ;
#1529 = ORIENTED_EDGE ( 'NONE', *, *, #329, .T. ) ;
#1530 = CARTESIAN_POINT ( 'NONE',  ( 19.00000000000000000, -1.250000000000001554, -22.50000000000000000 ) ) ;
#1531 = VERTEX_POINT ( 'NONE', #2185 ) ;
#1532 = CALENDAR_DATE ( 2026, 19, 6 ) ;
#1533 = AXIS2_PLACEMENT_3D ( 'NONE', #430, #1320, #2825 ) ;
#1534 = FACE_OUTER_BOUND ( 'NONE', #157, .T. ) ;
#1535 =( REPRESENTATION_RELATIONSHIP ('NONE','NONE', #1185, #652 ) REPRESENTATION_RELATIONSHIP_WITH_TRANSFORMATION ( #2814 )SHAPE_REPRESENTATION_RELATIONSHIP( ) );
#1536 = VECTOR ( 'NONE', #754, 1000.000000000000000 ) ;
#1537 = AXIS2_PLACEMENT_3D ( 'NONE', #1788, #2676, #1355 ) ;
#1538 = ORIENTED_EDGE ( 'NONE', *, *, #1212, .F. ) ;
#1539 = FACE_OUTER_BOUND ( 'NONE', #1876, .T. ) ;
#1540 = EDGE_LOOP ( 'NONE', ( #762, #2305, #80, #738 ) ) ;
#1541 = FACE_OUTER_BOUND ( 'NONE', #1027, .T. ) ;
#1542 = EDGE_CURVE ( 'NONE', #2633, #2156, #2392, .T. ) ;
#1543 = VERTEX_POINT ( 'NONE', #1030 ) ;
#1544 = CARTESIAN_POINT ( 'NONE',  ( 17.00000000000000000, 9.921572875253813706, -19.50000000000000000 ) ) ;
#1545 = EDGE_CURVE ( 'NONE', #1229, #649, #513, .T. ) ;
#1546 = CIRCLE ( 'NONE', #2307, 2.000000000000000000 ) ;
#1547 = SECURITY_CLASSIFICATION ( '', '', #2570 ) ;
#1548 = ORIENTED_EDGE ( 'NONE', *, *, #996, .F. ) ;
#1549 = CARTESIAN_POINT ( 'NONE',  ( 4.500000000000000000, 13.00000000000000000, 4.499999999999999112 ) ) ;
#1550 = DIRECTION ( 'NONE',  ( 1.000000000000000000, -0.000000000000000000, -0.000000000000000000 ) ) ;
#1551 = VECTOR ( 'NONE', #2742, 1000.000000000000000 ) ;
#1552 = APPROVAL_ROLE ( '' ) ;
#1553 = AXIS2_PLACEMENT_3D ( 'NONE', #561, #1429, #2095 ) ;
#1554 = CARTESIAN_POINT ( 'NONE',  ( -7.500999999999998558, 13.00000000000000000, 4.499999999999999112 ) ) ;
#1555 =( LENGTH_UNIT ( ) NAMED_UNIT ( * ) SI_UNIT ( .MILLI., .METRE. ) );
#1556 = AXIS2_PLACEMENT_3D ( 'NONE', #898, #225, #1796 ) ;
#1557 = ORIENTED_EDGE ( 'NONE', *, *, #160, .T. ) ;
#1558 = CARTESIAN_POINT ( 'NONE',  ( 4.500000000000000000, 30.00000000000000000, 4.499999999999999112 ) ) ;
#1559 = ORIENTED_EDGE ( 'NONE', *, *, #2448, .T. ) ;
#1560 = PLANE ( 'NONE',  #2893 ) ;
#1561 = ORIENTED_EDGE ( 'NONE', *, *, #2175, .F. ) ;
#1562 = EDGE_CURVE ( 'NONE', #776, #2626, #2615, .T. ) ;
#1563 = FACE_OUTER_BOUND ( 'NONE', #682, .T. ) ;
#1564 = ADVANCED_BREP_SHAPE_REPRESENTATION ( '', ( #1978, #698 ), #1353 ) ;
#1565 = PRODUCT_DEFINITION ( 'UNKNOWN', '', #275, #316 ) ;
#1566 = FACE_OUTER_BOUND ( 'NONE', #2462, .T. ) ;
#1567 = ORIENTED_EDGE ( 'NONE', *, *, #1073, .T. ) ;
#1568 = CARTESIAN_POINT ( 'NONE',  ( 17.75959179422654444, 12.31144947312907867, -19.06144947312907334 ) ) ;
#1569 = CARTESIAN_POINT ( 'NONE',  ( 673.1892755383302074, 891.7961002639008257, 1290.862136283072914 ) ) ;
#1570 = EDGE_LOOP ( 'NONE', ( #1942, #1221, #2647, #956 ) ) ;
#1571 = DIRECTION ( 'NONE',  ( 0.000000000000000000, 1.000000000000000000, 0.000000000000000000 ) ) ;
#1572 = FACE_BOUND ( 'NONE', #358, .T. ) ;
#1573 = ORIENTED_EDGE ( 'NONE', *, *, #1091, .F. ) ;
#1574 = LINE ( 'NONE', #2705, #496 ) ;
#1575 = PLANE ( 'NONE',  #2096 ) ;
#1576 = DIRECTION ( 'NONE',  ( 0.000000000000000000, 1.000000000000000000, 0.000000000000000000 ) ) ;
#1577 = APPLICATION_PROTOCOL_DEFINITION ( 'international standard', 'config_control_design', 1994, #76 ) ;
#1578 = VECTOR ( 'NONE', #2729, 1000.000000000000000 ) ;
#1579 = ORIENTED_EDGE ( 'NONE', *, *, #1938, .T. ) ;
#1580 = VECTOR ( 'NONE', #1911, 1000.000000000000000 ) ;
#1581 = DIRECTION ( 'NONE',  ( -1.000000000000000000, -0.000000000000000000, -0.000000000000000000 ) ) ;
#1582 = EDGE_LOOP ( 'NONE', ( #1468, #158, #817, #543 ) ) ;
#1583 = CARTESIAN_POINT ( 'NONE',  ( 7.499999999999999112, 30.00000000000000000, -7.499999999999999112 ) ) ;
#1584 = EDGE_CURVE ( 'NONE', #1048, #536, #894, .T. ) ;
#1585 = VECTOR ( 'NONE', #243, 1000.000000000000000 ) ;
#1586 = ORIENTED_EDGE ( 'NONE', *, *, #352, .F. ) ;
#1587 = CARTESIAN_POINT ( 'NONE',  ( 0.000000000000000000, 4.250000000000000000, 1.500000000000000222 ) ) ;
#1588 = DIRECTION ( 'NONE',  ( -1.000000000000000000, 0.000000000000000000, 0.000000000000000000 ) ) ;
#1589 = ADVANCED_FACE ( 'NONE', ( #1970 ), #2845, .F. ) ;
#1590 = VECTOR ( 'NONE', #2160, 1000.000000000000000 ) ;
#1591 = DIRECTION ( 'NONE',  ( -1.000000000000000000, 0.000000000000000000, 0.000000000000000000 ) ) ;
#1592 = CARTESIAN_POINT ( 'NONE',  ( -7.499999999999999112, 24.99999999999999645, 4.499999999999996447 ) ) ;
#1593 = VECTOR ( 'NONE', #1044, 1000.000000000000000 ) ;
#1594 = FACE_OUTER_BOUND ( 'NONE', #1966, .T. ) ;
#1595 = ORIENTED_EDGE ( 'NONE', *, *, #719, .F. ) ;
#1596 = DIRECTION ( 'NONE',  ( 0.000000000000000000, 1.000000000000000000, 0.000000000000000000 ) ) ;
#1597 = VECTOR ( 'NONE', #2545, 1000.000000000000000 ) ;
#1598 = ORIENTED_EDGE ( 'NONE', *, *, #1605, .F. ) ;
#1599 = EDGE_CURVE ( 'NONE', #1198, #2312, #2064, .T. ) ;
#1600 = CARTESIAN_POINT ( 'NONE',  ( 19.00000000000000000, 14.24999999999998579, 21.00000000000000711 ) ) ;
#1601 = LINE ( 'NONE', #238, #1665 ) ;
#1602 = DIRECTION ( 'NONE',  ( 0.000000000000000000, -1.000000000000000000, 0.000000000000000000 ) ) ;
#1603 =( NAMED_UNIT ( * ) SI_UNIT ( $, .STERADIAN. ) SOLID_ANGLE_UNIT ( ) );
#1604 = CARTESIAN_POINT ( 'NONE',  ( -0.7549717259838142347, -4.183219243501921980, -1.299810125660572524 ) ) ;
#1605 = EDGE_CURVE ( 'NONE', #1782, #1513, #2670, .T. ) ;
#1606 = DIRECTION ( 'NONE',  ( -0.000000000000000000, -0.000000000000000000, -1.000000000000000000 ) ) ;
#1607 = ORIENTED_EDGE ( 'NONE', *, *, #484, .T. ) ;
#1608 = LINE ( 'NONE', #1583, #839 ) ;
#1609 = EDGE_CURVE ( 'NONE', #557, #1933, #611, .T. ) ;
#1610 = ADVANCED_FACE ( 'NONE', ( #2242 ), #1, .F. ) ;
#1611 = ORIENTED_EDGE ( 'NONE', *, *, #983, .T. ) ;
#1612 = LINE ( 'NONE', #1845, #2447 ) ;
#1613 = CARTESIAN_POINT ( 'NONE',  ( -7.500999999999998558, 13.00000000000000000, -4.499999999999999112 ) ) ;
#1614 = EDGE_CURVE ( 'NONE', #392, #1884, #2476, .T. ) ;
#1615 =( BOUNDED_CURVE ( )  B_SPLINE_CURVE ( 3, ( #1292, #572, #1700, #349 ),
 .UNSPECIFIED., .F., .T. ) 
 B_SPLINE_CURVE_WITH_KNOTS ( ( 4, 4 ),
 ( 1.570796326794896780, 2.801755744135672188 ),
 .UNSPECIFIED. ) 
 CURVE ( )  GEOMETRIC_REPRESENTATION_ITEM ( )  RATIONAL_B_SPLINE_CURVE ( ( 1.000000000000000000, 0.8776643872851505046, 0.8776643872851505046, 1.000000000000000000 ) ) 
 REPRESENTATION_ITEM ( '' )  );
#1616 = DIRECTION ( 'NONE',  ( 1.000000000000000000, 0.000000000000000000, 0.000000000000000000 ) ) ;
#1617 = CARTESIAN_POINT ( 'NONE',  ( -7.499999999999999112, 24.99999999999999645, -4.499999999999999112 ) ) ;
#1618 = CARTESIAN_POINT ( 'NONE',  ( -0.1969052641922732216, -4.250000000000000000, -1.500000000000000222 ) ) ;
#1619 = DIRECTION ( 'NONE',  ( -0.000000000000000000, 1.000000000000000000, -0.000000000000000000 ) ) ;
#1620 = ORIENTED_EDGE ( 'NONE', *, *, #1456, .F. ) ;
#1621 = CARTESIAN_POINT ( 'NONE',  ( -2.602085213965213107E-16, 34.49999999999999289, -4.499999999999999112 ) ) ;
#1622 = ORIENTED_EDGE ( 'NONE', *, *, #1215, .T. ) ;
#1623 = EDGE_CURVE ( 'NONE', #2435, #1465, #1932, .T. ) ;
#1624 = CARTESIAN_POINT ( 'NONE',  ( -15.74999999999999289, 5.249999999999994671, -7.499999999999997335 ) ) ;
#1625 = PRODUCT_DEFINITION ( 'UNKNOWN', '', #892, #1263 ) ;
#1626 = VECTOR ( 'NONE', #1514, 1000.000000000000000 ) ;
#1627 = AXIS2_PLACEMENT_3D ( 'NONE', #56, #1887, #1014 ) ;
#1628 = DIRECTION ( 'NONE',  ( -1.000000000000000000, 0.000000000000000000, 0.000000000000000000 ) ) ;
#1629 = ORIENTED_EDGE ( 'NONE', *, *, #1992, .T. ) ;
#1630 = LINE ( 'NONE', #1885, #2444 ) ;
#1631 = PERSON_AND_ORGANIZATION_ROLE ( 'design_supplier' ) ;
#1632 = CARTESIAN_POINT ( 'NONE',  ( 19.00000000000000000, 15.75000000000000000, 22.50000000000000000 ) ) ;
#1633 = AXIS2_PLACEMENT_3D ( 'NONE', #1228, #2772, #2589 ) ;
#1634 = LINE ( 'NONE', #2536, #1431 ) ;
#1635 = DIRECTION ( 'NONE',  ( 0.000000000000000000, 0.000000000000000000, 1.000000000000000000 ) ) ;
#1636 = AXIS2_PLACEMENT_3D ( 'NONE', #2801, #1874, #2770 ) ;
#1637 = ORIENTED_EDGE ( 'NONE', *, *, #1945, .T. ) ;
#1638 = APPROVAL_PERSON_ORGANIZATION ( #1028, #2892, #2213 ) ;
#1639 = DIRECTION ( 'NONE',  ( -0.000000000000000000, 1.000000000000000000, -0.000000000000000000 ) ) ;
#1640 = VECTOR ( 'NONE', #200, 1000.000000000000000 ) ;
#1641 = ORIENTED_EDGE ( 'NONE', *, *, #1804, .F. ) ;
#1642 = DIRECTION ( 'NONE',  ( 5.782411586589359857E-17, -0.000000000000000000, 1.000000000000000000 ) ) ;
#1643 = CC_DESIGN_PERSON_AND_ORGANIZATION_ASSIGNMENT ( #2324, #308, ( #2666 ) ) ;
#1644 = ADVANCED_FACE ( 'NONE', ( #2721 ), #677, .F. ) ;
#1645 = ORIENTED_EDGE ( 'NONE', *, *, #2198, .F. ) ;
#1646 = DIRECTION ( 'NONE',  ( 0.000000000000000000, 0.000000000000000000, 1.000000000000000000 ) ) ;
#1647 = COORDINATED_UNIVERSAL_TIME_OFFSET ( 9, 0, .AHEAD. ) ;
#1648 = EDGE_CURVE ( 'NONE', #2626, #1041, #1322, .T. ) ;
#1649 = FACE_OUTER_BOUND ( 'NONE', #1039, .T. ) ;
#1650 = EDGE_CURVE ( 'NONE', #751, #2218, #11, .T. ) ;
#1651 = LINE ( 'NONE', #2215, #1290 ) ;
#1652 = DIRECTION ( 'NONE',  ( -5.782411586589359857E-17, 0.000000000000000000, -1.000000000000000000 ) ) ;
#1653 = ORIENTED_EDGE ( 'NONE', *, *, #1675, .F. ) ;
#1654 = DIRECTION ( 'NONE',  ( 0.000000000000000000, -1.000000000000000000, 0.000000000000000000 ) ) ;
#1655 = DIRECTION ( 'NONE',  ( -1.000000000000000000, 0.000000000000000000, 0.000000000000000000 ) ) ;
#1656 = ORIENTED_EDGE ( 'NONE', *, *, #1385, .F. ) ;
#1657 = DIRECTION ( 'NONE',  ( 0.000000000000000000, -0.000000000000000000, -1.000000000000000000 ) ) ;
#1658 = EDGE_CURVE ( 'NONE', #2469, #2365, #667, .T. ) ;
#1659 = PERSON_AND_ORGANIZATION_ROLE ( 'classification_officer' ) ;
#1660 = CARTESIAN_POINT ( 'NONE',  ( 19.00000000000000000, 12.75000000000000355, -19.50000000000000000 ) ) ;
#1661 = FACE_OUTER_BOUND ( 'NONE', #1085, .T. ) ;
#1662 = ORIENTED_EDGE ( 'NONE', *, *, #2702, .F. ) ;
#1663 = DIRECTION ( 'NONE',  ( 0.000000000000000000, 0.000000000000000000, -1.000000000000000000 ) ) ;
#1664 = ORIENTED_EDGE ( 'NONE', *, *, #1840, .F. ) ;
#1665 = VECTOR ( 'NONE', #2486, 1000.000000000000000 ) ;
#1666 = VECTOR ( 'NONE', #1372, 1000.000000000000000 ) ;
#1667 = FACE_OUTER_BOUND ( 'NONE', #2811, .T. ) ;
#1668 = PLANE ( 'NONE',  #2835 ) ;
#1669 = VECTOR ( 'NONE', #2648, 1000.000000000000000 ) ;
#1670 = ORIENTED_EDGE ( 'NONE', *, *, #2366, .F. ) ;
#1671 = DIRECTION ( 'NONE',  ( 0.000000000000000000, 1.156482317317873894E-15, -1.000000000000000000 ) ) ;
#1672 = ORIENTED_EDGE ( 'NONE', *, *, #1247, .F. ) ;
#1673 = APPROVAL_ROLE ( '' ) ;
#1674 = CIRCLE ( 'NONE', #545, 1.500000000000000222 ) ;
#1675 = EDGE_CURVE ( 'NONE', #1543, #2520, #443, .T. ) ;
#1676 = LINE ( 'NONE', #2342, #1111 ) ;
#1677 = CARTESIAN_POINT ( 'NONE',  ( 17.00000000000000000, 1.578427124746188071, -22.50000000000000000 ) ) ;
#1678 = ORIENTED_EDGE ( 'NONE', *, *, #2506, .T. ) ;
#1679 = VECTOR ( 'NONE', #1693, 1000.000000000000000 ) ;
#1680 = PLANE ( 'NONE',  #1730 ) ;
#1681 = ORIENTED_EDGE ( 'NONE', *, *, #2844, .F. ) ;
#1682 = EDGE_CURVE ( 'NONE', #1107, #1940, #2012, .T. ) ;
#1683 = DIRECTION ( 'NONE',  ( 1.000000000000000000, -0.000000000000000000, -0.000000000000000000 ) ) ;
#1684 = VECTOR ( 'NONE', #2371, 1000.000000000000000 ) ;
#1685 = DIRECTION ( 'NONE',  ( 5.782411586589359857E-17, -0.000000000000000000, 1.000000000000000000 ) ) ;
#1686 = ORIENTED_EDGE ( 'NONE', *, *, #753, .T. ) ;
#1687 = DIRECTION ( 'NONE',  ( 5.782411586589359857E-17, -0.000000000000000000, 1.000000000000000000 ) ) ;
#1688 = ORIENTED_EDGE ( 'NONE', *, *, #1804, .T. ) ;
#1689 = APPLICATION_PROTOCOL_DEFINITION ( 'international standard', 'config_control_design', 1994, #1835 ) ;
#1690 = DIRECTION ( 'NONE',  ( 0.000000000000000000, -0.000000000000000000, 1.000000000000000000 ) ) ;
#1691 = CARTESIAN_POINT ( 'NONE',  ( 0.000000000000000000, -4.250000000000000000, 0.000000000000000000 ) ) ;
#1692 = ORIENTED_EDGE ( 'NONE', *, *, #2887, .T. ) ;
#1693 = DIRECTION ( 'NONE',  ( -0.000000000000000000, 1.000000000000000000, -0.000000000000000000 ) ) ;
#1694 = EDGE_CURVE ( 'NONE', #1006, #693, #1837, .T. ) ;
#1695 = VERTEX_POINT ( 'NONE', #2040 ) ;
#1696 = EDGE_CURVE ( 'NONE', #2088, #787, #1546, .T. ) ;
#1697 = DIRECTION ( 'NONE',  ( 0.000000000000000000, 0.000000000000000000, -1.000000000000000000 ) ) ;
#1698 = LINE ( 'NONE', #2354, #2244 ) ;
#1699 = EDGE_LOOP ( 'NONE', ( #2045, #108, #348, #982 ) ) ;
#1700 = CARTESIAN_POINT ( 'NONE',  ( 17.75959179422654444, -0.8114494731290835539, 19.06144947312908045 ) ) ;
#1701 = ORIENTED_EDGE ( 'NONE', *, *, #1392, .T. ) ;
#1702 = PERSON_AND_ORGANIZATION ( #1488, #1403 ) ;
#1703 = DIRECTION ( 'NONE',  ( 1.000000000000000000, -0.000000000000000000, -0.000000000000000000 ) ) ;
#1704 = DIRECTION ( 'NONE',  ( 0.000000000000000000, 0.000000000000000000, -1.000000000000000000 ) ) ;
#1705 = DIRECTION ( 'NONE',  ( 0.000000000000000000, -0.000000000000000000, -1.000000000000000000 ) ) ;
#1706 = ORIENTED_EDGE ( 'NONE', *, *, #2033, .T. ) ;
#1707 = LINE ( 'NONE', #2396, #644 ) ;
#1708 = DIRECTION ( 'NONE',  ( -1.000000000000000000, 0.000000000000000000, 5.782411586589358625E-17 ) ) ;
#1709 = ORIENTED_EDGE ( 'NONE', *, *, #2077, .F. ) ;
#1710 = VERTEX_POINT ( 'NONE', #1784 ) ;
#1711 = CC_DESIGN_PERSON_AND_ORGANIZATION_ASSIGNMENT ( #2751, #966, ( #1872 ) ) ;
#1712 = DIRECTION ( 'NONE',  ( 1.000000000000000000, -0.000000000000000000, -0.000000000000000000 ) ) ;
#1713 = CIRCLE ( 'NONE', #821, 1.000000000000000888 ) ;
#1714 = DIRECTION ( 'NONE',  ( 0.000000000000000000, 0.000000000000000000, 1.000000000000000000 ) ) ;
#1715 = ORIENTED_EDGE ( 'NONE', *, *, #2177, .F. ) ;
#1716 = DIRECTION ( 'NONE',  ( -1.000000000000000000, 0.000000000000000000, 0.000000000000000000 ) ) ;
#1717 = ORIENTED_EDGE ( 'NONE', *, *, #1091, .T. ) ;
#1718 = SHAPE_DEFINITION_REPRESENTATION ( #2296, #400 ) ;
#1719 = AXIS2_PLACEMENT_3D ( 'NONE', #2533, #253, #1810 ) ;
#1720 = EDGE_CURVE ( 'NONE', #2071, #1772, #1824, .T. ) ;
#1721 = DIRECTION ( 'NONE',  ( 1.000000000000000000, 0.000000000000000000, 0.000000000000000000 ) ) ;
#1722 = DIRECTION ( 'NONE',  ( -0.000000000000000000, -0.000000000000000000, 1.000000000000000000 ) ) ;
#1723 = AXIS2_PLACEMENT_3D ( 'NONE', #2780, #1225, #528 ) ;
#1724 = ORIENTED_EDGE ( 'NONE', *, *, #760, .F. ) ;
#1725 = CARTESIAN_POINT ( 'NONE',  ( 19.00000000000000000, 12.75000000000000178, 22.50000000000000000 ) ) ;
#1726 = PLANE ( 'NONE',  #928 ) ;
#1727 = LOCAL_TIME ( 15, 10, 18.00000000000000000, #538 ) ;
#1728 = ORIENTED_EDGE ( 'NONE', *, *, #1829, .T. ) ;
#1729 = ORIENTED_EDGE ( 'NONE', *, *, #1164, .T. ) ;
#1730 = AXIS2_PLACEMENT_3D ( 'NONE', #2362, #1242, #2140 ) ;
#1731 = CARTESIAN_POINT ( 'NONE',  ( 19.00000000000000000, -4.250000000000000000, -22.50000000000000000 ) ) ;
#1732 = DIRECTION ( 'NONE',  ( -0.000000000000000000, -0.000000000000000000, -1.000000000000000000 ) ) ;
#1733 = ORIENTED_EDGE ( 'NONE', *, *, #418, .T. ) ;
#1734 = AXIS2_PLACEMENT_3D ( 'NONE', #457, #1161, #251 ) ;
#1735 = CARTESIAN_POINT ( 'NONE',  ( 17.00000000000000000, 15.75000000000000000, 12.50000000000000000 ) ) ;
#1736 = VERTEX_POINT ( 'NONE', #2050 ) ;
#1737 = APPROVAL_DATE_TIME ( #1281, #2892 ) ;
#1738 = ADVANCED_FACE ( 'NONE', ( #887 ), #2710, .F. ) ;
#1739 = EDGE_CURVE ( 'NONE', #2715, #1318, #1383, .T. ) ;
#1740 = DIRECTION ( 'NONE',  ( -0.000000000000000000, 0.000000000000000000, 1.000000000000000000 ) ) ;
#1741 = EDGE_CURVE ( 'NONE', #2575, #169, #213, .T. ) ;
#1742 = ORIENTED_EDGE ( 'NONE', *, *, #771, .T. ) ;
#1743 = CARTESIAN_POINT ( 'NONE',  ( -5.000000000000000000, 2.500000000000000000, 7.500000000000000000 ) ) ;
#1744 = DIRECTION ( 'NONE',  ( -1.000000000000000000, 0.000000000000000000, 0.000000000000000000 ) ) ;
#1745 = VERTEX_POINT ( 'NONE', #2078 ) ;
#1746 = CARTESIAN_POINT ( 'NONE',  ( 15.00000000000000000, -4.250000000000000000, 22.50000000000000000 ) ) ;
#1747 = EDGE_LOOP ( 'NONE', ( #222, #72 ) ) ;
#1748 = FACE_OUTER_BOUND ( 'NONE', #1904, .T. ) ;
#1749 = DIRECTION ( 'NONE',  ( -1.000000000000000000, 0.000000000000000000, 0.000000000000000000 ) ) ;
#1750 = SECURITY_CLASSIFICATION_LEVEL ( 'unclassified' ) ;
#1751 = EDGE_CURVE ( 'NONE', #1371, #1695, #1630, .T. ) ;
#1752 = ADVANCED_FACE ( 'NONE', ( #515 ), #2750, .T. ) ;
#1753 = LINE ( 'NONE', #2410, #1154 ) ;
#1754 = CARTESIAN_POINT ( 'NONE',  ( 20.00000000000000000, 15.75000000000000000, 16.67157287525381193 ) ) ;
#1755 = ORIENTED_EDGE ( 'NONE', *, *, #2535, .F. ) ;
#1756 = DIRECTION ( 'NONE',  ( 0.3162277660168380522, -0.9486832980505137680, -1.626146086005676092E-17 ) ) ;
#1757 = CARTESIAN_POINT ( 'NONE',  ( -4.250000000000000000, 14.24999999999999112, -20.00000000000000711 ) ) ;
#1758 = ORIENTED_EDGE ( 'NONE', *, *, #663, .T. ) ;
#1759 = EDGE_CURVE ( 'NONE', #941, #1993, #2765, .T. ) ;
#1760 = CARTESIAN_POINT ( 'NONE',  ( 4.250000000000000000, 5.204748896376250699E-16, -4.250000000000000000 ) ) ;
#1761 = EDGE_CURVE ( 'NONE', #2156, #2019, #2804, .T. ) ;
#1762 = ORIENTED_EDGE ( 'NONE', *, *, #674, .T. ) ;
#1763 = CARTESIAN_POINT ( 'NONE',  ( 19.00000000000000000, 14.24999999999999112, -20.00000000000000711 ) ) ;
#1764 = ORIENTED_EDGE ( 'NONE', *, *, #2313, .F. ) ;
#1765 = APPROVAL_ROLE ( '' ) ;
#1766 = AXIS2_PLACEMENT_3D ( 'NONE', #2267, #713, #494 ) ;
#1767 = DIRECTION ( 'NONE',  ( -1.000000000000000000, -0.000000000000000000, -0.000000000000000000 ) ) ;
#1768 = DIRECTION ( 'NONE',  ( 0.000000000000000000, 0.000000000000000000, 1.000000000000000000 ) ) ;
#1769 = AXIS2_PLACEMENT_3D ( 'NONE', #2879, #177, #880 ) ;
#1770 = ADVANCED_FACE ( 'NONE', ( #756 ), #2338, .F. ) ;
#1771 = VECTOR ( 'NONE', #1990, 1000.000000000000000 ) ;
#1772 = VERTEX_POINT ( 'NONE', #94 ) ;
#1773 = CARTESIAN_POINT ( 'NONE',  ( 7.500000000000000000, 30.00000000000000000, 7.499999999999999112 ) ) ;
#1774 = DIRECTION ( 'NONE',  ( 1.000000000000000000, -0.000000000000000000, -0.000000000000000000 ) ) ;
#1775 = VECTOR ( 'NONE', #433, 1000.000000000000000 ) ;
#1776 = ORIENTED_EDGE ( 'NONE', *, *, #955, .F. ) ;
#1777 = LINE ( 'NONE', #2669, #1962 ) ;
#1778 = ADVANCED_FACE ( 'NONE', ( #556 ), #2133, .F. ) ;
#1779 = AXIS2_PLACEMENT_3D ( 'NONE', #1211, #2115, #2158 ) ;
#1780 = LOCAL_TIME ( 15, 10, 18.00000000000000000, #2642 ) ;
#1781 = LINE ( 'NONE', #721, #1551 ) ;
#1782 = VERTEX_POINT ( 'NONE', #1235 ) ;
#1783 = CC_DESIGN_APPROVAL ( #582, ( #1625 ) ) ;
#1784 = CARTESIAN_POINT ( 'NONE',  ( 4.499999999999992895, 24.99999999999999645, -4.500000000000000000 ) ) ;
#1785 = PLANE ( 'NONE',  #606 ) ;
#1786 = VECTOR ( 'NONE', #2685, 1000.000000000000000 ) ;
#1787 = ORIENTED_EDGE ( 'NONE', *, *, #1303, .T. ) ;
#1788 = CARTESIAN_POINT ( 'NONE',  ( 7.500000000000000000, 30.00000000000000000, 7.499999999999999112 ) ) ;
#1789 = VERTEX_POINT ( 'NONE', #2531 ) ;
#1790 = CARTESIAN_POINT ( 'NONE',  ( 17.00000000000000000, 1.578427124746187182, -16.67157287525380838 ) ) ;
#1791 = VERTEX_POINT ( 'NONE', #1179 ) ;
#1792 = EDGE_CURVE ( 'NONE', #1493, #628, #497, .T. ) ;
#1793 = CARTESIAN_POINT ( 'NONE',  ( -0.7587264902474105677, 4.185730380271938778, 1.308793531413439126 ) ) ;
#1794 = CARTESIAN_POINT ( 'NONE',  ( 5.000000000000000000, 2.500000000000000000, -7.499999999999999112 ) ) ;
#1795 = FACE_OUTER_BOUND ( 'NONE', #631, .T. ) ;
#1796 = DIRECTION ( 'NONE',  ( 0.000000000000000000, 0.000000000000000000, -1.000000000000000000 ) ) ;
#1797 = CALENDAR_DATE ( 2026, 19, 6 ) ;
#1798 = ORIENTED_EDGE ( 'NONE', *, *, #1087, .F. ) ;
#1799 = CARTESIAN_POINT ( 'NONE',  ( -4.250000000000000000, -2.750000000000014211, 20.00000000000000000 ) ) ;
#1800 = VERTEX_POINT ( 'NONE', #53 ) ;
#1801 = CARTESIAN_POINT ( 'NONE',  ( 19.00000000000000000, 0.000000000000000000, -19.50000000000000000 ) ) ;
#1802 = ORIENTED_EDGE ( 'NONE', *, *, #2844, .T. ) ;
#1803 = CARTESIAN_POINT ( 'NONE',  ( -0.7543134861035007965, 4.183340952146257230, -1.300203705232156448 ) ) ;
#1804 = EDGE_CURVE ( 'NONE', #1107, #1989, #336, .T. ) ;
#1805 = DIRECTION ( 'NONE',  ( 1.000000000000000000, 0.000000000000000000, 0.000000000000000000 ) ) ;
#1806 = VECTOR ( 'NONE', #1936, 1000.000000000000000 ) ;
#1807 = CARTESIAN_POINT ( 'NONE',  ( 17.00000000000000000, 1.578427124746182741, 19.50000000000000355 ) ) ;
#1808 = DIRECTION ( 'NONE',  ( 0.000000000000000000, -5.782411586589358625E-16, -1.000000000000000000 ) ) ;
#1809 = SHAPE_REPRESENTATION_RELATIONSHIP ( 'NONE' , 'NONE' ,  #652, #438 ) ;
#1810 = DIRECTION ( 'NONE',  ( 0.000000000000000000, 0.000000000000000000, -1.000000000000000000 ) ) ;
#1811 = ADVANCED_FACE ( 'NONE', ( #949 ), #998, .F. ) ;
#1812 = VECTOR ( 'NONE', #831, 1000.000000000000000 ) ;
#1813 = CARTESIAN_POINT ( 'NONE',  ( -7.499999999999999112, 24.99999999999999645, -4.499999999999999112 ) ) ;
#1814 = ORIENTED_EDGE ( 'NONE', *, *, #482, .F. ) ;
#1815 = DIRECTION ( 'NONE',  ( -0.000000000000000000, -0.000000000000000000, 1.000000000000000000 ) ) ;
#1816 = VECTOR ( 'NONE', #2067, 1000.000000000000000 ) ;
#1817 = VERTEX_POINT ( 'NONE', #1424 ) ;
#1818 = DIRECTION ( 'NONE',  ( 1.000000000000000000, -0.000000000000000000, -0.000000000000000000 ) ) ;
#1819 = DIRECTION ( 'NONE',  ( 0.000000000000000000, -1.000000000000000000, 2.891205793294678326E-16 ) ) ;
#1820 = CC_DESIGN_SECURITY_CLASSIFICATION ( #1975, ( #2901 ) ) ;
#1821 = LINE ( 'NONE', #485, #173 ) ;
#1822 = CIRCLE ( 'NONE', #2526, 2.999999999999999112 ) ;
#1823 = ADVANCED_FACE ( 'NONE', ( #744 ), #291, .F. ) ;
#1824 = LINE ( 'NONE', #2490, #2454 ) ;
#1825 = EDGE_CURVE ( 'NONE', #1982, #1178, #980, .T. ) ;
#1826 = CARTESIAN_POINT ( 'NONE',  ( -0.09995366005094120931, -4.250000000000000888, 1.500000000000000444 ) ) ;
#1827 = CIRCLE ( 'NONE', #2298, 4.499999999999999112 ) ;
#1828 = DIRECTION ( 'NONE',  ( 0.000000000000000000, -1.000000000000000000, 0.000000000000000000 ) ) ;
#1829 = EDGE_CURVE ( 'NONE', #900, #2581, #727, .T. ) ;
#1830 = LINE ( 'NONE', #2701, #555 ) ;
#1831 = VECTOR ( 'NONE', #767, 1000.000000000000000 ) ;
#1832 = APPROVAL ( #2407, 'UNKNOWN' ) ;
#1833 = ORIENTED_EDGE ( 'NONE', *, *, #909, .T. ) ;
#1834 = DIRECTION ( 'NONE',  ( 0.000000000000000000, 0.000000000000000000, -1.000000000000000000 ) ) ;
#1835 = APPLICATION_CONTEXT ( 'configuration controlled 3d designs of mechanical parts and assemblies' ) ;
#1836 = DIRECTION ( 'NONE',  ( 0.000000000000000000, 0.000000000000000000, 1.000000000000000000 ) ) ;
#1837 = LINE ( 'NONE', #240, #842 ) ;
#1838 = APPROVAL_DATE_TIME ( #938, #458 ) ;
#1839 = DIRECTION ( 'NONE',  ( 1.000000000000000000, -0.000000000000000000, -0.000000000000000000 ) ) ;
#1840 = EDGE_CURVE ( 'NONE', #381, #1083, #2346, .T. ) ;
#1841 = DIRECTION ( 'NONE',  ( -0.000000000000000000, -0.000000000000000000, 1.000000000000000000 ) ) ;
#1842 = DIRECTION ( 'NONE',  ( -0.3162277660168379967, 0.9486832980505137680, 0.000000000000000000 ) ) ;
#1843 = ORIENTED_EDGE ( 'NONE', *, *, #249, .F. ) ;
#1844 = PRODUCT_DEFINITION_SHAPE ( 'NONE', 'NONE',  #2901 ) ;
#1845 = CARTESIAN_POINT ( 'NONE',  ( 15.00000000000000178, 9.750000000000000000, 12.50000000000000178 ) ) ;
#1846 = CARTESIAN_POINT ( 'NONE',  ( -1.422172698499925447, 4.005184136203163270, 0.4867703006929570697 ) ) ;
#1847 = EDGE_CURVE ( 'NONE', #2483, #834, #1867, .T. ) ;
#1848 = CARTESIAN_POINT ( 'NONE',  ( 19.00000000000000000, -0.000000000000000000, 19.50000000000000355 ) ) ;
#1849 = LINE ( 'NONE', #1807, #824 ) ;
#1850 = ORIENTED_EDGE ( 'NONE', *, *, #508, .F. ) ;
#1851 = CARTESIAN_POINT ( 'NONE',  ( 4.336808689942017736E-16, 34.49999999999999289, 7.500000000000000000 ) ) ;
#1852 = SHAPE_DEFINITION_REPRESENTATION ( #785, #652 ) ;
#1853 = LINE ( 'NONE', #1592, #357 ) ;
#1854 = DIRECTION ( 'NONE',  ( 0.000000000000000000, 0.000000000000000000, 1.000000000000000000 ) ) ;
#1855 = CARTESIAN_POINT ( 'NONE',  ( 0.000000000000000000, -4.250000000000000000, 4.250000000000000000 ) ) ;
#1856 = ADVANCED_FACE ( 'NONE', ( #81 ), #984, .F. ) ;
#1857 = VECTOR ( 'NONE', #723, 1000.000000000000000 ) ;
#1858 = VERTEX_POINT ( 'NONE', #1084 ) ;
#1859 = PLANE ( 'NONE',  #2706 ) ;
#1860 = EDGE_CURVE ( 'NONE', #1259, #2626, #424, .T. ) ;
#1861 = EDGE_LOOP ( 'NONE', ( #2883, #1314, #461, #571 ) ) ;
#1862 = CIRCLE ( 'NONE', #1061, 4.250000000000000000 ) ;
#1863 = EDGE_CURVE ( 'NONE', #2019, #2156, #83, .T. ) ;
#1864 = CARTESIAN_POINT ( 'NONE',  ( -6.000000000000000000, 34.49999999999999289, 4.499999999999997335 ) ) ;
#1865 = DIRECTION ( 'NONE',  ( -1.000000000000000000, 0.000000000000000000, 0.000000000000000000 ) ) ;
#1866 = ORIENTED_EDGE ( 'NONE', *, *, #2574, .T. ) ;
#1867 = LINE ( 'NONE', #307, #1076 ) ;
#1868 = PERSON_AND_ORGANIZATION ( #1488, #1403 ) ;
#1869 = CC_DESIGN_APPROVAL ( #1832, ( #1975 ) ) ;
#1870 = CARTESIAN_POINT ( 'NONE',  ( -4.500000000000000000, 24.99999999999999645, -4.499999999999999112 ) ) ;
#1871 = CIRCLE ( 'NONE', #604, 4.499999999999999112 ) ;
#1872 = PRODUCT ( 'Holder', 'Holder', '', ( #2373 ) ) ;
#1873 = LINE ( 'NONE', #2737, #2289 ) ;
#1874 = DIRECTION ( 'NONE',  ( 0.000000000000000000, -1.000000000000000000, 0.000000000000000000 ) ) ;
#1875 = AXIS2_PLACEMENT_3D ( 'NONE', #841, #2013, #2169 ) ;
#1876 = EDGE_LOOP ( 'NONE', ( #1241, #1368, #439, #246 ) ) ;
#1877 = APPROVAL_PERSON_ORGANIZATION ( #12, #458, #2269 ) ;
#1878 = VECTOR ( 'NONE', #2299, 1000.000000000000000 ) ;
#1879 = CARTESIAN_POINT ( 'NONE',  ( 0.000000000000000000, -4.250000000000000000, 4.250000000000000000 ) ) ;
#1880 = VERTEX_POINT ( 'NONE', #850 ) ;
#1881 = EDGE_LOOP ( 'NONE', ( #1300, #1265, #1928, #1244, #1291, #2878, #1280, #1897, #29, #878 ) ) ;
#1882 = FACE_OUTER_BOUND ( 'NONE', #1101, .T. ) ;
#1883 = LINE ( 'NONE', #553, #2329 ) ;
#1884 = VERTEX_POINT ( 'NONE', #1530 ) ;
#1885 = CARTESIAN_POINT ( 'NONE',  ( -5.000000000000000000, 2.500000000000000000, -7.499999999999999112 ) ) ;
#1886 = CALENDAR_DATE ( 2026, 19, 6 ) ;
#1887 = DIRECTION ( 'NONE',  ( 1.000000000000000000, 0.000000000000000000, 0.000000000000000000 ) ) ;
#1888 = CARTESIAN_POINT ( 'NONE',  ( 5.000000000000000000, 0.000000000000000000, 17.50000000000000000 ) ) ;
#1889 = EDGE_CURVE ( 'NONE', #834, #169, #619, .T. ) ;
#1890 = VERTEX_POINT ( 'NONE', #1996 ) ;
#1891 = CARTESIAN_POINT ( 'NONE',  ( 17.00000000000000000, 1.578427124746182741, 22.50000000000000000 ) ) ;
#1892 = AXIS2_PLACEMENT_3D ( 'NONE', #1269, #588, #405 ) ;
#1893 = EDGE_LOOP ( 'NONE', ( #1327, #1814, #2364, #1557 ) ) ;
#1894 = DIRECTION ( 'NONE',  ( 1.000000000000000000, 0.000000000000000000, -5.782411586589358625E-17 ) ) ;
#1895 = PRODUCT ( 'arm', 'arm', '', ( #1986 ) ) ;
#1896 = CARTESIAN_POINT ( 'NONE',  ( 7.499999999999999112, 0.000000000000000000, -4.500000000000000000 ) ) ;
#1897 = ORIENTED_EDGE ( 'NONE', *, *, #922, .T. ) ;
#1898 = DIRECTION ( 'NONE',  ( -1.000000000000000000, 0.000000000000000000, 0.000000000000000000 ) ) ;
#1899 = EDGE_LOOP ( 'NONE', ( #836, #2857, #1670, #1709, #2583, #2757 ) ) ;
#1900 = COORDINATED_UNIVERSAL_TIME_OFFSET ( 9, 0, .AHEAD. ) ;
#1901 = CARTESIAN_POINT ( 'NONE',  ( -5.000000000000000000, 2.500000000000000000, -17.49999999999999645 ) ) ;
#1902 = DIRECTION ( 'NONE',  ( 0.000000000000000000, 0.000000000000000000, 1.000000000000000000 ) ) ;
#1903 = ADVANCED_FACE ( 'NONE', ( #1748 ), #2419, .T. ) ;
#1904 = EDGE_LOOP ( 'NONE', ( #148, #2689, #2260, #525 ) ) ;
#1905 = CARTESIAN_POINT ( 'NONE',  ( -6.000000000000000888, 34.49999999999999289, -14.40105817143579792 ) ) ;
#1906 = ORIENTED_EDGE ( 'NONE', *, *, #622, .F. ) ;
#1907 = ORIENTED_EDGE ( 'NONE', *, *, #1469, .T. ) ;
#1908 = VECTOR ( 'NONE', #2822, 1000.000000000000000 ) ;
#1909 = CARTESIAN_POINT ( 'NONE',  ( -5.000000000000000000, 0.000000000000000000, 7.500000000000000000 ) ) ;
#1910 = UNCERTAINTY_MEASURE_WITH_UNIT (LENGTH_MEASURE( 1.000000000000000082E-05 ), #2468, 'distance_accuracy_value', 'NONE');
#1911 = DIRECTION ( 'NONE',  ( -1.000000000000000000, 0.000000000000000000, 0.000000000000000000 ) ) ;
#1912 = ORIENTED_EDGE ( 'NONE', *, *, #2523, .F. ) ;
#1913 = EDGE_CURVE ( 'NONE', #2171, #900, #1054, .T. ) ;
#1914 = CARTESIAN_POINT ( 'NONE',  ( 17.00000000000000000, -4.250000000000000000, 16.67157287525381193 ) ) ;
#1915 = ORIENTED_EDGE ( 'NONE', *, *, #630, .T. ) ;
#1916 = COORDINATED_UNIVERSAL_TIME_OFFSET ( 9, 0, .AHEAD. ) ;
#1917 = EDGE_CURVE ( 'NONE', #1380, #1168, #2870, .T. ) ;
#1918 = DIRECTION ( 'NONE',  ( 0.000000000000000000, 0.000000000000000000, -1.000000000000000000 ) ) ;
#1919 = EDGE_CURVE ( 'NONE', #941, #2428, #1615, .T. ) ;
#1920 = LINE ( 'NONE', #759, #2344 ) ;
#1921 = VECTOR ( 'NONE', #2465, 1000.000000000000000 ) ;
#1922 = DIRECTION ( 'NONE',  ( 0.000000000000000000, -1.000000000000000000, 0.000000000000000000 ) ) ;
#1923 = CC_DESIGN_SECURITY_CLASSIFICATION ( #2614, ( #275 ) ) ;
#1924 = EDGE_CURVE ( 'NONE', #693, #103, #1406, .T. ) ;
#1925 = ORIENTED_EDGE ( 'NONE', *, *, #1614, .T. ) ;
#1926 = VECTOR ( 'NONE', #1654, 1000.000000000000000 ) ;
#1927 = CARTESIAN_POINT ( 'NONE',  ( 0.000000000000000000, 0.000000000000000000, 7.500000000000000000 ) ) ;
#1928 = ORIENTED_EDGE ( 'NONE', *, *, #814, .T. ) ;
#1929 = AXIS2_PLACEMENT_3D ( 'NONE', #1691, #576, #201 ) ;
#1930 = ORIENTED_EDGE ( 'NONE', *, *, #299, .T. ) ;
#1931 = CARTESIAN_POINT ( 'NONE',  ( -5.000000000000000000, 2.500000000000000000, 17.50000000000000000 ) ) ;
#1932 = CIRCLE ( 'NONE', #2754, 1.000000000000000888 ) ;
#1933 = VERTEX_POINT ( 'NONE', #2595 ) ;
#1934 = ORIENTED_EDGE ( 'NONE', *, *, #2127, .T. ) ;
#1935 = CALENDAR_DATE ( 2026, 19, 6 ) ;
#1936 = DIRECTION ( 'NONE',  ( -0.000000000000000000, -1.000000000000000000, -0.000000000000000000 ) ) ;
#1937 = DIRECTION ( 'NONE',  ( 1.000000000000000000, -0.000000000000000000, -5.782411586589359857E-17 ) ) ;
#1938 = EDGE_CURVE ( 'NONE', #999, #204, #2405, .T. ) ;
#1939 = APPROVAL ( #2092, 'UNSPECIFIED' ) ;
#1940 = VERTEX_POINT ( 'NONE', #2211 ) ;
#1941 = DIRECTION ( 'NONE',  ( 0.000000000000000000, -1.000000000000000000, 0.000000000000000000 ) ) ;
#1942 = ORIENTED_EDGE ( 'NONE', *, *, #19, .T. ) ;
#1943 = ORIENTED_EDGE ( 'NONE', *, *, #877, .T. ) ;
#1944 = DIRECTION ( 'NONE',  ( 0.000000000000000000, 0.000000000000000000, 1.000000000000000000 ) ) ;
#1945 = EDGE_CURVE ( 'NONE', #787, #649, #386, .T. ) ;
#1946 = FACE_OUTER_BOUND ( 'NONE', #257, .T. ) ;
#1947 = FACE_OUTER_BOUND ( 'NONE', #2594, .T. ) ;
#1948 = ORIENTED_EDGE ( 'NONE', *, *, #2265, .F. ) ;
#1949 = LINE ( 'NONE', #367, #370 ) ;
#1950 = ORIENTED_EDGE ( 'NONE', *, *, #175, .F. ) ;
#1951 = APPLICATION_PROTOCOL_DEFINITION ( 'international standard', 'config_control_design', 1994, #1098 ) ;
#1952 = PLANE ( 'NONE',  #2899 ) ;
#1953 = CARTESIAN_POINT ( 'NONE',  ( 6.000000000000000000, 34.49999999999999289, -4.499999999999999112 ) ) ;
#1954 = ORIENTED_EDGE ( 'NONE', *, *, #996, .T. ) ;
#1955 = LINE ( 'NONE', #1558, #2563 ) ;
#1956 = DIRECTION ( 'NONE',  ( -1.000000000000000000, 0.000000000000000000, 0.000000000000000000 ) ) ;
#1957 = EDGE_LOOP ( 'NONE', ( #603, #1559, #281, #2578 ) ) ;
#1958 = EDGE_LOOP ( 'NONE', ( #180, #104, #1330, #86 ) ) ;
#1959 = FACE_OUTER_BOUND ( 'NONE', #1699, .T. ) ;
#1960 = FACE_OUTER_BOUND ( 'NONE', #514, .T. ) ;
#1961 = EDGE_CURVE ( 'NONE', #2472, #2376, #163, .T. ) ;
#1962 = VECTOR ( 'NONE', #662, 1000.000000000000000 ) ;
#1963 = ORIENTED_EDGE ( 'NONE', *, *, #90, .T. ) ;
#1964 = EDGE_CURVE ( 'NONE', #392, #847, #1949, .T. ) ;
#1965 = DIRECTION ( 'NONE',  ( 0.3162277660168378302, 0.9486832980505138790, -1.828559098217031118E-17 ) ) ;
#1966 = EDGE_LOOP ( 'NONE', ( #779, #362, #2544, #2159 ) ) ;
#1967 = APPROVAL ( #165, 'UNSPECIFIED' ) ;
#1968 = PERSON_AND_ORGANIZATION ( #1488, #1403 ) ;
#1969 = VECTOR ( 'NONE', #1841, 1000.000000000000000 ) ;
#1970 = FACE_OUTER_BOUND ( 'NONE', #1958, .T. ) ;
#1971 = LINE ( 'NONE', #589, #977 ) ;
#1972 = ORIENTED_EDGE ( 'NONE', *, *, #353, .T. ) ;
#1973 = LINE ( 'NONE', #1046, #1203 ) ;
#1974 = CARTESIAN_POINT ( 'NONE',  ( 15.00000000000000000, 14.24999999999998579, 20.00000000000000711 ) ) ;
#1975 = SECURITY_CLASSIFICATION ( '', '', #1750 ) ;
#1976 = EDGE_LOOP ( 'NONE', ( #796, #1701, #272, #1866 ) ) ;
#1977 = VECTOR ( 'NONE', #1941, 1000.000000000000000 ) ;
#1978 = MANIFOLD_SOLID_BREP ( 'Boss-Extrude7', #587 ) ;
#1979 = DIRECTION ( 'NONE',  ( 0.000000000000000000, 0.000000000000000000, -1.000000000000000000 ) ) ;
#1980 = AXIS2_PLACEMENT_3D ( 'NONE', #271, #2288, #2032 ) ;
#1981 = EDGE_CURVE ( 'NONE', #592, #2667, #2022, .T. ) ;
#1982 = VERTEX_POINT ( 'NONE', #415 ) ;
#1983 = VECTOR ( 'NONE', #1576, 1000.000000000000000 ) ;
#1984 = CARTESIAN_POINT ( 'NONE',  ( 15.00000000000000000, 14.24999999999999112, -21.00000000000000711 ) ) ;
#1985 = ORIENTED_EDGE ( 'NONE', *, *, #1889, .F. ) ;
#1986 = MECHANICAL_CONTEXT ( 'NONE', #2834, 'mechanical' ) ;
#1987 = LINE ( 'NONE', #1554, #881 ) ;
#1988 = PLANE ( 'NONE',  #1875 ) ;
#1989 = VERTEX_POINT ( 'NONE', #1306 ) ;
#1990 = DIRECTION ( 'NONE',  ( -1.000000000000000000, -0.000000000000000000, -0.000000000000000000 ) ) ;
#1991 = CARTESIAN_POINT ( 'NONE',  ( 15.00000000000000000, -4.250000000000000000, -22.50000000000000000 ) ) ;
#1992 = EDGE_CURVE ( 'NONE', #416, #1982, #1266, .T. ) ;
#1993 = VERTEX_POINT ( 'NONE', #2824 ) ;
#1994 = DIRECTION ( 'NONE',  ( 0.000000000000000000, -1.445602896647339656E-16, 1.000000000000000000 ) ) ;
#1995 = EDGE_LOOP ( 'NONE', ( #2143, #2747, #780, #1729 ) ) ;
#1996 = CARTESIAN_POINT ( 'NONE',  ( 15.00000000000000000, 15.75000000000000000, 22.50000000000000000 ) ) ;
#1997 = ORIENTED_EDGE ( 'NONE', *, *, #1863, .F. ) ;
#1998 = ADVANCED_FACE ( 'NONE', ( #818 ), #2856, .T. ) ;
#1999 = DATE_AND_TIME ( #2658, #2894 ) ;
#2000 = DIRECTION ( 'NONE',  ( 0.000000000000000000, -0.000000000000000000, 1.000000000000000000 ) ) ;
#2001 = DIRECTION ( 'NONE',  ( 0.000000000000000000, 0.000000000000000000, -1.000000000000000000 ) ) ;
#2002 = ORIENTED_EDGE ( 'NONE', *, *, #2083, .T. ) ;
#2003 = DIRECTION ( 'NONE',  ( 0.000000000000000000, -1.000000000000000000, 2.891205793294678326E-16 ) ) ;
#2004 = DIRECTION ( 'NONE',  ( -1.000000000000000000, 0.000000000000000000, -0.000000000000000000 ) ) ;
#2005 = EDGE_CURVE ( 'NONE', #1041, #1800, #1100, .T. ) ;
#2006 = EDGE_LOOP ( 'NONE', ( #883, #421, #328, #1798 ) ) ;
#2007 = DIRECTION ( 'NONE',  ( 0.000000000000000000, 1.000000000000000000, 2.891205793294678326E-16 ) ) ;
#2008 = ORIENTED_EDGE ( 'NONE', *, *, #1392, .F. ) ;
#2009 = DIRECTION ( 'NONE',  ( 0.000000000000000000, 0.000000000000000000, 1.000000000000000000 ) ) ;
#2010 = ORIENTED_EDGE ( 'NONE', *, *, #1650, .T. ) ;
#2011 = CALENDAR_DATE ( 2026, 19, 6 ) ;
#2012 = LINE ( 'NONE', #687, #2489 ) ;
#2013 = DIRECTION ( 'NONE',  ( 0.000000000000000000, 1.000000000000000000, 0.000000000000000000 ) ) ;
#2014 = AXIS2_PLACEMENT_3D ( 'NONE', #1037, #1302, #1317 ) ;
#2015 = AXIS2_PLACEMENT_3D ( 'NONE', #1901, #2585, #2769 ) ;
#2016 = EDGE_LOOP ( 'NONE', ( #1502, #2776, #2166, #1494 ) ) ;
#2017 = DIRECTION ( 'NONE',  ( 0.000000000000000000, 0.000000000000000000, 1.000000000000000000 ) ) ;
#2018 = LINE ( 'NONE', #1326, #837 ) ;
#2019 = VERTEX_POINT ( 'NONE', #58 ) ;
#2020 = APPROVAL_PERSON_ORGANIZATION ( #1206, #1426, #2546 ) ;
#2021 = CARTESIAN_POINT ( 'NONE',  ( -0.1981303816450556976, 4.246479397449501647, 1.490105809133452697 ) ) ;
#2022 = CIRCLE ( 'NONE', #552, 1.000000000000000888 ) ;
#2023 = DIRECTION ( 'NONE',  ( 0.3162277660168377746, 0.9486832980505138790, -1.626146086005674860E-17 ) ) ;
#2024 = DIRECTION ( 'NONE',  ( 0.000000000000000000, 0.000000000000000000, -1.000000000000000000 ) ) ;
#2025 =( GEOMETRIC_REPRESENTATION_CONTEXT ( 3 ) GLOBAL_UNCERTAINTY_ASSIGNED_CONTEXT ( ( #2839 ) ) GLOBAL_UNIT_ASSIGNED_CONTEXT ( ( #704, #1334, #1603 ) ) REPRESENTATION_CONTEXT ( 'NONE', 'WORKASPACE' ) );
#2026 = CARTESIAN_POINT ( 'NONE',  ( -7.499999999999999112, 30.00000000000000000, 4.499999999999996447 ) ) ;
#2027 = PERSON_AND_ORGANIZATION_ROLE ( 'creator' ) ;
#2028 = VECTOR ( 'NONE', #265, 1000.000000000000000 ) ;
#2029 = ORIENTED_EDGE ( 'NONE', *, *, #2716, .T. ) ;
#2030 = DIRECTION ( 'NONE',  ( 1.000000000000000000, 0.000000000000000000, 0.000000000000000000 ) ) ;
#2031 = ORIENTED_EDGE ( 'NONE', *, *, #877, .F. ) ;
#2032 = DIRECTION ( 'NONE',  ( 0.000000000000000000, 0.000000000000000000, 1.000000000000000000 ) ) ;
#2033 = EDGE_CURVE ( 'NONE', #1940, #2610, #2099, .T. ) ;
#2034 = CC_DESIGN_PERSON_AND_ORGANIZATION_ASSIGNMENT ( #2339, #2315, ( #892 ) ) ;
#2035 = ORIENTED_EDGE ( 'NONE', *, *, #1992, .F. ) ;
#2036 = CARTESIAN_POINT ( 'NONE',  ( -1.422771082097953776, 4.004976908192186436, -0.4852908045349728083 ) ) ;
#2037 = CARTESIAN_POINT ( 'NONE',  ( 17.00000000000000000, 9.921572875253806600, 16.67157287525380482 ) ) ;
#2038 = EDGE_CURVE ( 'NONE', #2350, #401, #2799, .T. ) ;
#2039 = CARTESIAN_POINT ( 'NONE',  ( -4.499999999999999112, 0.000000000000000000, 4.499999999999999112 ) ) ;
#2040 = CARTESIAN_POINT ( 'NONE',  ( -4.999999999999996447, 0.000000000000000000, -7.499999999999998224 ) ) ;
#2041 = DIRECTION ( 'NONE',  ( 1.000000000000000000, 0.000000000000000000, 0.000000000000000000 ) ) ;
#2042 = CARTESIAN_POINT ( 'NONE',  ( 20.00000000000000000, 9.921572875253824364, -5.737061795105841326E-15 ) ) ;
#2043 = DIRECTION ( 'NONE',  ( 0.000000000000000000, 1.000000000000000000, 0.000000000000000000 ) ) ;
#2044 = CARTESIAN_POINT ( 'NONE',  ( 15.00000000000000000, -2.750000000000014211, 22.00000000000000355 ) ) ;
#2045 = ORIENTED_EDGE ( 'NONE', *, *, #27, .F. ) ;
#2046 = CARTESIAN_POINT ( 'NONE',  ( -0.9240637672630813704, 4.150741890298760062, 1.197391833506870507 ) ) ;
#2047 = EDGE_CURVE ( 'NONE', #332, #392, #1781, .T. ) ;
#2048 = PLANE ( 'NONE',  #1057 ) ;
#2049 = CC_DESIGN_PERSON_AND_ORGANIZATION_ASSIGNMENT ( #1968, #1504, ( #2614 ) ) ;
#2050 = CARTESIAN_POINT ( 'NONE',  ( 4.250000000000000000, 5.204748896376250699E-16, 7.500000000000000000 ) ) ;
#2051 = CIRCLE ( 'NONE', #590, 4.499999999999999112 ) ;
#2052 = CARTESIAN_POINT ( 'NONE',  ( -0.6677296873885419926, -4.198219355812278231, 1.346782657481739198 ) ) ;
#2053 = VECTOR ( 'NONE', #1994, 1000.000000000000000 ) ;
#2054 = DIRECTION ( 'NONE',  ( 1.000000000000000000, -0.000000000000000000, -5.782411586589359857E-17 ) ) ;
#2055 = ORIENTED_EDGE ( 'NONE', *, *, #2506, .F. ) ;
#2056 = DIRECTION ( 'NONE',  ( -1.000000000000000000, 0.000000000000000000, 0.000000000000000000 ) ) ;
#2057 = AXIS2_PLACEMENT_3D ( 'NONE', #124, #640, #2017 ) ;
#2058 = ORIENTED_EDGE ( 'NONE', *, *, #44, .T. ) ;
#2059 = CARTESIAN_POINT ( 'NONE',  ( 5.999999999999998224, 34.49999999999999289, -7.499999999999998224 ) ) ;
#2060 = DIRECTION ( 'NONE',  ( 0.3162277660168377746, 0.9486832980505138790, 0.000000000000000000 ) ) ;
#2061 = ADVANCED_FACE ( 'NONE', ( #209, #1187 ), #1404, .F. ) ;
#2062 = ORGANIZATION ( 'NAUO-ORG1', 'UNSPECIFIED', 'UNSPECIFIED' ) ;
#2063 = VECTOR ( 'NONE', #1381, 1000.000000000000000 ) ;
#2064 = LINE ( 'NONE', #2026, #325 ) ;
#2065 = CARTESIAN_POINT ( 'NONE',  ( 0.000000000000000000, 0.000000000000000000, -7.500000000000000000 ) ) ;
#2066 = CIRCLE ( 'NONE', #1264, 2.999999999999999112 ) ;
#2067 = DIRECTION ( 'NONE',  ( 1.000000000000000000, -0.000000000000000000, -0.000000000000000000 ) ) ;
#2068 = ORIENTED_EDGE ( 'NONE', *, *, #2448, .F. ) ;
#2069 = CYLINDRICAL_SURFACE ( 'NONE', #2451, 1.000000000000000888 ) ;
#2070 = VECTOR ( 'NONE', #127, 1000.000000000000000 ) ;
#2071 = VERTEX_POINT ( 'NONE', #274 ) ;
#2072 = CARTESIAN_POINT ( 'NONE',  ( 0.000000000000000000, 0.000000000000000000, 7.500000000000000000 ) ) ;
#2073 = DIRECTION ( 'NONE',  ( 1.000000000000000000, -0.000000000000000000, -5.782411586589358625E-17 ) ) ;
#2074 = CARTESIAN_POINT ( 'NONE',  ( 8.327284562965771150E-16, 34.49999999999999289, 14.40105817143579614 ) ) ;
#2075 = DIRECTION ( 'NONE',  ( -0.000000000000000000, -0.000000000000000000, -1.000000000000000000 ) ) ;
#2076 = ORIENTED_EDGE ( 'NONE', *, *, #1001, .T. ) ;
#2077 = EDGE_CURVE ( 'NONE', #1526, #488, #2540, .T. ) ;
#2078 = CARTESIAN_POINT ( 'NONE',  ( -5.000000000000000000, 0.000000000000000000, 17.50000000000000000 ) ) ;
#2079 = PERSON_AND_ORGANIZATION ( #1488, #1403 ) ;
#2080 = CARTESIAN_POINT ( 'NONE',  ( 5.000000000000000000, 0.000000000000000000, -7.499999999999999112 ) ) ;
#2081 = CC_DESIGN_PERSON_AND_ORGANIZATION_ASSIGNMENT ( #866, #650, ( #1895 ) ) ;
#2082 = LINE ( 'NONE', #447, #68 ) ;
#2083 = EDGE_CURVE ( 'NONE', #2881, #2272, #2882, .T. ) ;
#2084 = DIRECTION ( 'NONE',  ( 0.000000000000000000, 0.000000000000000000, 1.000000000000000000 ) ) ;
#2085 = ORIENTED_EDGE ( 'NONE', *, *, #2492, .T. ) ;
#2086 = CARTESIAN_POINT ( 'NONE',  ( 7.499999999999999112, 30.00000000000000000, -4.499999999999999112 ) ) ;
#2087 = ORIENTED_EDGE ( 'NONE', *, *, #75, .T. ) ;
#2088 = VERTEX_POINT ( 'NONE', #2291 ) ;
#2089 = DIRECTION ( 'NONE',  ( -1.000000000000000000, 0.000000000000000000, 0.000000000000000000 ) ) ;
#2090 = VERTEX_POINT ( 'NONE', #1763 ) ;
#2091 = DIRECTION ( 'NONE',  ( -5.782411586589357392E-17, 0.000000000000000000, -1.000000000000000000 ) ) ;
#2092 = APPROVAL_STATUS ( 'not_yet_approved' ) ;
#2093 = DIRECTION ( 'NONE',  ( 0.000000000000000000, 0.000000000000000000, -1.000000000000000000 ) ) ;
#2094 = CARTESIAN_POINT ( 'NONE',  ( 4.250000000000000000, -4.250000000000000000, -1.000000000000000000 ) ) ;
#2095 = DIRECTION ( 'NONE',  ( -1.000000000000000000, 0.000000000000000000, -0.000000000000000000 ) ) ;
#2096 = AXIS2_PLACEMENT_3D ( 'NONE', #2510, #2474, #2060 ) ;
#2097 = AXIS2_PLACEMENT_3D ( 'NONE', #550, #1451, #1697 ) ;
#2098 = ORIENTED_EDGE ( 'NONE', *, *, #2280, .F. ) ;
#2099 = LINE ( 'NONE', #1319, #232 ) ;
#2100 = VECTOR ( 'NONE', #2408, 1000.000000000000000 ) ;
#2101 = ORIENTED_EDGE ( 'NONE', *, *, #2450, .T. ) ;
#2102 = LINE ( 'NONE', #2580, #2142 ) ;
#2103 = VERTEX_POINT ( 'NONE', #2671 ) ;
#2104 = DIRECTION ( 'NONE',  ( -1.000000000000000000, -0.000000000000000000, -0.000000000000000000 ) ) ;
#2105 = PERSON_AND_ORGANIZATION ( #1488, #1403 ) ;
#2106 = LOCAL_TIME ( 15, 10, 18.00000000000000000, #2150 ) ;
#2107 = CIRCLE ( 'NONE', #505, 4.499999999999999112 ) ;
#2108 = DIRECTION ( 'NONE',  ( 0.000000000000000000, 0.000000000000000000, 1.000000000000000000 ) ) ;
#2109 = DIRECTION ( 'NONE',  ( 1.000000000000000000, -0.000000000000000000, -0.000000000000000000 ) ) ;
#2110 = AXIS2_PLACEMENT_3D ( 'NONE', #2360, #355, #2586 ) ;
#2111 = B_SPLINE_CURVE_WITH_KNOTS ( 'NONE', 3,
 ( #913, #1618, #2316, #2697, #1604, #499, #730, #1181, #689, #1352, #2283, #1415, #2491, #2259, #474, #242, #1366, #268, #1395, #42, #2052, #2301, #26, #925, #1826, #2712 ),
 .UNSPECIFIED., .F., .F.,
 ( 4, 2, 2, 2, 2, 2, 2, 2, 2, 2, 2, 2, 4 ),
 ( 0.004728095389529698295, 0.005318967130861002555, 0.005614403001526655120, 0.005909838872192307684, 0.006500710613523611944, 0.006796146484189264508, 0.007091582354854917072, 0.007682454096186222200, 0.008273325837517527329, 0.008568761708183179893, 0.008864197578848832457, 0.009159633449514485021, 0.009455069320180135850 ),
 .UNSPECIFIED. ) ;
#2112 = ORIENTED_EDGE ( 'NONE', *, *, #1140, .F. ) ;
#2113 = AXIS2_PLACEMENT_3D ( 'NONE', #2640, #1516, #1716 ) ;
#2114 = ADVANCED_FACE ( 'NONE', ( #1566 ), #1419, .T. ) ;
#2115 = DIRECTION ( 'NONE',  ( -1.000000000000000000, 0.000000000000000000, -0.000000000000000000 ) ) ;
#2116 = ORIENTED_EDGE ( 'NONE', *, *, #1363, .T. ) ;
#2117 = LINE ( 'NONE', #2809, #958 ) ;
#2118 = ORIENTED_EDGE ( 'NONE', *, *, #1599, .T. ) ;
#2119 = EDGE_CURVE ( 'NONE', #1989, #2675, #648, .T. ) ;
#2120 = CARTESIAN_POINT ( 'NONE',  ( 5.000000000000000000, 2.500000000000000000, 7.500000000000000000 ) ) ;
#2121 = ORIENTED_EDGE ( 'NONE', *, *, #1305, .F. ) ;
#2122 = PERSON_AND_ORGANIZATION ( #1488, #1403 ) ;
#2123 = DIRECTION ( 'NONE',  ( 1.000000000000000000, 0.000000000000000000, 0.000000000000000000 ) ) ;
#2124 = CARTESIAN_POINT ( 'NONE',  ( 20.00000000000000000, 1.578427124746188071, -22.50000000000000000 ) ) ;
#2125 = CARTESIAN_POINT ( 'NONE',  ( 5.000000000000000000, 2.500000000000000000, -7.499999999999999112 ) ) ;
#2126 = ORIENTED_EDGE ( 'NONE', *, *, #1961, .T. ) ;
#2127 = EDGE_CURVE ( 'NONE', #566, #660, #2320, .T. ) ;
#2128 = ORIENTED_EDGE ( 'NONE', *, *, #2348, .T. ) ;
#2129 = LINE ( 'NONE', #1931, #1482 ) ;
#2130 = ADVANCED_FACE ( 'NONE', ( #441 ), #1859, .T. ) ;
#2131 = DIRECTION ( 'NONE',  ( -0.000000000000000000, 1.000000000000000000, 0.000000000000000000 ) ) ;
#2132 = VERTEX_POINT ( 'NONE', #1329 ) ;
#2133 = PLANE ( 'NONE',  #2852 ) ;
#2134 = EDGE_LOOP ( 'NONE', ( #665, #889, #856, #2008 ) ) ;
#2135 = COORDINATED_UNIVERSAL_TIME_OFFSET ( 9, 0, .AHEAD. ) ;
#2136 = EDGE_CURVE ( 'NONE', #2218, #790, #429, .T. ) ;
#2137 = CARTESIAN_POINT ( 'NONE',  ( 19.00000000000000000, -0.000000000000000000, -19.50000000000000000 ) ) ;
#2138 = DIRECTION ( 'NONE',  ( 1.000000000000000000, 0.000000000000000000, 0.000000000000000000 ) ) ;
#2139 = ORIENTED_EDGE ( 'NONE', *, *, #1462, .T. ) ;
#2140 = DIRECTION ( 'NONE',  ( 0.000000000000000000, 0.000000000000000000, 1.000000000000000000 ) ) ;
#2141 = ORIENTED_EDGE ( 'NONE', *, *, #1087, .T. ) ;
#2142 = VECTOR ( 'NONE', #978, 1000.000000000000000 ) ;
#2143 = ORIENTED_EDGE ( 'NONE', *, *, #356, .F. ) ;
#2144 = PLANE ( 'NONE',  #114 ) ;
#2145 = VECTOR ( 'NONE', #1619, 1000.000000000000000 ) ;
#2146 = ORIENTED_EDGE ( 'NONE', *, *, #2767, .T. ) ;
#2147 = CARTESIAN_POINT ( 'NONE',  ( 7.500000000000000000, 0.000000000000000000, 7.499999999999999112 ) ) ;
#2148 = EDGE_LOOP ( 'NONE', ( #1948, #1907, #92, #579 ) ) ;
#2149 = EDGE_CURVE ( 'NONE', #401, #1513, #221, .T. ) ;
#2150 = COORDINATED_UNIVERSAL_TIME_OFFSET ( 9, 0, .AHEAD. ) ;
#2151 = CYLINDRICAL_SURFACE ( 'NONE', #2538, 1.000000000000000888 ) ;
#2152 = DIRECTION ( 'NONE',  ( 1.000000000000000000, 0.000000000000000000, 0.000000000000000000 ) ) ;
#2153 = APPLICATION_CONTEXT ( 'configuration controlled 3d designs of mechanical parts and assemblies' ) ;
#2154 = CIRCLE ( 'NONE', #2207, 1.000000000000000888 ) ;
#2155 = SECURITY_CLASSIFICATION ( '', '', #149 ) ;
#2156 = VERTEX_POINT ( 'NONE', #957 ) ;
#2157 = VECTOR ( 'NONE', #1138, 1000.000000000000000 ) ;
#2158 = DIRECTION ( 'NONE',  ( -0.000000000000000000, 0.000000000000000000, 1.000000000000000000 ) ) ;
#2159 = ORIENTED_EDGE ( 'NONE', *, *, #396, .F. ) ;
#2160 = DIRECTION ( 'NONE',  ( -0.000000000000000000, -0.000000000000000000, 1.000000000000000000 ) ) ;
#2161 = ORIENTED_EDGE ( 'NONE', *, *, #2453, .T. ) ;
#2162 = DIRECTION ( 'NONE',  ( 0.000000000000000000, -1.000000000000000000, 0.000000000000000000 ) ) ;
#2163 = VECTOR ( 'NONE', #2501, 1000.000000000000000 ) ;
#2164 = ORIENTED_EDGE ( 'NONE', *, *, #2383, .T. ) ;
#2165 = DIRECTION ( 'NONE',  ( 5.782411586589359857E-17, -0.000000000000000000, 1.000000000000000000 ) ) ;
#2166 = ORIENTED_EDGE ( 'NONE', *, *, #2431, .T. ) ;
#2167 = DATE_AND_TIME ( #1532, #1780 ) ;
#2168 = LINE ( 'NONE', #805, #2797 ) ;
#2169 = DIRECTION ( 'NONE',  ( 0.000000000000000000, -0.000000000000000000, 1.000000000000000000 ) ) ;
#2170 = CC_DESIGN_PERSON_AND_ORGANIZATION_ASSIGNMENT ( #757, #1000, ( #1332 ) ) ;
#2171 = VERTEX_POINT ( 'NONE', #1113 ) ;
#2172 = EDGE_CURVE ( 'NONE', #874, #1933, #492, .T. ) ;
#2173 = LINE ( 'NONE', #827, #25 ) ;
#2174 = LINE ( 'NONE', #531, #1170 ) ;
#2175 = EDGE_CURVE ( 'NONE', #1789, #2071, #1612, .T. ) ;
#2176 = ORIENTED_EDGE ( 'NONE', *, *, #1444, .F. ) ;
#2177 = EDGE_CURVE ( 'NONE', #1083, #381, #1871, .T. ) ;
#2178 = VERTEX_POINT ( 'NONE', #2521 ) ;
#2179 = FACE_OUTER_BOUND ( 'NONE', #188, .T. ) ;
#2180 = DIRECTION ( 'NONE',  ( -0.9486832980505138790, 0.3162277660168377746, 5.485677294651097667E-17 ) ) ;
#2181 = ORIENTED_EDGE ( 'NONE', *, *, #1305, .T. ) ;
#2182 = DIRECTION ( 'NONE',  ( 1.000000000000000000, -0.000000000000000000, 0.000000000000000000 ) ) ;
#2183 = ORIENTED_EDGE ( 'NONE', *, *, #846, .F. ) ;
#2184 = COORDINATED_UNIVERSAL_TIME_OFFSET ( 9, 0, .AHEAD. ) ;
#2185 = CARTESIAN_POINT ( 'NONE',  ( -4.499999999999999112, 0.000000000000000000, 4.499999999999999112 ) ) ;
#2186 = DIRECTION ( 'NONE',  ( 0.000000000000000000, -1.000000000000000000, 0.000000000000000000 ) ) ;
#2187 = EDGE_LOOP ( 'NONE', ( #343, #1686, #1802, #1762 ) ) ;
#2188 = FACE_OUTER_BOUND ( 'NONE', #2621, .T. ) ;
#2189 = DIRECTION ( 'NONE',  ( 0.000000000000000000, 0.000000000000000000, -1.000000000000000000 ) ) ;
#2190 = ORIENTED_EDGE ( 'NONE', *, *, #661, .T. ) ;
#2191 = CYLINDRICAL_SURFACE ( 'NONE', #1769, 4.250000000000000000 ) ;
#2192 = AXIS2_PLACEMENT_3D ( 'NONE', #1479, #2089, #2760 ) ;
#2193 = VECTOR ( 'NONE', #1712, 1000.000000000000000 ) ;
#2194 = ORIENTED_EDGE ( 'NONE', *, *, #674, .F. ) ;
#2195 = DIRECTION ( 'NONE',  ( -1.000000000000000000, -0.000000000000000000, -0.000000000000000000 ) ) ;
#2196 = EDGE_LOOP ( 'NONE', ( #1045, #1230, #2234, #997 ) ) ;
#2197 = VECTOR ( 'NONE', #2108, 1000.000000000000000 ) ;
#2198 = EDGE_CURVE ( 'NONE', #2504, #1445, #1034, .T. ) ;
#2199 = DIRECTION ( 'NONE',  ( 1.000000000000000000, -0.000000000000000000, -5.782411586589358625E-17 ) ) ;
#2200 = DIRECTION ( 'NONE',  ( 0.000000000000000000, 0.000000000000000000, 1.000000000000000000 ) ) ;
#2201 = ORIENTED_EDGE ( 'NONE', *, *, #179, .T. ) ;
#2202 = LINE ( 'NONE', #189, #772 ) ;
#2203 = CARTESIAN_POINT ( 'NONE',  ( 7.499999999999999112, 0.000000000000000000, -7.499999999999999112 ) ) ;
#2204 = LOCAL_TIME ( 15, 10, 18.00000000000000000, #1071 ) ;
#2205 = ORIENTED_EDGE ( 'NONE', *, *, #1945, .F. ) ;
#2206 = EDGE_CURVE ( 'NONE', #948, #350, #187, .T. ) ;
#2207 = AXIS2_PLACEMENT_3D ( 'NONE', #191, #216, #2832 ) ;
#2208 = CARTESIAN_POINT ( 'NONE',  ( 19.00000000000000000, -2.749999999999992006, -20.00000000000001421 ) ) ;
#2209 = AXIS2_PLACEMENT_3D ( 'NONE', #987, #2138, #1704 ) ;
#2210 = ORIENTED_EDGE ( 'NONE', *, *, #2198, .T. ) ;
#2211 = CARTESIAN_POINT ( 'NONE',  ( 5.000000000000000000, 0.000000000000000000, 7.499999999999999112 ) ) ;
#2212 = ORIENTED_EDGE ( 'NONE', *, *, #418, .F. ) ;
#2213 = APPROVAL_ROLE ( '' ) ;
#2214 = ADVANCED_FACE ( 'NONE', ( #989 ), #2398, .F. ) ;
#2215 = CARTESIAN_POINT ( 'NONE',  ( 15.00000000000000000, 15.75000000000000000, 22.50000000000000000 ) ) ;
#2216 = DIRECTION ( 'NONE',  ( 0.3162277660168381077, -0.9486832980505137680, -1.828559098217032658E-17 ) ) ;
#2217 = AXIS2_PLACEMENT_3D ( 'NONE', #2874, #822, #2631 ) ;
#2218 = VERTEX_POINT ( 'NONE', #2551 ) ;
#2219 = CARTESIAN_POINT ( 'NONE',  ( 15.00000000000000178, 15.75000000000000000, 12.50000000000000000 ) ) ;
#2220 = EDGE_LOOP ( 'NONE', ( #2603, #2579, #2853, #755 ) ) ;
#2221 = DIRECTION ( 'NONE',  ( 0.000000000000000000, 0.000000000000000000, -1.000000000000000000 ) ) ;
#2222 = VERTEX_POINT ( 'NONE', #1891 ) ;
#2223 = FACE_OUTER_BOUND ( 'NONE', #2564, .T. ) ;
#2224 = EDGE_LOOP ( 'NONE', ( #2068, #287, #2764, #807 ) ) ;
#2225 = DIRECTION ( 'NONE',  ( 1.000000000000000000, 0.000000000000000000, 0.000000000000000000 ) ) ;
#2226 = FACE_OUTER_BOUND ( 'NONE', #313, .T. ) ;
#2227 = CALENDAR_DATE ( 2026, 19, 6 ) ;
#2228 = EDGE_CURVE ( 'NONE', #1993, #2600, #2295, .T. ) ;
#2229 = DIRECTION ( 'NONE',  ( -0.000000000000000000, 1.000000000000000000, 1.734723475976806848E-16 ) ) ;
#2230 = SHAPE_REPRESENTATION_RELATIONSHIP ( 'NONE' , 'NONE' ,  #400, #1564 ) ;
#2231 = EDGE_CURVE ( 'NONE', #301, #2350, #563, .T. ) ;
#2232 = EDGE_LOOP ( 'NONE', ( #1190, #1450, #1248, #2194, #1567, #1171, #385, #1515, #580, #2126, #612, #1522 ) ) ;
#2233 = DIRECTION ( 'NONE',  ( 1.000000000000000000, 0.000000000000000000, 0.000000000000000000 ) ) ;
#2234 = ORIENTED_EDGE ( 'NONE', *, *, #245, .T. ) ;
#2235 = CARTESIAN_POINT ( 'NONE',  ( 7.499999999999999112, 0.000000000000000000, -4.500000000000000000 ) ) ;
#2236 = ORIENTED_EDGE ( 'NONE', *, *, #2702, .T. ) ;
#2237 = CARTESIAN_POINT ( 'NONE',  ( -0.09997737372510656639, 4.249999999999999112, 1.500000000000000222 ) ) ;
#2238 = AXIS2_PLACEMENT_3D ( 'NONE', #676, #2024, #21 ) ;
#2239 = DIRECTION ( 'NONE',  ( -0.000000000000000000, 1.000000000000000000, 1.734723475976806848E-16 ) ) ;
#2240 = DIRECTION ( 'NONE',  ( 0.000000000000000000, 0.000000000000000000, 1.000000000000000000 ) ) ;
#2241 = VECTOR ( 'NONE', #961, 1000.000000000000000 ) ;
#2242 = FACE_OUTER_BOUND ( 'NONE', #2134, .T. ) ;
#2243 = MECHANICAL_CONTEXT ( 'NONE', #76, 'mechanical' ) ;
#2244 = VECTOR ( 'NONE', #2593, 1000.000000000000000 ) ;
#2245 = AXIS2_PLACEMENT_3D ( 'NONE', #2865, #858, #422 ) ;
#2246 = VERTEX_POINT ( 'NONE', #1447 ) ;
#2247 = CARTESIAN_POINT ( 'NONE',  ( 15.00000000000000000, 4.250000000000000000, 4.250000000000000000 ) ) ;
#2248 = ORIENTED_EDGE ( 'NONE', *, *, #846, .T. ) ;
#2249 = CARTESIAN_POINT ( 'NONE',  ( 4.500000000000000000, 30.00000000000000000, 4.499999999999999112 ) ) ;
#2250 = ORIENTED_EDGE ( 'NONE', *, *, #1751, .F. ) ;
#2251 = EDGE_CURVE ( 'NONE', #734, #1736, #2665, .T. ) ;
#2252 = CARTESIAN_POINT ( 'NONE',  ( 7.499999999999999112, 0.000000000000000000, -7.499999999999999112 ) ) ;
#2253 = VECTOR ( 'NONE', #1965, 999.9999999999998863 ) ;
#2254 = LINE ( 'NONE', #1142, #2328 ) ;
#2255 = VECTOR ( 'NONE', #2393, 1000.000000000000000 ) ;
#2256 = LOCAL_TIME ( 15, 10, 18.00000000000000000, #292 ) ;
#2257 = AXIS2_PLACEMENT_3D ( 'NONE', #1393, #1646, #2568 ) ;
#2258 = CARTESIAN_POINT ( 'NONE',  ( 15.00000000000000000, 4.250000000000000000, -4.250000000000000000 ) ) ;
#2259 = CARTESIAN_POINT ( 'NONE',  ( -1.499949624266966319, -3.976512432717216772, 0.1980670398101016250 ) ) ;
#2260 = ORIENTED_EDGE ( 'NONE', *, *, #1825, .T. ) ;
#2261 = CARTESIAN_POINT ( 'NONE',  ( 5.000000000000000000, 2.500000000000000000, -17.49999999999999645 ) ) ;
#2262 = CARTESIAN_POINT ( 'NONE',  ( 0.000000000000000000, 4.250000000000000000, 4.250000000000000000 ) ) ;
#2263 = EDGE_CURVE ( 'NONE', #1993, #1412, #1463, .T. ) ;
#2264 = ORIENTED_EDGE ( 'NONE', *, *, #2423, .F. ) ;
#2265 = EDGE_CURVE ( 'NONE', #2813, #557, #797, .T. ) ;
#2266 = CARTESIAN_POINT ( 'NONE',  ( 19.00000000000000000, 14.24999999999998579, 22.00000000000001066 ) ) ;
#2267 = CARTESIAN_POINT ( 'NONE',  ( 0.000000000000000000, -4.250000000000000000, 0.000000000000000000 ) ) ;
#2268 = CARTESIAN_POINT ( 'NONE',  ( 7.499999999999999112, 24.99999999999999645, -4.500000000000000000 ) ) ;
#2269 = APPROVAL_ROLE ( '' ) ;
#2270 = DIRECTION ( 'NONE',  ( 0.000000000000000000, 0.000000000000000000, 1.000000000000000000 ) ) ;
#2271 = DIRECTION ( 'NONE',  ( -0.000000000000000000, 0.000000000000000000, -1.000000000000000000 ) ) ;
#2272 = VERTEX_POINT ( 'NONE', #1476 ) ;
#2273 = DIRECTION ( 'NONE',  ( 0.9486832980505137680, 0.3162277660168379967, -5.485677294651097051E-17 ) ) ;
#2274 = ORIENTED_EDGE ( 'NONE', *, *, #1720, .T. ) ;
#2275 = EDGE_CURVE ( 'NONE', #1198, #416, #2576, .T. ) ;
#2276 = DIRECTION ( 'NONE',  ( 1.000000000000000000, -0.000000000000000000, -0.000000000000000000 ) ) ;
#2277 = CARTESIAN_POINT ( 'NONE',  ( 15.00000000000000000, 4.250000000000000000, 4.250000000000000000 ) ) ;
#2278 = FACE_OUTER_BOUND ( 'NONE', #597, .T. ) ;
#2279 = DIRECTION ( 'NONE',  ( -1.000000000000000000, 0.000000000000000000, 0.000000000000000000 ) ) ;
#2280 = EDGE_CURVE ( 'NONE', #2272, #1512, #2377, .T. ) ;
#2281 = PERSON_AND_ORGANIZATION ( #1488, #1403 ) ;
#2282 = VECTOR ( 'NONE', #763, 1000.000000000000000 ) ;
#2283 = CARTESIAN_POINT ( 'NONE',  ( -1.451350476896065445, -3.994559612625006917, -0.3914600842351725896 ) ) ;
#2284 = EDGE_CURVE ( 'NONE', #301, #2554, #101, .T. ) ;
#2285 = VECTOR ( 'NONE', #1685, 1000.000000000000000 ) ;
#2286 = CARTESIAN_POINT ( 'NONE',  ( 20.00000000000000000, 9.921572875253811929, -22.50000000000000000 ) ) ;
#2287 = ORIENTED_EDGE ( 'NONE', *, *, #564, .T. ) ;
#2288 = DIRECTION ( 'NONE',  ( -1.000000000000000000, 0.000000000000000000, 0.000000000000000000 ) ) ;
#2289 = VECTOR ( 'NONE', #986, 1000.000000000000000 ) ;
#2290 = EDGE_LOOP ( 'NONE', ( #2055, #1149 ) ) ;
#2291 = CARTESIAN_POINT ( 'NONE',  ( 2.000000000000000000, 11.00000000000000000, 4.499999999999999112 ) ) ;
#2292 = CARTESIAN_POINT ( 'NONE',  ( 17.00000000000000000, 15.75000000000000000, -12.50000000000000000 ) ) ;
#2293 = ADVANCED_FACE ( 'NONE', ( #2347 ), #1273, .F. ) ;
#2294 = FACE_OUTER_BOUND ( 'NONE', #435, .T. ) ;
#2295 = CIRCLE ( 'NONE', #1633, 2.999999999999999112 ) ;
#2296 = PRODUCT_DEFINITION_SHAPE ( 'NONE', 'NONE',  #1565 ) ;
#2297 = CARTESIAN_POINT ( 'NONE',  ( -5.000000000000000000, 2.500000000000000000, 17.50000000000000000 ) ) ;
#2298 = AXIS2_PLACEMENT_3D ( 'NONE', #1621, #954, #942 ) ;
#2299 = DIRECTION ( 'NONE',  ( 0.000000000000000000, 0.000000000000000000, 1.000000000000000000 ) ) ;
#2300 = DIRECTION ( 'NONE',  ( 0.000000000000000000, 0.000000000000000000, 1.000000000000000000 ) ) ;
#2301 = CARTESIAN_POINT ( 'NONE',  ( -0.4860291626209003457, -4.223113110966703054, 1.422484486732843667 ) ) ;
#2302 = CIRCLE ( 'NONE', #321, 1.000000000000000888 ) ;
#2303 = EDGE_CURVE ( 'NONE', #2715, #1284, #2174, .T. ) ;
#2304 = LINE ( 'NONE', #940, #2145 ) ;
#2305 = ORIENTED_EDGE ( 'NONE', *, *, #2119, .F. ) ;
#2306 = FACE_OUTER_BOUND ( 'NONE', #2148, .T. ) ;
#2307 = AXIS2_PLACEMENT_3D ( 'NONE', #714, #911, #1591 ) ;
#2308 = VERTEX_POINT ( 'NONE', #1005 ) ;
#2309 = DIRECTION ( 'NONE',  ( 0.000000000000000000, 0.000000000000000000, 1.000000000000000000 ) ) ;
#2310 = LINE ( 'NONE', #50, #2379 ) ;
#2311 = CARTESIAN_POINT ( 'NONE',  ( 4.500000000000000000, 12.99999999999999822, 4.499999999999999112 ) ) ;
#2312 = VERTEX_POINT ( 'NONE', #359 ) ;
#2313 = EDGE_CURVE ( 'NONE', #208, #1982, #1258, .T. ) ;
#2314 = DIRECTION ( 'NONE',  ( 0.000000000000000000, -1.000000000000000000, 0.000000000000000000 ) ) ;
#2315 = PERSON_AND_ORGANIZATION_ROLE ( 'creator' ) ;
#2316 = CARTESIAN_POINT ( 'NONE',  ( -0.3956170662860410969, -4.235493943627740343, -1.460131780926424039 ) ) ;
#2317 = DIRECTION ( 'NONE',  ( -1.000000000000000000, 0.000000000000000000, 0.000000000000000000 ) ) ;
#2318 = FACE_OUTER_BOUND ( 'NONE', #959, .T. ) ;
#2319 = ORIENTED_EDGE ( 'NONE', *, *, #409, .F. ) ;
#2320 = LINE ( 'NONE', #1549, #277 ) ;
#2321 = CARTESIAN_POINT ( 'NONE',  ( 7.499999999999999112, 30.00000000000000000, -7.499999999999999112 ) ) ;
#2322 = EDGE_LOOP ( 'NONE', ( #530, #2146, #902, #1586 ) ) ;
#2323 = CARTESIAN_POINT ( 'NONE',  ( -4.499999999999999112, 30.00000000000000000, -4.499999999999999112 ) ) ;
#2324 = PERSON_AND_ORGANIZATION ( #1488, #1403 ) ;
#2325 = ADVANCED_FACE ( 'NONE', ( #87 ), #314, .T. ) ;
#2326 = CARTESIAN_POINT ( 'NONE',  ( -2.602085213965213107E-16, 34.49999999999999289, -4.499999999999999112 ) ) ;
#2327 = CARTESIAN_POINT ( 'NONE',  ( 17.00000000000000000, 9.921572875253815482, -16.67157287525380838 ) ) ;
#2328 = VECTOR ( 'NONE', #921, 1000.000000000000000 ) ;
#2329 = VECTOR ( 'NONE', #1233, 1000.000000000000000 ) ;
#2330 = ORIENTED_EDGE ( 'NONE', *, *, #907, .T. ) ;
#2331 = DIRECTION ( 'NONE',  ( 0.000000000000000000, 1.000000000000000000, -0.000000000000000000 ) ) ;
#2332 = ORIENTED_EDGE ( 'NONE', *, *, #678, .T. ) ;
#2333 = AXIS2_PLACEMENT_3D ( 'NONE', #2849, #171, #2634 ) ;
#2334 = ADVANCED_FACE ( 'NONE', ( #778, #141 ), #1680, .F. ) ;
#2335 = FACE_OUTER_BOUND ( 'NONE', #2224, .T. ) ;
#2336 = DIRECTION ( 'NONE',  ( 1.000000000000000000, 0.000000000000000000, -0.000000000000000000 ) ) ;
#2337 = ORIENTED_EDGE ( 'NONE', *, *, #2681, .T. ) ;
#2338 = CYLINDRICAL_SURFACE ( 'NONE', #700, 4.499999999999999112 ) ;
#2339 = PERSON_AND_ORGANIZATION ( #1488, #1403 ) ;
#2340 = APPROVAL_PERSON_ORGANIZATION ( #666, #183, #1159 ) ;
#2341 = AXIS2_PLACEMENT_3D ( 'NONE', #2427, #1744, #1315 ) ;
#2342 = CARTESIAN_POINT ( 'NONE',  ( 17.00000000000000000, 0.000000000000000000, 22.50000000000000000 ) ) ;
#2343 = DIRECTION ( 'NONE',  ( 0.000000000000000000, 1.445602896647339656E-16, -1.000000000000000000 ) ) ;
#2344 = VECTOR ( 'NONE', #2152, 1000.000000000000000 ) ;
#2345 = ORIENTED_EDGE ( 'NONE', *, *, #1658, .T. ) ;
#2346 = CIRCLE ( 'NONE', #1452, 4.499999999999999112 ) ;
#2347 = FACE_OUTER_BOUND ( 'NONE', #1490, .T. ) ;
#2348 = EDGE_CURVE ( 'NONE', #2628, #2731, #2107, .T. ) ;
#2349 = EDGE_CURVE ( 'NONE', #2090, #228, #2154, .T. ) ;
#2350 = VERTEX_POINT ( 'NONE', #1079 ) ;
#2351 = ADVANCED_FACE ( 'NONE', ( #1572, #614, #2664, #828, #1064 ), #1726, .T. ) ;
#2352 = LINE ( 'NONE', #2868, #2053 ) ;
#2353 = CC_DESIGN_DATE_AND_TIME_ASSIGNMENT ( #2498, #2488, ( #2155 ) ) ;
#2354 = CARTESIAN_POINT ( 'NONE',  ( 15.00000000000000000, 15.75000000000000000, 22.50000000000000000 ) ) ;
#2355 = VERTEX_POINT ( 'NONE', #172 ) ;
#2356 = CARTESIAN_POINT ( 'NONE',  ( 8.327284562965771150E-16, 34.49999999999999289, 14.40105817143579614 ) ) ;
#2357 = ORIENTED_EDGE ( 'NONE', *, *, #318, .T. ) ;
#2358 = DATE_AND_TIME ( #2584, #1727 ) ;
#2359 = PLANE ( 'NONE',  #2015 ) ;
#2360 = CARTESIAN_POINT ( 'NONE',  ( 20.00000000000000000, 0.000000000000000000, -16.67157287525380838 ) ) ;
#2361 = EDGE_LOOP ( 'NONE', ( #2662, #2128, #2181, #1715 ) ) ;
#2362 = CARTESIAN_POINT ( 'NONE',  ( 19.00000000000000000, 0.000000000000000000, 0.000000000000000000 ) ) ;
#2363 = VERTEX_POINT ( 'NONE', #1510 ) ;
#2364 = ORIENTED_EDGE ( 'NONE', *, *, #137, .F. ) ;
#2365 = VERTEX_POINT ( 'NONE', #641 ) ;
#2366 = EDGE_CURVE ( 'NONE', #488, #1890, #2018, .T. ) ;
#2367 = EDGE_CURVE ( 'NONE', #2363, #2452, #1108, .T. ) ;
#2368 = CARTESIAN_POINT ( 'NONE',  ( 15.00000000000000000, -2.750000000000014211, 21.00000000000000000 ) ) ;
#2369 = PLANE ( 'NONE',  #642 ) ;
#2370 = ORIENTED_EDGE ( 'NONE', *, *, #1682, .F. ) ;
#2371 = DIRECTION ( 'NONE',  ( 0.000000000000000000, -1.000000000000000000, 2.891205793294678326E-16 ) ) ;
#2372 = VERTEX_POINT ( 'NONE', #2414 ) ;
#2373 = MECHANICAL_CONTEXT ( 'NONE', #1835, 'mechanical' ) ;
#2374 = CARTESIAN_POINT ( 'NONE',  ( -4.250000000000000000, -2.749999999999992006, -22.00000000000001776 ) ) ;
#2375 = CARTESIAN_POINT ( 'NONE',  ( -4.250000000000000000, -2.750000000000014211, 21.00000000000000000 ) ) ;
#2376 = VERTEX_POINT ( 'NONE', #2203 ) ;
#2377 = LINE ( 'NONE', #2125, #1977 ) ;
#2378 = ORIENTED_EDGE ( 'NONE', *, *, #2442, .F. ) ;
#2379 = VECTOR ( 'NONE', #1836, 1000.000000000000000 ) ;
#2380 = ORIENTED_EDGE ( 'NONE', *, *, #2535, .T. ) ;
#2381 = AXIS2_PLACEMENT_3D ( 'NONE', #1066, #848, #2007 ) ;
#2382 = DIRECTION ( 'NONE',  ( 1.000000000000000000, 0.000000000000000000, 0.000000000000000000 ) ) ;
#2383 = EDGE_CURVE ( 'NONE', #1695, #1445, #394, .T. ) ;
#2384 = DIRECTION ( 'NONE',  ( 0.000000000000000000, 0.000000000000000000, 1.000000000000000000 ) ) ;
#2385 = VECTOR ( 'NONE', #748, 1000.000000000000000 ) ;
#2386 = ORIENTED_EDGE ( 'NONE', *, *, #137, .T. ) ;
#2387 = DIRECTION ( 'NONE',  ( 0.000000000000000000, 0.000000000000000000, -1.000000000000000000 ) ) ;
#2388 = ORIENTED_EDGE ( 'NONE', *, *, #1469, .F. ) ;
#2389 = PERSON_AND_ORGANIZATION_ROLE ( 'classification_officer' ) ;
#2390 = LOCAL_TIME ( 15, 10, 18.00000000000000000, #2184 ) ;
#2391 = ADVANCED_FACE ( 'NONE', ( #1541 ), #1560, .F. ) ;
#2392 = LINE ( 'NONE', #372, #1640 ) ;
#2393 = DIRECTION ( 'NONE',  ( -0.000000000000000000, -0.000000000000000000, -1.000000000000000000 ) ) ;
#2394 = AXIS2_PLACEMENT_3D ( 'NONE', #2656, #2309, #2225 ) ;
#2395 = ORIENTED_EDGE ( 'NONE', *, *, #1126, .T. ) ;
#2396 = CARTESIAN_POINT ( 'NONE',  ( -5.000000000000000000, 0.000000000000000000, -17.49999999999999645 ) ) ;
#2397 = AXIS2_PLACEMENT_3D ( 'NONE', #1443, #2599, #113 ) ;
#2398 = PLANE ( 'NONE',  #1308 ) ;
#2399 = EDGE_LOOP ( 'NONE', ( #406, #633 ) ) ;
#2400 = LOCAL_TIME ( 15, 10, 18.00000000000000000, #1647 ) ;
#2401 = ORIENTED_EDGE ( 'NONE', *, *, #1545, .T. ) ;
#2402 = CARTESIAN_POINT ( 'NONE',  ( 0.000000000000000000, 0.000000000000000000, 7.500000000000000000 ) ) ;
#2403 = DIRECTION ( 'NONE',  ( -1.000000000000000000, 0.000000000000000000, 0.000000000000000000 ) ) ;
#2404 = EDGE_LOOP ( 'NONE', ( #1724, #2386, #6, #2274, #2703, #2378, #1475, #2380, #202, #679, #480, #1471 ) ) ;
#2405 = LINE ( 'NONE', #2434, #2070 ) ;
#2406 = VERTEX_POINT ( 'NONE', #1974 ) ;
#2407 = APPROVAL_STATUS ( 'not_yet_approved' ) ;
#2408 = DIRECTION ( 'NONE',  ( -0.000000000000000000, -1.000000000000000000, -0.000000000000000000 ) ) ;
#2409 = PERSON ( 'NAUO-PER2', 'UNSPECIFIED', 'UNSPECIFIED', ('UNSPECIFIED'), ('UNSPECIFIED'), ('UNSPECIFIED') ) ;
#2410 = CARTESIAN_POINT ( 'NONE',  ( -4.250000000000000000, 14.24999999999999112, -22.00000000000001066 ) ) ;
#2411 = DIRECTION ( 'NONE',  ( 0.000000000000000000, 0.000000000000000000, -1.000000000000000000 ) ) ;
#2412 = EDGE_LOOP ( 'NONE', ( #3, #586 ) ) ;
#2413 = CARTESIAN_POINT ( 'NONE',  ( 0.000000000000000000, 11.00000000000000000, 4.499999999999999112 ) ) ;
#2414 = CARTESIAN_POINT ( 'NONE',  ( 17.00000000000000000, 1.578427124746188071, -22.50000000000000000 ) ) ;
#2415 = EDGE_LOOP ( 'NONE', ( #1257, #812, #1934, #546 ) ) ;
#2416 = EDGE_LOOP ( 'NONE', ( #1267, #255 ) ) ;
#2417 = PLANE ( 'NONE',  #2014 ) ;
#2418 = ORIENTED_EDGE ( 'NONE', *, *, #1213, .F. ) ;
#2419 = CYLINDRICAL_SURFACE ( 'NONE', #933, 6.000000000000000000 ) ;
#2420 = ORIENTED_EDGE ( 'NONE', *, *, #2423, .T. ) ;
#2421 = APPROVAL_STATUS ( 'not_yet_approved' ) ;
#2422 = LINE ( 'NONE', #2598, #857 ) ;
#2423 = EDGE_CURVE ( 'NONE', #344, #2864, #1210, .T. ) ;
#2424 = ORIENTED_EDGE ( 'NONE', *, *, #2704, .T. ) ;
#2425 = PLANE ( 'NONE',  #2057 ) ;
#2426 = CARTESIAN_POINT ( 'NONE',  ( -5.999999999999999112, 34.49999999999999289, 14.40105817143579614 ) ) ;
#2427 = CARTESIAN_POINT ( 'NONE',  ( 15.00000000000000000, -2.749999999999992006, -21.00000000000001421 ) ) ;
#2428 = VERTEX_POINT ( 'NONE', #2635 ) ;
#2429 = CARTESIAN_POINT ( 'NONE',  ( 6.250000000000000000, 4.250000000000000000, 4.250000000000000000 ) ) ;
#2430 = VECTOR ( 'NONE', #1819, 1000.000000000000000 ) ;
#2431 = EDGE_CURVE ( 'NONE', #1209, #2612, #2512, .T. ) ;
#2432 = VECTOR ( 'NONE', #51, 1000.000000000000000 ) ;
#2433 = ORIENTED_EDGE ( 'NONE', *, *, #1409, .T. ) ;
#2434 = CARTESIAN_POINT ( 'NONE',  ( -5.000000000000000000, 2.500000000000000000, 7.500000000000000000 ) ) ;
#2435 = VERTEX_POINT ( 'NONE', #1525 ) ;
#2436 = COORDINATED_UNIVERSAL_TIME_OFFSET ( 9, 0, .AHEAD. ) ;
#2437 = AXIS2_PLACEMENT_3D ( 'NONE', #2219, #1093, #2003 ) ;
#2438 = FACE_OUTER_BOUND ( 'NONE', #331, .T. ) ;
#2439 =( NAMED_UNIT ( * ) SI_UNIT ( $, .STERADIAN. ) SOLID_ANGLE_UNIT ( ) );
#2440 = ORIENTED_EDGE ( 'NONE', *, *, #352, .T. ) ;
#2441 = CYLINDRICAL_SURFACE ( 'NONE', #2245, 2.999999999999999112 ) ;
#2442 = EDGE_CURVE ( 'NONE', #847, #138, #156, .T. ) ;
#2443 = CARTESIAN_POINT ( 'NONE',  ( 15.00000000000000000, -4.250000000000000000, 4.250000000000000000 ) ) ;
#2444 = VECTOR ( 'NONE', #1222, 1000.000000000000000 ) ;
#2445 = LOCAL_TIME ( 15, 10, 18.00000000000000000, #838 ) ;
#2446 = ORIENTED_EDGE ( 'NONE', *, *, #2704, .F. ) ;
#2447 = VECTOR ( 'NONE', #896, 1000.000000000000000 ) ;
#2448 = EDGE_CURVE ( 'NONE', #592, #2090, #859, .T. ) ;
#2449 = LINE ( 'NONE', #1544, #2560 ) ;
#2450 = EDGE_CURVE ( 'NONE', #2686, #1006, #1822, .T. ) ;
#2451 = AXIS2_PLACEMENT_3D ( 'NONE', #1369, #244, #5 ) ;
#2452 = VERTEX_POINT ( 'NONE', #205 ) ;
#2453 = EDGE_CURVE ( 'NONE', #344, #350, #671, .T. ) ;
#2454 = VECTOR ( 'NONE', #1144, 1000.000000000000000 ) ;
#2455 = CARTESIAN_POINT ( 'NONE',  ( 5.000000000000000000, 2.500000000000000000, 7.500000000000000000 ) ) ;
#2456 = CARTESIAN_POINT ( 'NONE',  ( 15.00000000000000000, -2.750000000000014211, 20.00000000000000000 ) ) ;
#2457 = PERSON_AND_ORGANIZATION ( #1488, #1403 ) ;
#2458 = FACE_OUTER_BOUND ( 'NONE', #1899, .T. ) ;
#2459 = EDGE_LOOP ( 'NONE', ( #1243, #2370, #1688, #2657 ) ) ;
#2460 = CARTESIAN_POINT ( 'NONE',  ( 0.000000000000000000, -4.250000000000000000, 1.500000000000000222 ) ) ;
#2461 = CARTESIAN_POINT ( 'NONE',  ( -7.499999999999999112, 24.99999999999999645, -4.499999999999999112 ) ) ;
#2462 = EDGE_LOOP ( 'NONE', ( #2871, #2139 ) ) ;
#2463 = FACE_OUTER_BOUND ( 'NONE', #2196, .T. ) ;
#2464 = EDGE_CURVE ( 'NONE', #2520, #2554, #2471, .T. ) ;
#2465 = DIRECTION ( 'NONE',  ( 0.000000000000000000, -1.000000000000000000, 0.000000000000000000 ) ) ;
#2466 = CARTESIAN_POINT ( 'NONE',  ( 15.00000000000000000, -4.250000000000000000, -4.250000000000000000 ) ) ;
#2467 = CARTESIAN_POINT ( 'NONE',  ( 19.00000000000000000, 12.75000000000000355, -19.50000000000000000 ) ) ;
#2468 =( LENGTH_UNIT ( ) NAMED_UNIT ( * ) SI_UNIT ( .MILLI., .METRE. ) );
#2469 = VERTEX_POINT ( 'NONE', #2461 ) ;
#2470 = FACE_OUTER_BOUND ( 'NONE', #1227, .T. ) ;
#2471 = LINE ( 'NONE', #449, #420 ) ;
#2472 = VERTEX_POINT ( 'NONE', #2235 ) ;
#2473 = CARTESIAN_POINT ( 'NONE',  ( 7.499999999999999112, 30.00000000000000000, 4.499999999999995559 ) ) ;
#2474 = DIRECTION ( 'NONE',  ( 0.9486832980505138790, -0.3162277660168377746, -5.485677294651097667E-17 ) ) ;
#2475 = CIRCLE ( 'NONE', #2736, 1.000000000000000888 ) ;
#2476 = LINE ( 'NONE', #1364, #1983 ) ;
#2477 = CARTESIAN_POINT ( 'NONE',  ( 673.1892755383298663, 857.2961002639010530, 1290.862136283072914 ) ) ;
#2478 = CIRCLE ( 'NONE', #224, 2.000000000000000000 ) ;
#2479 = ORIENTED_EDGE ( 'NONE', *, *, #1964, .T. ) ;
#2480 = DIRECTION ( 'NONE',  ( 0.3162277660168377746, 0.9486832980505138790, 0.000000000000000000 ) ) ;
#2481 = ORIENTED_EDGE ( 'NONE', *, *, #195, .F. ) ;
#2482 = DIRECTION ( 'NONE',  ( -1.000000000000000000, -0.000000000000000000, -0.000000000000000000 ) ) ;
#2483 = VERTEX_POINT ( 'NONE', #437 ) ;
#2484 = LINE ( 'NONE', #712, #1666 ) ;
#2485 = VECTOR ( 'NONE', #2851, 1000.000000000000000 ) ;
#2486 = DIRECTION ( 'NONE',  ( 1.000000000000000000, 0.000000000000000000, 0.000000000000000000 ) ) ;
#2487 = VECTOR ( 'NONE', #1239, 1000.000000000000000 ) ;
#2488 = DATE_TIME_ROLE ( 'classification_date' ) ;
#2489 = VECTOR ( 'NONE', #937, 1000.000000000000000 ) ;
#2490 = CARTESIAN_POINT ( 'NONE',  ( 15.00000000000000178, 15.75000000000000000, -12.50000000000000000 ) ) ;
#2491 = CARTESIAN_POINT ( 'NONE',  ( -1.500025114952913796, -3.976483956365698624, -0.09846070998086094150 ) ) ;
#2492 = EDGE_CURVE ( 'NONE', #193, #999, #2714, .T. ) ;
#2493 = PLANE ( 'NONE',  #540 ) ;
#2494 = LINE ( 'NONE', #681, #1401 ) ;
#2495 = ORIENTED_EDGE ( 'NONE', *, *, #1599, .F. ) ;
#2496 = CARTESIAN_POINT ( 'NONE',  ( -1.198139754353602093, 4.080102634322469335, -0.9232878536057051999 ) ) ;
#2497 = FACE_OUTER_BOUND ( 'NONE', #743, .T. ) ;
#2498 = DATE_AND_TIME ( #884, #1116 ) ;
#2499 = EDGE_CURVE ( 'NONE', #332, #2612, #1357, .T. ) ;
#2500 = CARTESIAN_POINT ( 'NONE',  ( 4.500000000000000000, 24.99999999999999645, 4.499999999999999112 ) ) ;
#2501 = DIRECTION ( 'NONE',  ( -1.000000000000000000, -0.000000000000000000, -0.000000000000000000 ) ) ;
#2502 = DIRECTION ( 'NONE',  ( 0.000000000000000000, -1.000000000000000000, 5.782411586589356653E-16 ) ) ;
#2503 = LINE ( 'NONE', #1813, #1344 ) ;
#2504 = VERTEX_POINT ( 'NONE', #16 ) ;
#2505 = CARTESIAN_POINT ( 'NONE',  ( 15.75000000000000000, 5.250000000000001776, 14.40105817143579436 ) ) ;
#2506 = EDGE_CURVE ( 'NONE', #2406, #1483, #2302, .T. ) ;
#2507 = EDGE_LOOP ( 'NONE', ( #1950, #2264 ) ) ;
#2508 = CARTESIAN_POINT ( 'NONE',  ( 4.336808689942017736E-16, 34.49999999999999289, 7.500000000000000000 ) ) ;
#2509 = CARTESIAN_POINT ( 'NONE',  ( -1.499948147933607867, 3.976512989612571491, 0.09953353367129508245 ) ) ;
#2510 = CARTESIAN_POINT ( 'NONE',  ( -5.999999999999997335, 34.49999999999999289, -14.40105817143579792 ) ) ;
#2511 = EDGE_CURVE ( 'NONE', #1067, #490, #2494, .T. ) ;
#2512 =( BOUNDED_CURVE ( )  B_SPLINE_CURVE ( 3, ( #1790, #627, #1299, #1095 ),
 .UNSPECIFIED., .F., .T. ) 
 B_SPLINE_CURVE_WITH_KNOTS ( ( 4, 4 ),
 ( 1.570796326794896780, 2.801755744135671300 ),
 .UNSPECIFIED. ) 
 CURVE ( )  GEOMETRIC_REPRESENTATION_ITEM ( )  RATIONAL_B_SPLINE_CURVE ( ( 1.000000000000000000, 0.8776643872851506156, 0.8776643872851506156, 1.000000000000000000 ) ) 
 REPRESENTATION_ITEM ( '' )  );
#2513 = DIRECTION ( 'NONE',  ( 1.000000000000000000, 0.000000000000000000, 0.000000000000000000 ) ) ;
#2514 = DIRECTION ( 'NONE',  ( 1.000000000000000000, 0.000000000000000000, 0.000000000000000000 ) ) ;
#2515 = VECTOR ( 'NONE', #2073, 1000.000000000000000 ) ;
#2516 = FACE_BOUND ( 'NONE', #2416, .T. ) ;
#2517 = ORIENTED_EDGE ( 'NONE', *, *, #491, .T. ) ;
#2518 = CARTESIAN_POINT ( 'NONE',  ( -4.499999999999999112, 0.000000000000000000, -4.499999999999999112 ) ) ;
#2519 = VECTOR ( 'NONE', #2054, 1000.000000000000000 ) ;
#2520 = VERTEX_POINT ( 'NONE', #927 ) ;
#2521 = CARTESIAN_POINT ( 'NONE',  ( 7.499999999999999112, 0.000000000000000000, 4.499999999999998224 ) ) ;
#2522 = ORIENTED_EDGE ( 'NONE', *, *, #2725, .T. ) ;
#2523 = EDGE_CURVE ( 'NONE', #1800, #2577, #1169, .T. ) ;
#2524 = ADVANCED_FACE ( 'NONE', ( #709 ), #2069, .F. ) ;
#2525 = LINE ( 'NONE', #2707, #2430 ) ;
#2526 = AXIS2_PLACEMENT_3D ( 'NONE', #2649, #2221, #2677 ) ;
#2527 = LOCAL_TIME ( 15, 10, 18.00000000000000000, #935 ) ;
#2528 = ORIENTED_EDGE ( 'NONE', *, *, #2558, .T. ) ;
#2529 = EDGE_CURVE ( 'NONE', #2667, #592, #132, .T. ) ;
#2530 = VECTOR ( 'NONE', #2343, 1000.000000000000000 ) ;
#2531 = CARTESIAN_POINT ( 'NONE',  ( 15.00000000000000178, 9.750000000000000000, 12.50000000000000178 ) ) ;
#2532 = APPROVAL_ROLE ( '' ) ;
#2533 = CARTESIAN_POINT ( 'NONE',  ( 15.00000000000000178, 9.750000000000000000, 12.50000000000000178 ) ) ;
#2534 = SECURITY_CLASSIFICATION ( '', '', #728 ) ;
#2535 = EDGE_CURVE ( 'NONE', #2132, #1543, #57, .T. ) ;
#2536 = CARTESIAN_POINT ( 'NONE',  ( 15.00000000000000000, 4.250000000000000000, 1.000000000000000000 ) ) ;
#2537 = CARTESIAN_POINT ( 'NONE',  ( 20.00000000000000000, 1.578427124746184740, 2.281778823679816414E-16 ) ) ;
#2538 = AXIS2_PLACEMENT_3D ( 'NONE', #1089, #1703, #2827 ) ;
#2539 = VERTEX_POINT ( 'NONE', #2044 ) ;
#2540 = LINE ( 'NONE', #521, #2746 ) ;
#2541 = ORIENTED_EDGE ( 'NONE', *, *, #2005, .F. ) ;
#2542 = CARTESIAN_POINT ( 'NONE',  ( -8.327284562965773122E-16, 34.49999999999999289, -14.40105817143579792 ) ) ;
#2543 = ADVANCED_FACE ( 'NONE', ( #2306 ), #903, .T. ) ;
#2544 = ORIENTED_EDGE ( 'NONE', *, *, #1128, .T. ) ;
#2545 = DIRECTION ( 'NONE',  ( 0.000000000000000000, 0.000000000000000000, -1.000000000000000000 ) ) ;
#2546 = APPROVAL_ROLE ( '' ) ;
#2547 = CARTESIAN_POINT ( 'NONE',  ( -7.499999999999999112, 30.00000000000000000, -7.499999999999998224 ) ) ;
#2548 = PLANE ( 'NONE',  #2659 ) ;
#2549 = LINE ( 'NONE', #774, #1214 ) ;
#2550 = EDGE_CURVE ( 'NONE', #368, #2376, #1608, .T. ) ;
#2551 = CARTESIAN_POINT ( 'NONE',  ( 7.499999999999999112, 24.99999999999999645, -4.500000000000000000 ) ) ;
#2552 = DIRECTION ( 'NONE',  ( 0.000000000000000000, 0.000000000000000000, 1.000000000000000000 ) ) ;
#2553 = CARTESIAN_POINT ( 'NONE',  ( -4.250000000000000000, 0.000000000000000000, 7.500000000000000000 ) ) ;
#2554 = VERTEX_POINT ( 'NONE', #718 ) ;
#2555 = CARTESIAN_POINT ( 'NONE',  ( 19.00000000000000000, -4.250000000000000000, 22.50000000000000000 ) ) ;
#2556 = PERSON_AND_ORGANIZATION ( #1488, #1403 ) ;
#2557 = CARTESIAN_POINT ( 'NONE',  ( 4.250000000000000000, 5.204748896376250699E-16, 7.500000000000000000 ) ) ;
#2558 = EDGE_CURVE ( 'NONE', #2355, #2633, #1827, .T. ) ;
#2559 = CARTESIAN_POINT ( 'NONE',  ( -7.499999999999999112, 24.99999999999999645, -4.499999999999999112 ) ) ;
#2560 = VECTOR ( 'NONE', #413, 1000.000000000000000 ) ;
#2561 = CC_DESIGN_PERSON_AND_ORGANIZATION_ASSIGNMENT ( #1486, #1056, ( #275 ) ) ;
#2562 = DIRECTION ( 'NONE',  ( 5.782411586589358625E-17, 0.000000000000000000, 1.000000000000000000 ) ) ;
#2563 = VECTOR ( 'NONE', #155, 1000.000000000000000 ) ;
#2564 = EDGE_LOOP ( 'NONE', ( #891, #1343, #1478, #1912, #1485, #672, #1656, #463, #59, #2587 ) ) ;
#2565 = CYLINDRICAL_SURFACE ( 'NONE', #2097, 1.000000000000000888 ) ;
#2566 = DIRECTION ( 'NONE',  ( 0.000000000000000000, -0.000000000000000000, 1.000000000000000000 ) ) ;
#2567 = ORIENTED_EDGE ( 'NONE', *, *, #1696, .T. ) ;
#2568 = DIRECTION ( 'NONE',  ( 1.000000000000000000, 0.000000000000000000, -0.000000000000000000 ) ) ;
#2569 = ORIENTED_EDGE ( 'NONE', *, *, #539, .F. ) ;
#2570 = SECURITY_CLASSIFICATION_LEVEL ( 'unclassified' ) ;
#2571 = VECTOR ( 'NONE', #875, 1000.000000000000000 ) ;
#2572 = DIRECTION ( 'NONE',  ( 1.000000000000000000, 0.000000000000000000, 0.000000000000000000 ) ) ;
#2573 = CARTESIAN_POINT ( 'NONE',  ( 17.00000000000000000, 9.921572875253810153, 22.50000000000000000 ) ) ;
#2574 = EDGE_CURVE ( 'NONE', #2819, #638, #915, .T. ) ;
#2575 = VERTEX_POINT ( 'NONE', #1150 ) ;
#2576 = LINE ( 'NONE', #2805, #34 ) ;
#2577 = VERTEX_POINT ( 'NONE', #1184 ) ;
#2578 = ORIENTED_EDGE ( 'NONE', *, *, #1480, .F. ) ;
#2579 = ORIENTED_EDGE ( 'NONE', *, *, #2558, .F. ) ;
#2580 = CARTESIAN_POINT ( 'NONE',  ( 17.00000000000000000, -1.250000000000001998, -16.67157287525380838 ) ) ;
#2581 = VERTEX_POINT ( 'NONE', #2518 ) ;
#2582 = DIRECTION ( 'NONE',  ( -1.000000000000000000, 0.000000000000000000, 0.000000000000000000 ) ) ;
#2583 = ORIENTED_EDGE ( 'NONE', *, *, #2837, .T. ) ;
#2584 = CALENDAR_DATE ( 2026, 19, 6 ) ;
#2585 = DIRECTION ( 'NONE',  ( 0.000000000000000000, 0.000000000000000000, -1.000000000000000000 ) ) ;
#2586 = DIRECTION ( 'NONE',  ( 0.000000000000000000, 0.000000000000000000, 1.000000000000000000 ) ) ;
#2587 = ORIENTED_EDGE ( 'NONE', *, *, #814, .F. ) ;
#2588 = EDGE_CURVE ( 'NONE', #2132, #2350, #1830, .T. ) ;
#2589 = DIRECTION ( 'NONE',  ( 0.000000000000000000, 0.000000000000000000, 1.000000000000000000 ) ) ;
#2590 = EDGE_LOOP ( 'NONE', ( #2700, #1186, #1850, #2541 ) ) ;
#2591 = CC_DESIGN_DATE_AND_TIME_ASSIGNMENT ( #2766, #791, ( #1547 ) ) ;
#2592 = DIRECTION ( 'NONE',  ( 0.000000000000000000, 0.000000000000000000, 1.000000000000000000 ) ) ;
#2593 = DIRECTION ( 'NONE',  ( -0.000000000000000000, -0.000000000000000000, 1.000000000000000000 ) ) ;
#2594 = EDGE_LOOP ( 'NONE', ( #975, #1402, #1906, #2836, #1080, #1717 ) ) ;
#2595 = CARTESIAN_POINT ( 'NONE',  ( -6.000000000000000000, 34.49999999999999289, -7.499999999999998224 ) ) ;
#2596 = ORIENTED_EDGE ( 'NONE', *, *, #245, .F. ) ;
#2597 = CONTEXT_DEPENDENT_SHAPE_REPRESENTATION ( #1375, #1844 ) ;
#2598 = CARTESIAN_POINT ( 'NONE',  ( 15.75000000000000000, 5.250000000000001776, -4.500000000000000888 ) ) ;
#2599 = DIRECTION ( 'NONE',  ( -0.9486832980505137680, -0.3162277660168381077, 5.485677294651097051E-17 ) ) ;
#2600 = VERTEX_POINT ( 'NONE', #519 ) ;
#2601 = DIRECTION ( 'NONE',  ( -0.000000000000000000, -0.000000000000000000, -1.000000000000000000 ) ) ;
#2602 = CARTESIAN_POINT ( 'NONE',  ( 2.602085213965211135E-16, 34.49999999999999289, 4.499999999999997335 ) ) ;
#2603 = ORIENTED_EDGE ( 'NONE', *, *, #1542, .F. ) ;
#2604 = CIRCLE ( 'NONE', #220, 4.250000000000000000 ) ;
#2605 = ORIENTED_EDGE ( 'NONE', *, *, #2763, .F. ) ;
#2606 = VECTOR ( 'NONE', #1944, 1000.000000000000000 ) ;
#2607 = CARTESIAN_POINT ( 'NONE',  ( 20.00000000000000000, 1.578427124746182741, 0.000000000000000000 ) ) ;
#2608 = LINE ( 'NONE', #364, #591 ) ;
#2609 = AXIS2_PLACEMENT_3D ( 'NONE', #914, #1571, #1167 ) ;
#2610 = VERTEX_POINT ( 'NONE', #503 ) ;
#2611 = CARTESIAN_POINT ( 'NONE',  ( -8.327284562965773122E-16, 34.49999999999999289, -14.40105817143579792 ) ) ;
#2612 = VERTEX_POINT ( 'NONE', #2738 ) ;
#2613 = PERSON_AND_ORGANIZATION_ROLE ( 'creator' ) ;
#2614 = SECURITY_CLASSIFICATION ( '', '', #853 ) ;
#2615 = LINE ( 'NONE', #607, #1175 ) ;
#2616 = CARTESIAN_POINT ( 'NONE',  ( 7.499999999999996447, 30.00000000000000000, 7.499999999999999112 ) ) ;
#2617 = VECTOR ( 'NONE', #711, 1000.000000000000000 ) ;
#2618 = ORIENTED_EDGE ( 'NONE', *, *, #2749, .F. ) ;
#2619 = DIRECTION ( 'NONE',  ( 1.000000000000000000, 0.000000000000000000, 0.000000000000000000 ) ) ;
#2620 = DIRECTION ( 'NONE',  ( -1.000000000000000000, 0.000000000000000000, 0.000000000000000000 ) ) ;
#2621 = EDGE_LOOP ( 'NONE', ( #1776, #2567, #1637, #2087 ) ) ;
#2622 = AXIS2_PLACEMENT_3D ( 'NONE', #1191, #2091, #64 ) ;
#2623 = ORIENTED_EDGE ( 'NONE', *, *, #179, .F. ) ;
#2624 = CARTESIAN_POINT ( 'NONE',  ( 15.00000000000000000, -2.749999999999992006, -20.00000000000001421 ) ) ;
#2625 = LINE ( 'NONE', #1632, #2880 ) ;
#2626 = VERTEX_POINT ( 'NONE', #1855 ) ;
#2627 = DIRECTION ( 'NONE',  ( 0.000000000000000000, 0.000000000000000000, -1.000000000000000000 ) ) ;
#2628 = VERTEX_POINT ( 'NONE', #694 ) ;
#2629 = ADVANCED_FACE ( 'NONE', ( #732 ), #477, .T. ) ;
#2630 = DATE_AND_TIME ( #634, #2445 ) ;
#2631 = DIRECTION ( 'NONE',  ( 1.000000000000000000, 0.000000000000000000, 0.000000000000000000 ) ) ;
#2632 = LINE ( 'NONE', #186, #2255 ) ;
#2633 = VERTEX_POINT ( 'NONE', #30 ) ;
#2634 = DIRECTION ( 'NONE',  ( -1.000000000000000000, 0.000000000000000000, 0.000000000000000000 ) ) ;
#2635 = CARTESIAN_POINT ( 'NONE',  ( 19.00000000000000000, -1.250000000000006883, 19.50000000000000355 ) ) ;
#2636 = ADVANCED_FACE ( 'NONE', ( #464 ), #1400, .F. ) ;
#2637 = ORIENTED_EDGE ( 'NONE', *, *, #2450, .F. ) ;
#2638 = CYLINDRICAL_SURFACE ( 'NONE', #1201, 2.999999999999999112 ) ;
#2639 = EDGE_LOOP ( 'NONE', ( #1915, #2655, #2010, #1662 ) ) ;
#2640 = CARTESIAN_POINT ( 'NONE',  ( -4.336808689942017736E-16, 34.49999999999999289, -7.499999999999998224 ) ) ;
#2641 = DIRECTION ( 'NONE',  ( 0.000000000000000000, 0.000000000000000000, 1.000000000000000000 ) ) ;
#2642 = COORDINATED_UNIVERSAL_TIME_OFFSET ( 9, 0, .AHEAD. ) ;
#2643 = EDGE_CURVE ( 'NONE', #228, #2090, #2850, .T. ) ;
#2644 = DIRECTION ( 'NONE',  ( -1.000000000000000000, -0.000000000000000000, -0.000000000000000000 ) ) ;
#2645 = LINE ( 'NONE', #654, #2668 ) ;
#2646 = EDGE_CURVE ( 'NONE', #790, #368, #98, .T. ) ;
#2647 = ORIENTED_EDGE ( 'NONE', *, *, #1623, .T. ) ;
#2648 = DIRECTION ( 'NONE',  ( -0.000000000000000000, -1.000000000000000000, -0.000000000000000000 ) ) ;
#2649 = CARTESIAN_POINT ( 'NONE',  ( 20.00000000000000000, 9.921572875253810153, 22.50000000000000000 ) ) ;
#2650 = ADVANCED_FACE ( 'NONE', ( #2816 ), #1004, .F. ) ;
#2651 = ORIENTED_EDGE ( 'NONE', *, *, #1761, .F. ) ;
#2652 = CARTESIAN_POINT ( 'NONE',  ( -7.499999999999999112, 30.00000000000000000, 7.500000000000000000 ) ) ;
#2653 = AXIS2_PLACEMENT_3D ( 'NONE', #303, #1683, #315 ) ;
#2654 = AXIS2_PLACEMENT_3D ( 'NONE', #1051, #1277, #2403 ) ;
#2655 = ORIENTED_EDGE ( 'NONE', *, *, #264, .T. ) ;
#2656 = CARTESIAN_POINT ( 'NONE',  ( 0.000000000000000000, 0.000000000000000000, -4.250000000000000000 ) ) ;
#2657 = ORIENTED_EDGE ( 'NONE', *, *, #2119, .T. ) ;
#2658 = CALENDAR_DATE ( 2026, 19, 6 ) ;
#2659 = AXIS2_PLACEMENT_3D ( 'NONE', #758, #311, #2572 ) ;
#2660 = LINE ( 'NONE', #1295, #1806 ) ;
#2661 = DIRECTION ( 'NONE',  ( 1.000000000000000000, 0.000000000000000000, 0.000000000000000000 ) ) ;
#2662 = ORIENTED_EDGE ( 'NONE', *, *, #512, .F. ) ;
#2663 = CARTESIAN_POINT ( 'NONE',  ( 5.000000000000000000, 2.500000000000000000, 7.500000000000000000 ) ) ;
#2664 = FACE_BOUND ( 'NONE', #445, .T. ) ;
#2665 = CIRCLE ( 'NONE', #2847, 4.250000000000000000 ) ;
#2666 = PRODUCT_DEFINITION_FORMATION_WITH_SPECIFIED_SOURCE ( 'ANY', '', #1872, .NOT_KNOWN. ) ;
#2667 = VERTEX_POINT ( 'NONE', #1016 ) ;
#2668 = VECTOR ( 'NONE', #2001, 1000.000000000000000 ) ;
#2669 = CARTESIAN_POINT ( 'NONE',  ( 4.500000000000000000, 0.000000000000000000, 4.499999999999999112 ) ) ;
#2670 = CIRCLE ( 'NONE', #1734, 4.250000000000000000 ) ;
#2671 = CARTESIAN_POINT ( 'NONE',  ( 19.00000000000000000, 15.75000000000000000, -19.50000000000000000 ) ) ;
#2672 = CARTESIAN_POINT ( 'NONE',  ( 15.00000000000000000, -2.750000000000014211, 21.00000000000000000 ) ) ;
#2673 = ADVANCED_FACE ( 'NONE', ( #970 ), #806, .F. ) ;
#2674 = DIRECTION ( 'NONE',  ( 0.000000000000000000, -0.000000000000000000, -1.000000000000000000 ) ) ;
#2675 = VERTEX_POINT ( 'NONE', #1888 ) ;
#2676 = DIRECTION ( 'NONE',  ( -5.782411586589357392E-17, 0.000000000000000000, -1.000000000000000000 ) ) ;
#2677 = DIRECTION ( 'NONE',  ( -1.000000000000000000, 0.000000000000000000, 0.000000000000000000 ) ) ;
#2678 = ORIENTED_EDGE ( 'NONE', *, *, #1456, .T. ) ;
#2679 = DIRECTION ( 'NONE',  ( -1.000000000000000000, 0.000000000000000000, 5.782411586589358625E-17 ) ) ;
#2680 = APPROVAL ( #1251, 'UNSPECIFIED' ) ;
#2681 = EDGE_CURVE ( 'NONE', #1209, #2372, #1255, .T. ) ;
#2682 = FACE_BOUND ( 'NONE', #523, .T. ) ;
#2683 = ADVANCED_FACE ( 'NONE', ( #2318 ), #327, .F. ) ;
#2684 = ADVANCED_FACE ( 'NONE', ( #1661 ), #70, .F. ) ;
#2685 = DIRECTION ( 'NONE',  ( 0.000000000000000000, 0.000000000000000000, -1.000000000000000000 ) ) ;
#2686 = VERTEX_POINT ( 'NONE', #2573 ) ;
#2687 = CARTESIAN_POINT ( 'NONE',  ( -7.499999999999999112, 30.00000000000000000, 4.499999999999996447 ) ) ;
#2688 = CARTESIAN_POINT ( 'NONE',  ( -5.000000000000000000, 2.500000000000000000, 7.500000000000000000 ) ) ;
#2689 = ORIENTED_EDGE ( 'NONE', *, *, #2313, .T. ) ;
#2690 = CARTESIAN_POINT ( 'NONE',  ( -0.6665968563676167857, 4.198386702054915709, -1.347297158867684086 ) ) ;
#2691 = CLOSED_SHELL ( 'NONE', ( #2761, #1644, #1521, #2673, #323, #426, #1511, #2351, #944, #211, #2061, #369, #2114, #2788, #36, #178, #2391, #1523, #335, #1823, #931, #2334, #548, #1856, #2524, #297, #852, #1103, #379, #867, #99, #300, #2683, #1240, #1589, #2684, #2636, #870, #1610, #347, #1102, #2293, #1811 ) ) ;
#2692 = FACE_BOUND ( 'NONE', #2412, .T. ) ;
#2693 = AXIS2_PLACEMENT_3D ( 'NONE', #995, #2131, #1714 ) ;
#2694 = DIRECTION ( 'NONE',  ( 0.000000000000000000, 0.000000000000000000, -1.000000000000000000 ) ) ;
#2695 = DIRECTION ( 'NONE',  ( 1.000000000000000000, 0.000000000000000000, 0.000000000000000000 ) ) ;
#2696 = VECTOR ( 'NONE', #407, 1000.000000000000000 ) ;
#2697 = CARTESIAN_POINT ( 'NONE',  ( -0.6673048215719349363, -4.198280567984690848, -1.346970190950389501 ) ) ;
#2698 = EDGE_CURVE ( 'NONE', #169, #306, #1920, .T. ) ;
#2699 = LINE ( 'NONE', #1799, #1816 ) ;
#2700 = ORIENTED_EDGE ( 'NONE', *, *, #922, .F. ) ;
#2701 = CARTESIAN_POINT ( 'NONE',  ( 15.00000000000000000, -4.250000000000000000, -4.250000000000000000 ) ) ;
#2702 = EDGE_CURVE ( 'NONE', #1710, #2218, #135, .T. ) ;
#2703 = ORIENTED_EDGE ( 'NONE', *, *, #1430, .F. ) ;
#2704 = EDGE_CURVE ( 'NONE', #2554, #1800, #1023, .T. ) ;
#2705 = CARTESIAN_POINT ( 'NONE',  ( 15.00000000000000178, 9.750000000000000000, 12.50000000000000178 ) ) ;
#2706 = AXIS2_PLACEMENT_3D ( 'NONE', #2455, #2717, #48 ) ;
#2707 = CARTESIAN_POINT ( 'NONE',  ( 15.00000000000000178, 15.75000000000000000, 12.50000000000000000 ) ) ;
#2708 = AXIS2_PLACEMENT_3D ( 'NONE', #2249, #2056, #1635 ) ;
#2709 = EDGE_CURVE ( 'NONE', #2452, #204, #1417, .T. ) ;
#2710 = PLANE ( 'NONE',  #742 ) ;
#2711 = DIRECTION ( 'NONE',  ( 6.162975822039156098E-33, 1.000000000000000000, 5.782411586589359857E-17 ) ) ;
#2712 = CARTESIAN_POINT ( 'NONE',  ( 0.000000000000000000, -4.250000000000000000, 1.500000000000000222 ) ) ;
#2713 = CARTESIAN_POINT ( 'NONE',  ( 6.250000000000000000, 4.250000000000000000, 1.000000000000000000 ) ) ;
#2714 = LINE ( 'NONE', #2688, #2063 ) ;
#2715 = VERTEX_POINT ( 'NONE', #2327 ) ;
#2716 = EDGE_CURVE ( 'NONE', #2246, #103, #1226, .T. ) ;
#2717 = DIRECTION ( 'NONE',  ( 1.000000000000000000, 0.000000000000000000, -0.000000000000000000 ) ) ;
#2718 = DIRECTION ( 'NONE',  ( -1.000000000000000000, 0.000000000000000000, 0.000000000000000000 ) ) ;
#2719 = CYLINDRICAL_SURFACE ( 'NONE', #1766, 1.500000000000000222 ) ;
#2720 = PERSON_AND_ORGANIZATION_ROLE ( 'classification_officer' ) ;
#2721 = FACE_OUTER_BOUND ( 'NONE', #1957, .T. ) ;
#2722 = CARTESIAN_POINT ( 'NONE',  ( -15.74999999999999289, 5.249999999999994671, -4.499999999999997335 ) ) ;
#2723 = DIRECTION ( 'NONE',  ( 1.000000000000000000, 0.000000000000000000, 0.000000000000000000 ) ) ;
#2724 = DIRECTION ( 'NONE',  ( -1.000000000000000000, 0.000000000000000000, 0.000000000000000000 ) ) ;
#2725 = EDGE_CURVE ( 'NONE', #208, #1067, #279, .T. ) ;
#2726 = ORIENTED_EDGE ( 'NONE', *, *, #2366, .T. ) ;
#2727 = DIRECTION ( 'NONE',  ( -5.782411586589357392E-17, 0.000000000000000000, -1.000000000000000000 ) ) ;
#2728 = CARTESIAN_POINT ( 'NONE',  ( -1.308697549502533919, 4.044289934309029277, -0.7592427754069104306 ) ) ;
#2729 = DIRECTION ( 'NONE',  ( 0.000000000000000000, 1.000000000000000000, 0.000000000000000000 ) ) ;
#2730 = LINE ( 'NONE', #2500, #2432 ) ;
#2731 = VERTEX_POINT ( 'NONE', #85 ) ;
#2732 = DIRECTION ( 'NONE',  ( -5.782411586589357392E-17, 0.000000000000000000, -1.000000000000000000 ) ) ;
#2733 = CALENDAR_DATE ( 2026, 19, 6 ) ;
#2734 = VECTOR ( 'NONE', #2745, 1000.000000000000000 ) ;
#2735 = CARTESIAN_POINT ( 'NONE',  ( 15.00000000000000178, 15.75000000000000000, 12.50000000000000000 ) ) ;
#2736 = AXIS2_PLACEMENT_3D ( 'NONE', #2810, #79, #2384 ) ;
#2737 = CARTESIAN_POINT ( 'NONE',  ( 4.499999999999998224, 34.49999999999999289, -14.40105817143579792 ) ) ;
#2738 = CARTESIAN_POINT ( 'NONE',  ( 19.00000000000000000, -1.250000000000001998, -19.50000000000000000 ) ) ;
#2739 = CIRCLE ( 'NONE', #1723, 4.250000000000000000 ) ;
#2740 = ORIENTED_EDGE ( 'NONE', *, *, #1428, .T. ) ;
#2741 = EDGE_CURVE ( 'NONE', #2372, #1884, #2066, .T. ) ;
#2742 = DIRECTION ( 'NONE',  ( 0.000000000000000000, 0.000000000000000000, -1.000000000000000000 ) ) ;
#2743 = CC_DESIGN_PERSON_AND_ORGANIZATION_ASSIGNMENT ( #2105, #2795, ( #2534 ) ) ;
#2744 = CC_DESIGN_APPROVAL ( #1967, ( #275 ) ) ;
#2745 = DIRECTION ( 'NONE',  ( 1.000000000000000000, -0.000000000000000000, -0.000000000000000000 ) ) ;
#2746 = VECTOR ( 'NONE', #74, 1000.000000000000000 ) ;
#2747 = ORIENTED_EDGE ( 'NONE', *, *, #195, .T. ) ;
#2748 = AXIS2_PLACEMENT_3D ( 'NONE', #1754, #2186, #2411 ) ;
#2749 = EDGE_CURVE ( 'NONE', #2376, #1512, #2549, .T. ) ;
#2750 = CYLINDRICAL_SURFACE ( 'NONE', #1218, 6.000000000000000000 ) ;
#2751 = PERSON_AND_ORGANIZATION ( #1488, #1403 ) ;
#2752 = PLANE ( 'NONE',  #595 ) ;
#2753 = APPROVAL_PERSON_ORGANIZATION ( #2079, #582, #950 ) ;
#2754 = AXIS2_PLACEMENT_3D ( 'NONE', #703, #473, #24 ) ;
#2755 = FACE_OUTER_BOUND ( 'NONE', #1457, .T. ) ;
#2756 = CARTESIAN_POINT ( 'NONE',  ( 7.500000000000000000, 0.000000000000000000, 7.499999999999999112 ) ) ;
#2757 = ORIENTED_EDGE ( 'NONE', *, *, #44, .F. ) ;
#2758 = CARTESIAN_POINT ( 'NONE',  ( 17.00000000000000000, -4.250000000000000000, 0.000000000000000000 ) ) ;
#2759 = ORIENTED_EDGE ( 'NONE', *, *, #2348, .F. ) ;
#2760 = DIRECTION ( 'NONE',  ( 0.000000000000000000, 0.000000000000000000, 1.000000000000000000 ) ) ;
#2761 = ADVANCED_FACE ( 'NONE', ( #794 ), #1460, .F. ) ;
#2762 = FACE_BOUND ( 'NONE', #562, .T. ) ;
#2763 = EDGE_CURVE ( 'NONE', #874, #2363, #1520, .T. ) ;
#2764 = ORIENTED_EDGE ( 'NONE', *, *, #1480, .T. ) ;
#2765 = LINE ( 'NONE', #1914, #1165 ) ;
#2766 = DATE_AND_TIME ( #1886, #733 ) ;
#2767 = EDGE_CURVE ( 'NONE', #2819, #1318, #608, .T. ) ;
#2768 = CC_DESIGN_DATE_AND_TIME_ASSIGNMENT ( #2167, #1321, ( #1975 ) ) ;
#2769 = DIRECTION ( 'NONE',  ( -1.000000000000000000, 0.000000000000000000, -0.000000000000000000 ) ) ;
#2770 = DIRECTION ( 'NONE',  ( 0.000000000000000000, 0.000000000000000000, -1.000000000000000000 ) ) ;
#2771 = ORIENTED_EDGE ( 'NONE', *, *, #2005, .T. ) ;
#2772 = DIRECTION ( 'NONE',  ( -0.000000000000000000, 1.000000000000000000, 0.000000000000000000 ) ) ;
#2773 = ORIENTED_EDGE ( 'NONE', *, *, #1385, .T. ) ;
#2774 = CARTESIAN_POINT ( 'NONE',  ( 6.250000000000000000, 4.250000000000000000, -1.000000000000000000 ) ) ;
#2775 = LINE ( 'NONE', #1896, #1536 ) ;
#2776 = ORIENTED_EDGE ( 'NONE', *, *, #2681, .F. ) ;
#2777 = DIRECTION ( 'NONE',  ( -1.000000000000000000, 0.000000000000000000, 0.000000000000000000 ) ) ;
#2778 = EDGE_LOOP ( 'NONE', ( #2841, #1418, #1611, #1477 ) ) ;
#2779 = CALENDAR_DATE ( 2026, 19, 6 ) ;
#2780 = CARTESIAN_POINT ( 'NONE',  ( 0.000000000000000000, 0.000000000000000000, -4.250000000000000000 ) ) ;
#2781 = DIRECTION ( 'NONE',  ( 1.000000000000000000, 0.000000000000000000, 0.000000000000000000 ) ) ;
#2782 = VECTOR ( 'NONE', #10, 1000.000000000000000 ) ;
#2783 = ORIENTED_EDGE ( 'NONE', *, *, #1847, .F. ) ;
#2784 = DIRECTION ( 'NONE',  ( 5.782411586589359857E-17, -0.000000000000000000, 1.000000000000000000 ) ) ;
#2785 = VERTEX_POINT ( 'NONE', #1090 ) ;
#2786 = CIRCLE ( 'NONE', #176, 1.000000000000000888 ) ;
#2787 = ORIENTED_EDGE ( 'NONE', *, *, #1374, .F. ) ;
#2788 = ADVANCED_FACE ( 'NONE', ( #2846 ), #2861, .F. ) ;
#2789 = CARTESIAN_POINT ( 'NONE',  ( -4.499999999999998224, 34.49999999999999289, 14.40105817143579614 ) ) ;
#2790 = CARTESIAN_POINT ( 'NONE',  ( 15.00000000000000000, -4.250000000000000000, 4.250000000000007105 ) ) ;
#2791 = ORIENTED_EDGE ( 'NONE', *, *, #478, .T. ) ;
#2792 = CARTESIAN_POINT ( 'NONE',  ( -8.327284562965773122E-16, 34.49999999999999289, -14.40105817143579792 ) ) ;
#2793 = ORIENTED_EDGE ( 'NONE', *, *, #2529, .F. ) ;
#2794 = AXIS2_PLACEMENT_3D ( 'NONE', #1440, #1455, #1898 ) ;
#2795 = PERSON_AND_ORGANIZATION_ROLE ( 'classification_officer' ) ;
#2796 = CC_DESIGN_APPROVAL ( #1426, ( #2666 ) ) ;
#2797 = VECTOR ( 'NONE', #2644, 1000.000000000000000 ) ;
#2798 = EDGE_CURVE ( 'NONE', #2308, #2483, #2632, .T. ) ;
#2799 = CIRCLE ( 'NONE', #2394, 4.250000000000000000 ) ;
#2800 = DIRECTION ( 'NONE',  ( -0.000000000000000000, -0.000000000000000000, -1.000000000000000000 ) ) ;
#2801 = CARTESIAN_POINT ( 'NONE',  ( 0.000000000000000000, 4.250000000000000000, 0.000000000000000000 ) ) ;
#2802 = AXIS2_PLACEMENT_3D ( 'NONE', #2477, #668, #2695 ) ;
#2803 = ORIENTED_EDGE ( 'NONE', *, *, #2172, .T. ) ;
#2804 = CIRCLE ( 'NONE', #2794, 4.499999999999999112 ) ;
#2805 = CARTESIAN_POINT ( 'NONE',  ( -7.499999999999999112, 30.00000000000000000, -14.40105817143579792 ) ) ;
#2806 = ORIENTED_EDGE ( 'NONE', *, *, #2698, .T. ) ;
#2807 = EDGE_CURVE ( 'NONE', #122, #776, #2645, .T. ) ;
#2808 = ORIENTED_EDGE ( 'NONE', *, *, #1363, .F. ) ;
#2809 = CARTESIAN_POINT ( 'NONE',  ( -7.499999999999999112, 24.99999999999999645, 4.499999999999996447 ) ) ;
#2810 = CARTESIAN_POINT ( 'NONE',  ( 15.00000000000000000, 14.24999999999998579, 21.00000000000000711 ) ) ;
#2811 = EDGE_LOOP ( 'NONE', ( #1678, #2330, #1024, #2596 ) ) ;
#2812 = CARTESIAN_POINT ( 'NONE',  ( 17.00000000000000000, 11.23722445586658480, 17.98722445586658480 ) ) ;
#2813 = VERTEX_POINT ( 'NONE', #1953 ) ;
#2814 = ITEM_DEFINED_TRANSFORMATION ( 'NONE', 'NONE', #1123,  #698 ) ;
#2815 = CARTESIAN_POINT ( 'NONE',  ( 15.00000000000000000, 14.24999999999998579, 22.00000000000001066 ) ) ;
#2816 = FACE_OUTER_BOUND ( 'NONE', #2187, .T. ) ;
#2817 = ORIENTED_EDGE ( 'NONE', *, *, #983, .F. ) ;
#2818 = DIRECTION ( 'NONE',  ( 5.782411586589359857E-17, -0.000000000000000000, 1.000000000000000000 ) ) ;
#2819 = VERTEX_POINT ( 'NONE', #1507 ) ;
#2820 = ORIENTED_EDGE ( 'NONE', *, *, #1741, .T. ) ;
#2821 = DIRECTION ( 'NONE',  ( 0.000000000000000000, -0.000000000000000000, -1.000000000000000000 ) ) ;
#2822 = DIRECTION ( 'NONE',  ( 0.000000000000000000, -1.000000000000000000, -1.156482317317873697E-15 ) ) ;
#2823 = ORIENTED_EDGE ( 'NONE', *, *, #771, .F. ) ;
#2824 = CARTESIAN_POINT ( 'NONE',  ( 17.00000000000000000, -4.250000000000000000, 16.67157287525381193 ) ) ;
#2825 = DIRECTION ( 'NONE',  ( -1.000000000000000000, 0.000000000000000000, 0.000000000000000000 ) ) ;
#2826 = APPROVAL_ROLE ( '' ) ;
#2827 = DIRECTION ( 'NONE',  ( 0.000000000000000000, 0.000000000000000000, -1.000000000000000000 ) ) ;
#2828 = CARTESIAN_POINT ( 'NONE',  ( 0.000000000000000000, 0.000000000000000000, -7.500000000000000000 ) ) ;
#2829 = ORIENTED_EDGE ( 'NONE', *, *, #2749, .T. ) ;
#2830 = CIRCLE ( 'NONE', #1533, 2.999999999999999112 ) ;
#2831 = CARTESIAN_POINT ( 'NONE',  ( 17.00000000000000000, 0.000000000000000000, -22.50000000000000000 ) ) ;
#2832 = DIRECTION ( 'NONE',  ( 0.000000000000000000, 0.000000000000000000, -1.000000000000000000 ) ) ;
#2833 = ORIENTED_EDGE ( 'NONE', *, *, #2464, .T. ) ;
#2834 = APPLICATION_CONTEXT ( 'configuration controlled 3d designs of mechanical parts and assemblies' ) ;
#2835 = AXIS2_PLACEMENT_3D ( 'NONE', #145, #2566, #2336 ) ;
#2836 = ORIENTED_EDGE ( 'NONE', *, *, #1200, .T. ) ;
#2837 = EDGE_CURVE ( 'NONE', #1526, #2246, #1120, .T. ) ;
#2838 = CARTESIAN_POINT ( 'NONE',  ( 19.00000000000000000, -4.250000000000000000, -19.50000000000000000 ) ) ;
#2839 = UNCERTAINTY_MEASURE_WITH_UNIT (LENGTH_MEASURE( 1.000000000000000082E-05 ), #704, 'distance_accuracy_value', 'NONE');
#2840 = CYLINDRICAL_SURFACE ( 'NONE', #2654, 4.499999999999999112 ) ;
#2841 = ORIENTED_EDGE ( 'NONE', *, *, #568, .F. ) ;
#2842 = ORIENTED_EDGE ( 'NONE', *, *, #1374, .T. ) ;
#2843 = DATE_AND_TIME ( #1042, #2390 ) ;
#2844 = EDGE_CURVE ( 'NONE', #1178, #502, #1270, .T. ) ;
#2845 = PLANE ( 'NONE',  #139 ) ;
#2846 = FACE_OUTER_BOUND ( 'NONE', #52, .T. ) ;
#2847 = AXIS2_PLACEMENT_3D ( 'NONE', #1927, #118, #750 ) ;
#2848 = ORIENTED_EDGE ( 'NONE', *, *, #2588, .F. ) ;
#2849 = CARTESIAN_POINT ( 'NONE',  ( 0.000000000000000000, 11.00000000000000000, 10.15685424949237969 ) ) ;
#2850 = CIRCLE ( 'NONE', #2209, 1.000000000000000888 ) ;
#2851 = DIRECTION ( 'NONE',  ( 0.000000000000000000, 0.000000000000000000, -1.000000000000000000 ) ) ;
#2852 = AXIS2_PLACEMENT_3D ( 'NONE', #1205, #2314, #1657 ) ;
#2853 = ORIENTED_EDGE ( 'NONE', *, *, #258, .T. ) ;
#2854 = FACE_OUTER_BOUND ( 'NONE', #1881, .T. ) ;
#2855 = ORIENTED_EDGE ( 'NONE', *, *, #2136, .T. ) ;
#2856 = PLANE ( 'NONE',  #1495 ) ;
#2857 = ORIENTED_EDGE ( 'NONE', *, *, #760, .T. ) ;
#2858 = COORDINATED_UNIVERSAL_TIME_OFFSET ( 9, 0, .AHEAD. ) ;
#2859 = ADVANCED_FACE ( 'NONE', ( #373 ), #1988, .F. ) ;
#2860 = LINE ( 'NONE', #1074, #1775 ) ;
#2861 = PLANE ( 'NONE',  #737 ) ;
#2862 = ADVANCED_FACE ( 'NONE', ( #390 ), #1785, .T. ) ;
#2863 = APPROVAL ( #2421, 'UNSPECIFIED' ) ;
#2864 = VERTEX_POINT ( 'NONE', #823 ) ;
#2865 = CARTESIAN_POINT ( 'NONE',  ( 20.00000000000000000, 0.000000000000000000, 16.67157287525381193 ) ) ;
#2866 = DIRECTION ( 'NONE',  ( 0.000000000000000000, 1.000000000000000000, 0.000000000000000000 ) ) ;
#2867 = ORIENTED_EDGE ( 'NONE', *, *, #1164, .F. ) ;
#2868 = CARTESIAN_POINT ( 'NONE',  ( 19.00000000000000000, -1.250000000000004885, -1.807003620809181534E-16 ) ) ;
#2869 = ORIENTED_EDGE ( 'NONE', *, *, #2206, .F. ) ;
#2870 = LINE ( 'NONE', #1735, #1684 ) ;
#2871 = ORIENTED_EDGE ( 'NONE', *, *, #2251, .T. ) ;
#2872 = APPROVAL_DATE_TIME ( #1999, #1832 ) ;
#2873 = CARTESIAN_POINT ( 'NONE',  ( 7.499999999999999112, 0.000000000000000000, 4.499999999999998224 ) ) ;
#2874 = CARTESIAN_POINT ( 'NONE',  ( 0.000000000000000000, 0.000000000000000000, 7.500000000000000000 ) ) ;
#2875 = ORIENTED_EDGE ( 'NONE', *, *, #2231, .T. ) ;
#2876 = DIRECTION ( 'NONE',  ( 0.000000000000000000, 0.000000000000000000, -1.000000000000000000 ) ) ;
#2877 = CARTESIAN_POINT ( 'NONE',  ( -4.250000000000000000, -2.749999999999992006, -20.00000000000001421 ) ) ;
#2878 = ORIENTED_EDGE ( 'NONE', *, *, #2038, .F. ) ;
#2879 = CARTESIAN_POINT ( 'NONE',  ( 0.000000000000000000, 0.000000000000000000, 7.500000000000000000 ) ) ;
#2880 = VECTOR ( 'NONE', #486, 1000.000000000000000 ) ;
#2881 = VERTEX_POINT ( 'NONE', #1059 ) ;
#2882 = LINE ( 'NONE', #1794, #1590 ) ;
#2883 = ORIENTED_EDGE ( 'NONE', *, *, #2837, .F. ) ;
#2884 = CONTEXT_DEPENDENT_SHAPE_REPRESENTATION ( #1535, #1347 ) ;
#2885 = AXIS2_PLACEMENT_3D ( 'NONE', #2286, #890, #2723 ) ;
#2886 = DIRECTION ( 'NONE',  ( 0.000000000000000000, -1.000000000000000000, 0.000000000000000000 ) ) ;
#2887 = EDGE_CURVE ( 'NONE', #1791, #865, #1971, .T. ) ;
#2888 = ORIENTED_EDGE ( 'NONE', *, *, #1924, .F. ) ;
#2889 = DIRECTION ( 'NONE',  ( -1.000000000000000000, -0.000000000000000000, -0.000000000000000000 ) ) ;
#2890 = ORIENTED_EDGE ( 'NONE', *, *, #637, .T. ) ;
#2891 = CARTESIAN_POINT ( 'NONE',  ( 15.00000000000000000, 0.000000000000000000, 0.000000000000000000 ) ) ;
#2892 = APPROVAL ( #199, 'UNSPECIFIED' ) ;
#2893 = AXIS2_PLACEMENT_3D ( 'NONE', #2443, #2189, #2004 ) ;
#2894 = LOCAL_TIME ( 15, 10, 18.00000000000000000, #2436 ) ;
#2895 = ORIENTED_EDGE ( 'NONE', *, *, #1360, .F. ) ;
#2896 = VECTOR ( 'NONE', #151, 1000.000000000000000 ) ;
#2897 = CARTESIAN_POINT ( 'NONE',  ( -1.500051441754307602, 3.976474025457449990, -0.09796449818878336102 ) ) ;
#2898 = AXIS2_PLACEMENT_3D ( 'NONE', #888, #2300, #1180 ) ;
#2899 = AXIS2_PLACEMENT_3D ( 'NONE', #419, #1282, #2000 ) ;
#2900 = CYLINDRICAL_SURFACE ( 'NONE', #1294, 4.499999999999999112 ) ;
#2901 = NEXT_ASSEMBLY_USAGE_OCCURRENCE ( 'NAUO1', ' ', ' ', #1625, #1565, $ ) ;
#2902 = NEXT_ASSEMBLY_USAGE_OCCURRENCE ( 'NAUO2', ' ', ' ', #1625, #1332, $ ) ;
ENDSEC;
END-ISO-10303-21;
