ISO-10303-21;
HEADER;
FILE_DESCRIPTION (( 'STEP AP203' ),
    '1' );
FILE_NAME ('Holder.STEP',
    '2026-06-18T09:45:52',
    ( '' ),
    ( '' ),
    'SwSTEP 2.0',
    'SolidWorks 2026',
    '' );
FILE_SCHEMA (( 'CONFIG_CONTROL_DESIGN' ));
ENDSEC;

DATA;
#1 = VERTEX_POINT ( 'NONE', #1165 ) ;
#2 = DIRECTION ( 'NONE',  ( 0.000000000000000000, 0.000000000000000000, 1.000000000000000000 ) ) ;
#3 = CARTESIAN_POINT ( 'NONE',  ( 17.00000000000000000, 11.08722445586658445, -17.98722445586658836 ) ) ;
#4 = CARTESIAN_POINT ( 'NONE',  ( 19.00000000000000000, -4.400000000000000355, 22.50000000000000000 ) ) ;
#5 = EDGE_CURVE ( 'NONE', #374, #718, #188, .T. ) ;
#6 = ORIENTED_EDGE ( 'NONE', *, *, #1237, .T. ) ;
#7 = FACE_BOUND ( 'NONE', #950, .T. ) ;
#8 = PLANE ( 'NONE',  #1563 ) ;
#9 = DIRECTION ( 'NONE',  ( 0.000000000000000000, 0.000000000000000000, 1.000000000000000000 ) ) ;
#10 = CIRCLE ( 'NONE', #887, 1.000000000000000888 ) ;
#11 = AXIS2_PLACEMENT_3D ( 'NONE', #171, #865, #539 ) ;
#12 = PERSON_AND_ORGANIZATION ( #619, #1032 ) ;
#13 = EDGE_CURVE ( 'NONE', #938, #350, #385, .T. ) ;
#14 = ORIENTED_EDGE ( 'NONE', *, *, #1346, .F. ) ;
#15 = DIRECTION ( 'NONE',  ( 0.000000000000000000, -1.000000000000000000, -1.156482317317871725E-15 ) ) ;
#16 = VERTEX_POINT ( 'NONE', #722 ) ;
#17 = DIRECTION ( 'NONE',  ( -0.000000000000000000, 1.000000000000000000, -0.000000000000000000 ) ) ;
#18 = VECTOR ( 'NONE', #528, 1000.000000000000000 ) ;
#19 = DIRECTION ( 'NONE',  ( -1.000000000000000000, 0.000000000000000000, 0.000000000000000000 ) ) ;
#20 = EDGE_CURVE ( 'NONE', #16, #277, #737, .T. ) ;
#21 = CC_DESIGN_APPROVAL ( #1099, ( #693 ) ) ;
#22 = ORIENTED_EDGE ( 'NONE', *, *, #1375, .T. ) ;
#23 = FACE_OUTER_BOUND ( 'NONE', #884, .T. ) ;
#24 = CARTESIAN_POINT ( 'NONE',  ( -4.400000000000001243, -2.899999999999992806, -21.00000000000001421 ) ) ;
#25 = CARTESIAN_POINT ( 'NONE',  ( 4.400000000000000355, 5.388445916248354013E-16, -7.500000000000000000 ) ) ;
#26 = VERTEX_POINT ( 'NONE', #478 ) ;
#27 = CARTESIAN_POINT ( 'NONE',  ( 20.00000000000000000, 1.928037923210731615E-14, -16.67157287525382259 ) ) ;
#28 = ORIENTED_EDGE ( 'NONE', *, *, #174, .F. ) ;
#29 = DIRECTION ( 'NONE',  ( 0.000000000000000000, 0.000000000000000000, 1.000000000000000000 ) ) ;
#30 = DIRECTION ( 'NONE',  ( 0.000000000000000000, 1.156482317317871725E-15, -1.000000000000000000 ) ) ;
#31 = PERSON_AND_ORGANIZATION ( #619, #1032 ) ;
#32 = CIRCLE ( 'NONE', #889, 2.999999999999999112 ) ;
#33 = EDGE_CURVE ( 'NONE', #1092, #245, #488, .T. ) ;
#34 = CLOSED_SHELL ( 'NONE', ( #1229, #588, #901, #246, #659, #563, #935, #1191, #545, #550, #538, #514, #920, #794, #1018, #1087, #570, #126, #730, #770, #1351, #85, #1248, #711, #1364, #154, #1127, #752, #910, #266, #51, #1437, #75, #931, #944, #973, #275, #1012, #1161, #175, #796, #1508, #218 ) ) ;
#35 = DIRECTION ( 'NONE',  ( -0.000000000000000000, -0.000000000000000000, -1.000000000000000000 ) ) ;
#36 = ORIENTED_EDGE ( 'NONE', *, *, #1325, .F. ) ;
#37 = CARTESIAN_POINT ( 'NONE',  ( 19.00000000000000000, 12.59999999999999964, -22.50000000000000000 ) ) ;
#38 = VERTEX_POINT ( 'NONE', #606 ) ;
#39 = CARTESIAN_POINT ( 'NONE',  ( 15.00000000000000000, -4.400000000000000355, 22.50000000000000000 ) ) ;
#40 = DIRECTION ( 'NONE',  ( -1.000000000000000000, 0.000000000000000000, 0.000000000000000000 ) ) ;
#41 = CIRCLE ( 'NONE', #71, 4.400000000000000355 ) ;
#42 = DIRECTION ( 'NONE',  ( 0.000000000000000000, -5.782411586589358625E-16, -1.000000000000000000 ) ) ;
#43 = EDGE_CURVE ( 'NONE', #938, #77, #256, .T. ) ;
#44 = CIRCLE ( 'NONE', #462, 1.000000000000000888 ) ;
#45 = CARTESIAN_POINT ( 'NONE',  ( -0.9154468513253033457, -4.304504963592179045, 1.192249392842258837 ) ) ;
#46 = ORIENTED_EDGE ( 'NONE', *, *, #1257, .F. ) ;
#47 = DIRECTION ( 'NONE',  ( 0.000000000000000000, -0.000000000000000000, -1.000000000000000000 ) ) ;
#48 = ORIENTED_EDGE ( 'NONE', *, *, #652, .F. ) ;
#49 = CARTESIAN_POINT ( 'NONE',  ( 20.00000000000000000, 9.771572875253809798, 22.50000000000000000 ) ) ;
#50 = VERTEX_POINT ( 'NONE', #1113 ) ;
#51 = ADVANCED_FACE ( 'NONE', ( #469 ), #959, .F. ) ;
#52 = ORIENTED_EDGE ( 'NONE', *, *, #1507, .T. ) ;
#53 = DIRECTION ( 'NONE',  ( 0.000000000000000000, -1.000000000000000000, 0.000000000000000000 ) ) ;
#54 = ORIENTED_EDGE ( 'NONE', *, *, #1556, .F. ) ;
#55 = EDGE_CURVE ( 'NONE', #316, #963, #60, .T. ) ;
#56 = DIRECTION ( 'NONE',  ( 0.000000000000000000, 5.782411586589358625E-16, 1.000000000000000000 ) ) ;
#57 = CARTESIAN_POINT ( 'NONE',  ( 17.00000000000000000, 9.599999999999999645, -12.50000000000000000 ) ) ;
#58 = VECTOR ( 'NONE', #814, 1000.000000000000000 ) ;
#59 = DIRECTION ( 'NONE',  ( -1.000000000000000000, 0.000000000000000000, 0.000000000000000000 ) ) ;
#60 = CIRCLE ( 'NONE', #1069, 1.000000000000000888 ) ;
#61 = EDGE_CURVE ( 'NONE', #653, #374, #978, .T. ) ;
#62 = ORIENTED_EDGE ( 'NONE', *, *, #811, .T. ) ;
#63 = FACE_OUTER_BOUND ( 'NONE', #137, .T. ) ;
#64 = CARTESIAN_POINT ( 'NONE',  ( 15.00000000000000000, 14.09999999999998543, 21.00000000000000711 ) ) ;
#65 = CARTESIAN_POINT ( 'NONE',  ( -4.400000000000001243, 14.09999999999999076, -21.00000000000000711 ) ) ;
#66 = CARTESIAN_POINT ( 'NONE',  ( 0.000000000000000000, 4.400000000000000355, -1.500000000000000222 ) ) ;
#67 = DIRECTION ( 'NONE',  ( -0.000000000000000000, 1.000000000000000000, 0.000000000000000000 ) ) ;
#68 = VECTOR ( 'NONE', #56, 1000.000000000000000 ) ;
#69 = VERTEX_POINT ( 'NONE', #131 ) ;
#70 = DIRECTION ( 'NONE',  ( 1.000000000000000000, 0.000000000000000000, 0.000000000000000000 ) ) ;
#71 = AXIS2_PLACEMENT_3D ( 'NONE', #719, #612, #151 ) ;
#72 = DIRECTION ( 'NONE',  ( -1.000000000000000000, 0.000000000000000000, 0.000000000000000000 ) ) ;
#73 = CARTESIAN_POINT ( 'NONE',  ( -1.451428519884374602, 4.153766521553569291, -0.3912106515892754821 ) ) ;
#74 = CARTESIAN_POINT ( 'NONE',  ( 17.00000000000000000, 15.59999999999999964, 12.50000000000000000 ) ) ;
#75 = ADVANCED_FACE ( 'NONE', ( #991 ), #1458, .F. ) ;
#76 = CARTESIAN_POINT ( 'NONE',  ( 15.00000000000000000, -4.400000000000000355, -22.50000000000000000 ) ) ;
#77 = VERTEX_POINT ( 'NONE', #1448 ) ;
#78 = DIRECTION ( 'NONE',  ( -0.000000000000000000, 1.000000000000000000, -0.000000000000000000 ) ) ;
#79 = VERTEX_POINT ( 'NONE', #25 ) ;
#80 = DIRECTION ( 'NONE',  ( 1.000000000000000000, 0.000000000000000000, 0.000000000000000000 ) ) ;
#81 = CARTESIAN_POINT ( 'NONE',  ( -4.400000000000001243, -2.900000000000015010, 21.00000000000000000 ) ) ;
#82 = PLANE ( 'NONE',  #235 ) ;
#83 = CARTESIAN_POINT ( 'NONE',  ( -0.4862098491491429475, -4.374011575312401590, 1.422414407772396139 ) ) ;
#84 = DIRECTION ( 'NONE',  ( 1.000000000000000000, 0.000000000000000000, 0.000000000000000000 ) ) ;
#85 = ADVANCED_FACE ( 'NONE', ( #1342, #372 ), #850, .F. ) ;
#86 = ORIENTED_EDGE ( 'NONE', *, *, #201, .T. ) ;
#87 = AXIS2_PLACEMENT_3D ( 'NONE', #554, #1549, #1171 ) ;
#88 = VECTOR ( 'NONE', #445, 1000.000000000000000 ) ;
#89 = CARTESIAN_POINT ( 'NONE',  ( 15.00000000000000000, -2.900000000000015010, 22.00000000000000355 ) ) ;
#90 = DIRECTION ( 'NONE',  ( -0.000000000000000000, 1.000000000000000000, -0.000000000000000000 ) ) ;
#91 = CARTESIAN_POINT ( 'NONE',  ( -4.400000000000001243, -2.900000000000015010, 20.00000000000000000 ) ) ;
#92 = LINE ( 'NONE', #936, #1482 ) ;
#93 = LINE ( 'NONE', #799, #163 ) ;
#94 = AXIS2_PLACEMENT_3D ( 'NONE', #64, #558, #436 ) ;
#95 = ORIENTED_EDGE ( 'NONE', *, *, #819, .F. ) ;
#96 = LINE ( 'NONE', #1060, #640 ) ;
#97 = LINE ( 'NONE', #574, #357 ) ;
#98 = FACE_BOUND ( 'NONE', #638, .T. ) ;
#99 = CARTESIAN_POINT ( 'NONE',  ( 15.00000000000000000, 4.400000000000000355, -1.000000000000000000 ) ) ;
#100 = DIRECTION ( 'NONE',  ( 0.000000000000000000, 0.000000000000000000, 1.000000000000000000 ) ) ;
#101 = EDGE_LOOP ( 'NONE', ( #1369, #613, #854, #36 ) ) ;
#102 = EDGE_LOOP ( 'NONE', ( #847, #118 ) ) ;
#103 = ORIENTED_EDGE ( 'NONE', *, *, #1292, .F. ) ;
#104 = EDGE_CURVE ( 'NONE', #1065, #547, #115, .T. ) ;
#105 = EDGE_CURVE ( 'NONE', #963, #176, #1464, .T. ) ;
#106 = DIRECTION ( 'NONE',  ( -1.000000000000000000, 0.000000000000000000, 0.000000000000000000 ) ) ;
#107 = LINE ( 'NONE', #1062, #387 ) ;
#108 = CARTESIAN_POINT ( 'NONE',  ( 4.400000000000000355, 5.388445916248354013E-16, 7.500000000000000000 ) ) ;
#109 = ORIENTED_EDGE ( 'NONE', *, *, #1401, .T. ) ;
#110 = EDGE_CURVE ( 'NONE', #727, #585, #1234, .T. ) ;
#111 = ORIENTED_EDGE ( 'NONE', *, *, #664, .T. ) ;
#112 = ORIENTED_EDGE ( 'NONE', *, *, #104, .T. ) ;
#113 = AXIS2_PLACEMENT_3D ( 'NONE', #1337, #1350, #1226 ) ;
#114 = CARTESIAN_POINT ( 'NONE',  ( 17.00000000000000000, -4.400000000000000355, 0.000000000000000000 ) ) ;
#115 = LINE ( 'NONE', #1442, #1427 ) ;
#116 = CARTESIAN_POINT ( 'NONE',  ( -0.3954355459779298476, -4.385998228438285018, -1.460167195981308508 ) ) ;
#117 = ORIENTED_EDGE ( 'NONE', *, *, #769, .T. ) ;
#118 = ORIENTED_EDGE ( 'NONE', *, *, #497, .F. ) ;
#119 = AXIS2_PLACEMENT_3D ( 'NONE', #136, #121, #269 ) ;
#120 = ORIENTED_EDGE ( 'NONE', *, *, #723, .T. ) ;
#121 = DIRECTION ( 'NONE',  ( -1.000000000000000000, 0.000000000000000000, 0.000000000000000000 ) ) ;
#122 = ORIENTED_EDGE ( 'NONE', *, *, #226, .T. ) ;
#123 = LINE ( 'NONE', #703, #816 ) ;
#124 = VECTOR ( 'NONE', #1141, 1000.000000000000000 ) ;
#125 = PLANE ( 'NONE',  #1568 ) ;
#126 = ADVANCED_FACE ( 'NONE', ( #824, #1319 ), #229, .F. ) ;
#127 = EDGE_LOOP ( 'NONE', ( #227, #962, #1168, #1564 ) ) ;
#128 = CARTESIAN_POINT ( 'NONE',  ( -4.400000000000000355, 0.000000000000000000, 7.500000000000000000 ) ) ;
#129 = EDGE_LOOP ( 'NONE', ( #671, #872 ) ) ;
#130 = CARTESIAN_POINT ( 'NONE',  ( 0.000000000000000000, -4.400000000000000355, 0.000000000000000000 ) ) ;
#131 = CARTESIAN_POINT ( 'NONE',  ( 19.00000000000000000, -1.400000000000001021, -19.49999999999999645 ) ) ;
#132 = EDGE_CURVE ( 'NONE', #1339, #755, #1329, .T. ) ;
#133 = EDGE_CURVE ( 'NONE', #16, #156, #996, .T. ) ;
#134 = PERSON_AND_ORGANIZATION ( #619, #1032 ) ;
#135 = ORIENTED_EDGE ( 'NONE', *, *, #701, .F. ) ;
#136 = CARTESIAN_POINT ( 'NONE',  ( 15.00000000000000000, 0.000000000000000000, 0.000000000000000000 ) ) ;
#137 = EDGE_LOOP ( 'NONE', ( #524, #1010, #1101, #349, #1021, #458 ) ) ;
#138 = DIRECTION ( 'NONE',  ( -1.000000000000000000, 0.000000000000000000, -0.000000000000000000 ) ) ;
#139 = CARTESIAN_POINT ( 'NONE',  ( 19.00000000000000000, 0.000000000000000000, 0.000000000000000000 ) ) ;
#140 = AXIS2_PLACEMENT_3D ( 'NONE', #682, #1399, #804 ) ;
#141 = CALENDAR_DATE ( 2026, 18, 6 ) ;
#142 = EDGE_CURVE ( 'NONE', #1417, #1559, #1491, .T. ) ;
#143 = ORIENTED_EDGE ( 'NONE', *, *, #33, .F. ) ;
#144 = CARTESIAN_POINT ( 'NONE',  ( 15.00000000000000000, 14.09999999999998543, 21.00000000000000711 ) ) ;
#145 = ORIENTED_EDGE ( 'NONE', *, *, #607, .F. ) ;
#146 = DIRECTION ( 'NONE',  ( -0.000000000000000000, -0.000000000000000000, -1.000000000000000000 ) ) ;
#147 = AXIS2_PLACEMENT_3D ( 'NONE', #130, #238, #228 ) ;
#148 = CARTESIAN_POINT ( 'NONE',  ( 19.00000000000000000, -4.400000000000000355, 22.50000000000000000 ) ) ;
#149 = AXIS2_PLACEMENT_3D ( 'NONE', #531, #1520, #423 ) ;
#150 = EDGE_LOOP ( 'NONE', ( #1209, #1239, #1286, #400, #380, #680, #852, #204, #135, #1425, #1081, #86, #1080, #1250 ) ) ;
#151 = DIRECTION ( 'NONE',  ( 1.000000000000000000, 0.000000000000000000, 0.000000000000000000 ) ) ;
#152 = ORIENTED_EDGE ( 'NONE', *, *, #1517, .F. ) ;
#153 = DIRECTION ( 'NONE',  ( 1.000000000000000000, 0.000000000000000000, -0.000000000000000000 ) ) ;
#154 = ADVANCED_FACE ( 'NONE', ( #598 ), #882, .F. ) ;
#155 = CARTESIAN_POINT ( 'NONE',  ( 4.400000000000000355, -4.400000000000000355, -1.000000000000000000 ) ) ;
#156 = VERTEX_POINT ( 'NONE', #1125 ) ;
#157 = DIRECTION ( 'NONE',  ( 0.000000000000000000, 0.000000000000000000, -1.000000000000000000 ) ) ;
#158 = ORIENTED_EDGE ( 'NONE', *, *, #1077, .F. ) ;
#159 = LINE ( 'NONE', #1382, #18 ) ;
#160 = CARTESIAN_POINT ( 'NONE',  ( 0.000000000000000000, -4.400000000000000355, -4.249999999999999112 ) ) ;
#161 = APPROVAL ( #875, 'UNSPECIFIED' ) ;
#162 = CARTESIAN_POINT ( 'NONE',  ( 0.000000000000000000, -4.400000000000000355, 4.250000000000000000 ) ) ;
#163 = VECTOR ( 'NONE', #217, 1000.000000000000000 ) ;
#164 = CARTESIAN_POINT ( 'NONE',  ( -1.309206417518073762, -4.201469943713088462, -0.7582180504763439410 ) ) ;
#165 = EDGE_LOOP ( 'NONE', ( #1192, #860, #451, #442 ) ) ;
#166 = DIRECTION ( 'NONE',  ( 1.000000000000000000, -0.000000000000000000, -0.000000000000000000 ) ) ;
#167 = ORIENTED_EDGE ( 'NONE', *, *, #1059, .T. ) ;
#168 = PLANE ( 'NONE',  #490 ) ;
#169 = DIRECTION ( 'NONE',  ( -0.000000000000000000, -0.000000000000000000, 1.000000000000000000 ) ) ;
#170 = AXIS2_PLACEMENT_3D ( 'NONE', #517, #1486, #399 ) ;
#171 = CARTESIAN_POINT ( 'NONE',  ( 19.00000000000000000, -2.900000000000015010, 21.00000000000000000 ) ) ;
#172 = DIRECTION ( 'NONE',  ( 0.000000000000000000, 1.000000000000000000, -5.782411586589358625E-16 ) ) ;
#173 = ORIENTED_EDGE ( 'NONE', *, *, #191, .T. ) ;
#174 = EDGE_CURVE ( 'NONE', #1339, #236, #1009, .T. ) ;
#175 = ADVANCED_FACE ( 'NONE', ( #900 ), #745, .F. ) ;
#176 = VERTEX_POINT ( 'NONE', #1145 ) ;
#177 = CARTESIAN_POINT ( 'NONE',  ( 15.00000000000000000, -4.400000000000000355, -4.249999999999999112 ) ) ;
#178 = DIRECTION ( 'NONE',  ( 1.000000000000000000, 0.000000000000000000, -0.000000000000000000 ) ) ;
#179 = LINE ( 'NONE', #537, #663 ) ;
#180 = LINE ( 'NONE', #1146, #1404 ) ;
#181 = VERTEX_POINT ( 'NONE', #57 ) ;
#182 = EDGE_CURVE ( 'NONE', #245, #156, #179, .T. ) ;
#183 = ORIENTED_EDGE ( 'NONE', *, *, #450, .T. ) ;
#184 = CARTESIAN_POINT ( 'NONE',  ( 4.400000000000000355, -4.400000000000000355, -1.000000000000000000 ) ) ;
#185 = DIRECTION ( 'NONE',  ( 0.000000000000000000, 1.000000000000000000, 1.156482317317871725E-15 ) ) ;
#186 = CARTESIAN_POINT ( 'NONE',  ( 15.00000000000000000, 15.59999999999999964, 22.50000000000000000 ) ) ;
#187 = ORIENTED_EDGE ( 'NONE', *, *, #1505, .F. ) ;
#188 = CIRCLE ( 'NONE', #87, 1.000000000000000888 ) ;
#189 = VERTEX_POINT ( 'NONE', #160 ) ;
#190 = CARTESIAN_POINT ( 'NONE',  ( 17.00000000000000000, 1.428427124746188159, -16.67157287525380482 ) ) ;
#191 = EDGE_CURVE ( 'NONE', #77, #1130, #835, .T. ) ;
#192 = LINE ( 'NONE', #1176, #1300 ) ;
#193 = FACE_OUTER_BOUND ( 'NONE', #355, .T. ) ;
#194 = DIRECTION ( 'NONE',  ( 1.000000000000000000, 0.000000000000000000, 0.000000000000000000 ) ) ;
#195 = ORIENTED_EDGE ( 'NONE', *, *, #626, .T. ) ;
#196 = CIRCLE ( 'NONE', #1073, 4.400000000000000355 ) ;
#197 = DIRECTION ( 'NONE',  ( 0.000000000000000000, 0.000000000000000000, 1.000000000000000000 ) ) ;
#198 = AXIS2_PLACEMENT_3D ( 'NONE', #1469, #1143, #1023 ) ;
#199 = ORIENTED_EDGE ( 'NONE', *, *, #644, .T. ) ;
#200 = LINE ( 'NONE', #1194, #88 ) ;
#201 = EDGE_CURVE ( 'NONE', #585, #629, #776, .T. ) ;
#202 = FACE_OUTER_BOUND ( 'NONE', #584, .T. ) ;
#203 = DIRECTION ( 'NONE',  ( -1.000000000000000000, -0.000000000000000000, -0.000000000000000000 ) ) ;
#204 = ORIENTED_EDGE ( 'NONE', *, *, #481, .T. ) ;
#205 = CARTESIAN_POINT ( 'NONE',  ( 4.400000000000000355, -4.400000000000000355, 1.000000000000000000 ) ) ;
#206 = LINE ( 'NONE', #1419, #1150 ) ;
#207 = DIRECTION ( 'NONE',  ( 1.000000000000000000, -0.000000000000000000, -0.000000000000000000 ) ) ;
#208 = APPROVAL ( #843, 'UNSPECIFIED' ) ;
#209 = CARTESIAN_POINT ( 'NONE',  ( -0.7585312770693036777, 4.337983279824140226, 1.308907667408529596 ) ) ;
#210 = VECTOR ( 'NONE', #587, 1000.000000000000000 ) ;
#211 = AXIS2_PLACEMENT_3D ( 'NONE', #813, #72, #566 ) ;
#212 = FACE_OUTER_BOUND ( 'NONE', #165, .T. ) ;
#213 = LINE ( 'NONE', #311, #1330 ) ;
#214 = DIRECTION ( 'NONE',  ( 0.000000000000000000, -1.000000000000000000, 0.000000000000000000 ) ) ;
#215 = LINE ( 'NONE', #1548, #789 ) ;
#216 = CARTESIAN_POINT ( 'NONE',  ( -0.9165948426566146168, -4.304259554121617093, -1.191366231035851042 ) ) ;
#217 = DIRECTION ( 'NONE',  ( -0.000000000000000000, -0.000000000000000000, 1.000000000000000000 ) ) ;
#218 = ADVANCED_FACE ( 'NONE', ( #864 ), #1243, .F. ) ;
#219 = AXIS2_PLACEMENT_3D ( 'NONE', #315, #42, #172 ) ;
#220 = AXIS2_PLACEMENT_3D ( 'NONE', #712, #1084, #138 ) ;
#221 = EDGE_CURVE ( 'NONE', #1, #1439, #761, .T. ) ;
#222 = ORIENTED_EDGE ( 'NONE', *, *, #664, .F. ) ;
#223 = CYLINDRICAL_SURFACE ( 'NONE', #140, 3.000000000000000000 ) ;
#224 = DIRECTION ( 'NONE',  ( 0.000000000000000000, 1.000000000000000000, 0.000000000000000000 ) ) ;
#225 = CARTESIAN_POINT ( 'NONE',  ( 19.00000000000000000, 15.59999999999999964, 22.50000000000000000 ) ) ;
#226 = EDGE_CURVE ( 'NONE', #181, #277, #411, .T. ) ;
#227 = ORIENTED_EDGE ( 'NONE', *, *, #1401, .F. ) ;
#228 = DIRECTION ( 'NONE',  ( 0.000000000000000000, 0.000000000000000000, 1.000000000000000000 ) ) ;
#229 = PLANE ( 'NONE',  #859 ) ;
#230 = CARTESIAN_POINT ( 'NONE',  ( 6.400000000000001243, -4.400000000000000355, 1.000000000000000000 ) ) ;
#231 = EDGE_LOOP ( 'NONE', ( #241, #158, #112, #323 ) ) ;
#232 = ORIENTED_EDGE ( 'NONE', *, *, #1462, .F. ) ;
#233 = ORIENTED_EDGE ( 'NONE', *, *, #105, .T. ) ;
#234 = EDGE_LOOP ( 'NONE', ( #720, #233, #1199, #1545 ) ) ;
#235 = AXIS2_PLACEMENT_3D ( 'NONE', #560, #580, #575 ) ;
#236 = VERTEX_POINT ( 'NONE', #1043 ) ;
#237 = EDGE_CURVE ( 'NONE', #997, #467, #971, .T. ) ;
#238 = DIRECTION ( 'NONE',  ( 0.000000000000000000, 1.000000000000000000, 0.000000000000000000 ) ) ;
#239 = CARTESIAN_POINT ( 'NONE',  ( 6.400000000000000355, -4.400000000000000355, -1.000000000000000000 ) ) ;
#240 = CARTESIAN_POINT ( 'NONE',  ( 4.400000000000000355, 5.388445916248354013E-16, -4.250000000000000000 ) ) ;
#241 = ORIENTED_EDGE ( 'NONE', *, *, #848, .F. ) ;
#242 = VECTOR ( 'NONE', #983, 1000.000000000000000 ) ;
#243 = ORIENTED_EDGE ( 'NONE', *, *, #174, .T. ) ;
#244 = LINE ( 'NONE', #1453, #242 ) ;
#245 = VERTEX_POINT ( 'NONE', #923 ) ;
#246 = ADVANCED_FACE ( 'NONE', ( #675 ), #696, .F. ) ;
#247 = CARTESIAN_POINT ( 'NONE',  ( 19.00000000000000000, -2.899999999999992806, -22.00000000000001776 ) ) ;
#248 = DIRECTION ( 'NONE',  ( 0.000000000000000000, -1.000000000000000000, -1.156482317317871725E-15 ) ) ;
#249 = VECTOR ( 'NONE', #861, 1000.000000000000000 ) ;
#250 = EDGE_CURVE ( 'NONE', #1201, #1308, #1412, .T. ) ;
#251 = LINE ( 'NONE', #1320, #1079 ) ;
#252 = VERTEX_POINT ( 'NONE', #437 ) ;
#253 = LINE ( 'NONE', #260, #317 ) ;
#254 = ORIENTED_EDGE ( 'NONE', *, *, #406, .T. ) ;
#255 = CARTESIAN_POINT ( 'NONE',  ( 19.00000000000000000, 2.255140518769851432E-14, -19.50000000000001421 ) ) ;
#256 = LINE ( 'NONE', #985, #1228 ) ;
#257 = COORDINATED_UNIVERSAL_TIME_OFFSET ( 9, 0, .AHEAD. ) ;
#258 = CC_DESIGN_DATE_AND_TIME_ASSIGNMENT ( #265, #738, ( #624 ) ) ;
#259 = ORIENTED_EDGE ( 'NONE', *, *, #1411, .F. ) ;
#260 = CARTESIAN_POINT ( 'NONE',  ( 15.00000000000000178, 9.599999999999999645, 12.50000000000000000 ) ) ;
#261 = ORIENTED_EDGE ( 'NONE', *, *, #1116, .T. ) ;
#262 = PLANE ( 'NONE',  #297 ) ;
#263 = DIRECTION ( 'NONE',  ( 1.000000000000000000, -0.000000000000000000, -0.000000000000000000 ) ) ;
#264 = AXIS2_PLACEMENT_3D ( 'NONE', #65, #891, #394 ) ;
#265 = DATE_AND_TIME ( #979, #926 ) ;
#266 = ADVANCED_FACE ( 'NONE', ( #1529 ), #1310, .F. ) ;
#267 = EDGE_CURVE ( 'NONE', #629, #982, #206, .T. ) ;
#268 = VERTEX_POINT ( 'NONE', #427 ) ;
#269 = DIRECTION ( 'NONE',  ( 0.000000000000000000, 0.000000000000000000, 1.000000000000000000 ) ) ;
#270 = CIRCLE ( 'NONE', #902, 1.000000000000000888 ) ;
#271 = DIRECTION ( 'NONE',  ( 1.000000000000000000, 0.000000000000000000, -0.000000000000000000 ) ) ;
#272 = AXIS2_PLACEMENT_3D ( 'NONE', #24, #1000, #421 ) ;
#273 = CARTESIAN_POINT ( 'NONE',  ( 17.75959179422654444, 12.16144947312907476, -19.06144947312907689 ) ) ;
#274 = VECTOR ( 'NONE', #460, 1000.000000000000000 ) ;
#275 = ADVANCED_FACE ( 'NONE', ( #1288 ), #223, .F. ) ;
#276 = CARTESIAN_POINT ( 'NONE',  ( 19.00000000000000000, 14.09999999999999076, -22.00000000000001066 ) ) ;
#277 = VERTEX_POINT ( 'NONE', #1273 ) ;
#278 = EDGE_CURVE ( 'NONE', #467, #997, #10, .T. ) ;
#279 = CARTESIAN_POINT ( 'NONE',  ( 17.00000000000000000, 0.1127755441334124392, -17.98722445586658125 ) ) ;
#280 = ORIENTED_EDGE ( 'NONE', *, *, #226, .F. ) ;
#281 = CARTESIAN_POINT ( 'NONE',  ( 19.00000000000000000, -2.900000000000015010, 20.00000000000000000 ) ) ;
#282 = DIRECTION ( 'NONE',  ( -0.000000000000000000, -0.000000000000000000, 1.000000000000000000 ) ) ;
#283 = ORIENTED_EDGE ( 'NONE', *, *, #1059, .F. ) ;
#284 = CARTESIAN_POINT ( 'NONE',  ( 15.00000000000000178, 9.599999999999999645, -12.50000000000000000 ) ) ;
#285 = EDGE_LOOP ( 'NONE', ( #1424, #22, #657, #418 ) ) ;
#286 = DIRECTION ( 'NONE',  ( 0.000000000000000000, 0.000000000000000000, -1.000000000000000000 ) ) ;
#287 = CARTESIAN_POINT ( 'NONE',  ( 15.00000000000000000, 4.400000000000000355, 4.250000000000000888 ) ) ;
#288 = EDGE_CURVE ( 'NONE', #772, #1279, #192, .T. ) ;
#289 = CARTESIAN_POINT ( 'NONE',  ( 20.00000000000000000, -1.928037923210728460E-14, 16.67157287525379417 ) ) ;
#290 = AXIS2_PLACEMENT_3D ( 'NONE', #305, #106, #939 ) ;
#291 = AXIS2_PLACEMENT_3D ( 'NONE', #1392, #67, #661 ) ;
#292 = CARTESIAN_POINT ( 'NONE',  ( -0.3906055569508103398, -4.383690585211002855, 1.451575962111715024 ) ) ;
#293 = EDGE_LOOP ( 'NONE', ( #1499, #444, #173, #1461 ) ) ;
#294 = ORIENTED_EDGE ( 'NONE', *, *, #1112, .T. ) ;
#295 = LINE ( 'NONE', #511, #897 ) ;
#296 = EDGE_CURVE ( 'NONE', #510, #634, #668, .T. ) ;
#297 = AXIS2_PLACEMENT_3D ( 'NONE', #597, #849, #477 ) ;
#298 = CARTESIAN_POINT ( 'NONE',  ( 17.00000000000000000, -4.400000000000000355, 16.67157287525381193 ) ) ;
#299 = VECTOR ( 'NONE', #1415, 1000.000000000000000 ) ;
#300 = ORIENTED_EDGE ( 'NONE', *, *, #617, .T. ) ;
#301 = CARTESIAN_POINT ( 'NONE',  ( 19.00000000000000000, -2.900000000000015010, 21.00000000000000000 ) ) ;
#302 = FACE_OUTER_BOUND ( 'NONE', #1071, .T. ) ;
#303 = ORIENTED_EDGE ( 'NONE', *, *, #1375, .F. ) ;
#304 = DIRECTION ( 'NONE',  ( -1.000000000000000000, -0.000000000000000000, -0.000000000000000000 ) ) ;
#305 = CARTESIAN_POINT ( 'NONE',  ( 15.00000000000000000, -2.899999999999992806, -21.00000000000001421 ) ) ;
#306 = CARTESIAN_POINT ( 'NONE',  ( 4.400000000000000355, 4.400000000000000355, -1.000000000000000000 ) ) ;
#307 = VECTOR ( 'NONE', #1263, 1000.000000000000000 ) ;
#308 = VECTOR ( 'NONE', #1497, 1000.000000000000000 ) ;
#309 = ORIENTED_EDGE ( 'NONE', *, *, #1041, .F. ) ;
#310 = EDGE_CURVE ( 'NONE', #1, #1184, #1097, .T. ) ;
#311 = CARTESIAN_POINT ( 'NONE',  ( 17.00000000000000000, 15.59999999999999964, 0.000000000000000000 ) ) ;
#312 = CARTESIAN_POINT ( 'NONE',  ( -0.1968441370307251470, 4.400000000000000355, -1.500000000000000888 ) ) ;
#313 = CYLINDRICAL_SURFACE ( 'NONE', #976, 1.000000000000000888 ) ;
#314 = CIRCLE ( 'NONE', #94, 1.000000000000000888 ) ;
#315 = CARTESIAN_POINT ( 'NONE',  ( 20.00000000000000000, 9.771572875253795587, -5.650325621306985983E-15 ) ) ;
#316 = VERTEX_POINT ( 'NONE', #549 ) ;
#317 = VECTOR ( 'NONE', #509, 1000.000000000000000 ) ;
#318 = DIRECTION ( 'NONE',  ( 0.000000000000000000, -1.000000000000000000, -0.000000000000000000 ) ) ;
#319 = DIRECTION ( 'NONE',  ( -1.000000000000000000, 0.000000000000000000, 0.000000000000000000 ) ) ;
#320 = DIRECTION ( 'NONE',  ( 0.000000000000000000, 0.000000000000000000, 1.000000000000000000 ) ) ;
#321 = CARTESIAN_POINT ( 'NONE',  ( -0.3907917810303647710, 4.383675834973547403, 1.451531696449970932 ) ) ;
#322 = ORIENTED_EDGE ( 'NONE', *, *, #525, .F. ) ;
#323 = ORIENTED_EDGE ( 'NONE', *, *, #1116, .F. ) ;
#324 = CARTESIAN_POINT ( 'NONE',  ( 0.000000000000000000, 0.000000000000000000, -7.500000000000000000 ) ) ;
#325 = CARTESIAN_POINT ( 'NONE',  ( -0.9912379619019322519, 4.287482266426519750, -1.130029436286853706 ) ) ;
#326 = DIRECTION ( 'NONE',  ( -1.000000000000000000, 0.000000000000000000, 0.000000000000000000 ) ) ;
#327 = EDGE_CURVE ( 'NONE', #622, #350, #213, .T. ) ;
#328 = EDGE_CURVE ( 'NONE', #911, #181, #1523, .T. ) ;
#329 = CARTESIAN_POINT ( 'NONE',  ( 19.00000000000000000, -0.000000000000000000, 19.50000000000000355 ) ) ;
#330 = ORIENTED_EDGE ( 'NONE', *, *, #278, .T. ) ;
#331 = VERTEX_POINT ( 'NONE', #452 ) ;
#332 = ORIENTED_EDGE ( 'NONE', *, *, #429, .F. ) ;
#333 = DIRECTION ( 'NONE',  ( -0.000000000000000000, -0.000000000000000000, 1.000000000000000000 ) ) ;
#334 = CARTESIAN_POINT ( 'NONE',  ( 17.00000000000000000, 1.428427124746183718, 22.50000000000000000 ) ) ;
#335 = EDGE_CURVE ( 'NONE', #1439, #1468, #760, .T. ) ;
#336 = DIRECTION ( 'NONE',  ( -0.000000000000000000, -0.000000000000000000, -1.000000000000000000 ) ) ;
#337 = ORIENTED_EDGE ( 'NONE', *, *, #784, .F. ) ;
#338 = LOCAL_TIME ( 18, 45, 52.00000000000000000, #257 ) ;
#339 = ORIENTED_EDGE ( 'NONE', *, *, #1253, .F. ) ;
#340 = VECTOR ( 'NONE', #1067, 1000.000000000000000 ) ;
#341 = ORIENTED_EDGE ( 'NONE', *, *, #494, .T. ) ;
#342 = LOCAL_TIME ( 18, 45, 52.00000000000000000, #471 ) ;
#343 = ORIENTED_EDGE ( 'NONE', *, *, #1064, .F. ) ;
#344 = LINE ( 'NONE', #586, #1511 ) ;
#345 = DIRECTION ( 'NONE',  ( -0.000000000000000000, 1.000000000000000000, -0.000000000000000000 ) ) ;
#346 = CARTESIAN_POINT ( 'NONE',  ( -4.400000000000001243, -2.899999999999992806, -21.00000000000001421 ) ) ;
#347 = ORIENTED_EDGE ( 'NONE', *, *, #1418, .T. ) ;
#348 = EDGE_CURVE ( 'NONE', #997, #407, #200, .T. ) ;
#349 = ORIENTED_EDGE ( 'NONE', *, *, #868, .F. ) ;
#350 = VERTEX_POINT ( 'NONE', #1281 ) ;
#351 = LINE ( 'NONE', #1349, #690 ) ;
#352 = CARTESIAN_POINT ( 'NONE',  ( 19.00000000000000000, -4.400000000000000355, -22.50000000000000000 ) ) ;
#353 = CARTESIAN_POINT ( 'NONE',  ( 15.00000000000000000, 4.400000000000000355, 1.000000000000000000 ) ) ;
#354 = CALENDAR_DATE ( 2026, 18, 6 ) ;
#355 = EDGE_LOOP ( 'NONE', ( #535, #949, #763, #1133 ) ) ;
#356 = ORIENTED_EDGE ( 'NONE', *, *, #652, .T. ) ;
#357 = VECTOR ( 'NONE', #1061, 1000.000000000000000 ) ;
#358 = FACE_BOUND ( 'NONE', #734, .T. ) ;
#359 = EDGE_CURVE ( 'NONE', #572, #79, #1528, .T. ) ;
#360 = DIRECTION ( 'NONE',  ( 0.000000000000000000, 0.000000000000000000, -1.000000000000000000 ) ) ;
#361 = DIRECTION ( 'NONE',  ( 0.000000000000000000, 1.000000000000000000, 0.000000000000000000 ) ) ;
#362 = LINE ( 'NONE', #329, #1457 ) ;
#363 = EDGE_CURVE ( 'NONE', #938, #331, #96, .T. ) ;
#364 = DATE_AND_TIME ( #141, #338 ) ;
#365 = VECTOR ( 'NONE', #1027, 1000.000000000000000 ) ;
#366 = ORIENTED_EDGE ( 'NONE', *, *, #20, .F. ) ;
#367 = CARTESIAN_POINT ( 'NONE',  ( 0.000000000000000000, 0.000000000000000000, -4.250000000000000000 ) ) ;
#368 = ORIENTED_EDGE ( 'NONE', *, *, #1526, .F. ) ;
#369 = EDGE_CURVE ( 'NONE', #1092, #987, #32, .T. ) ;
#370 = PLANE ( 'NONE',  #544 ) ;
#371 = LOCAL_TIME ( 18, 45, 52.00000000000000000, #1451 ) ;
#372 = FACE_OUTER_BOUND ( 'NONE', #822, .T. ) ;
#373 = PERSON_AND_ORGANIZATION_ROLE ( 'creator' ) ;
#374 = VERTEX_POINT ( 'NONE', #809 ) ;
#375 = LINE ( 'NONE', #1115, #249 ) ;
#376 = DIRECTION ( 'NONE',  ( 1.000000000000000000, -0.000000000000000000, -0.000000000000000000 ) ) ;
#377 = DIRECTION ( 'NONE',  ( -1.000000000000000000, 0.000000000000000000, 0.000000000000000000 ) ) ;
#378 = CALENDAR_DATE ( 2026, 18, 6 ) ;
#379 = EDGE_CURVE ( 'NONE', #686, #407, #972, .T. ) ;
#380 = ORIENTED_EDGE ( 'NONE', *, *, #909, .T. ) ;
#381 = CARTESIAN_POINT ( 'NONE',  ( 17.00000000000000000, 9.771572875253806245, 16.67157287525380482 ) ) ;
#382 = VERTEX_POINT ( 'NONE', #1181 ) ;
#383 = AXIS2_PLACEMENT_3D ( 'NONE', #915, #805, #1302 ) ;
#384 = CARTESIAN_POINT ( 'NONE',  ( 17.00000000000000000, 1.428427124746183718, 16.67157287525381193 ) ) ;
#385 = CIRCLE ( 'NONE', #916, 2.999999999999999112 ) ;
#386 = EDGE_CURVE ( 'NONE', #1241, #1396, #512, .T. ) ;
#387 = VECTOR ( 'NONE', #224, 1000.000000000000000 ) ;
#388 = CARTESIAN_POINT ( 'NONE',  ( -1.490015819333887048, -4.140081273691148311, -0.1987421816979136058 ) ) ;
#389 = ORIENTED_EDGE ( 'NONE', *, *, #1343, .F. ) ;
#390 = DIRECTION ( 'NONE',  ( 1.000000000000000000, 0.000000000000000000, 0.000000000000000000 ) ) ;
#391 = EDGE_LOOP ( 'NONE', ( #768, #1056, #700, #1026 ) ) ;
#392 = CARTESIAN_POINT ( 'NONE',  ( 15.00000000000000000, 4.400000000000000355, -4.249999999999999112 ) ) ;
#393 = VECTOR ( 'NONE', #1111, 1000.000000000000000 ) ;
#394 = DIRECTION ( 'NONE',  ( 0.000000000000000000, 0.000000000000000000, -1.000000000000000000 ) ) ;
#395 = VECTOR ( 'NONE', #1436, 1000.000000000000000 ) ;
#396 = LINE ( 'NONE', #1370, #424 ) ;
#397 = EDGE_CURVE ( 'NONE', #634, #1241, #93, .T. ) ;
#398 = ORIENTED_EDGE ( 'NONE', *, *, #237, .F. ) ;
#399 = DIRECTION ( 'NONE',  ( -1.000000000000000000, 0.000000000000000000, 0.000000000000000000 ) ) ;
#400 = ORIENTED_EDGE ( 'NONE', *, *, #626, .F. ) ;
#401 = CARTESIAN_POINT ( 'NONE',  ( 0.000000000000000000, 0.000000000000000000, 7.500000000000000000 ) ) ;
#402 = CARTESIAN_POINT ( 'NONE',  ( 20.00000000000000000, 1.428427124746183718, 0.000000000000000000 ) ) ;
#403 = DIRECTION ( 'NONE',  ( 0.000000000000000000, 0.000000000000000000, 1.000000000000000000 ) ) ;
#404 = DIRECTION ( 'NONE',  ( 0.000000000000000000, 0.000000000000000000, -1.000000000000000000 ) ) ;
#405 = CARTESIAN_POINT ( 'NONE',  ( -1.309527662018217686, -4.201358574772166676, 0.7572318481482167574 ) ) ;
#406 = EDGE_CURVE ( 'NONE', #634, #1279, #1299, .T. ) ;
#407 = VERTEX_POINT ( 'NONE', #1031 ) ;
#408 = DIRECTION ( 'NONE',  ( -0.000000000000000000, -1.000000000000000000, -0.000000000000000000 ) ) ;
#409 = ORIENTED_EDGE ( 'NONE', *, *, #504, .F. ) ;
#410 = CARTESIAN_POINT ( 'NONE',  ( 17.00000000000000000, 9.771572875253809798, 22.50000000000000000 ) ) ;
#411 = LINE ( 'NONE', #573, #1500 ) ;
#412 = DIRECTION ( 'NONE',  ( -1.000000000000000000, 0.000000000000000000, 0.000000000000000000 ) ) ;
#413 = DIRECTION ( 'NONE',  ( 0.000000000000000000, 0.000000000000000000, 1.000000000000000000 ) ) ;
#414 = CIRCLE ( 'NONE', #1301, 4.400000000000000355 ) ;
#415 = ORIENTED_EDGE ( 'NONE', *, *, #1325, .T. ) ;
#416 = ORIENTED_EDGE ( 'NONE', *, *, #191, .F. ) ;
#417 = CARTESIAN_POINT ( 'NONE',  ( -0.1980197635582565396, 4.396603258822912252, 1.490117664870847403 ) ) ;
#418 = ORIENTED_EDGE ( 'NONE', *, *, #61, .F. ) ;
#419 = CARTESIAN_POINT ( 'NONE',  ( 20.00000000000000000, 9.771572875253809798, 0.000000000000000000 ) ) ;
#420 = VERTEX_POINT ( 'NONE', #446 ) ;
#421 = DIRECTION ( 'NONE',  ( 0.000000000000000000, 0.000000000000000000, -1.000000000000000000 ) ) ;
#422 = AXIS2_PLACEMENT_3D ( 'NONE', #1275, #194, #404 ) ;
#423 = DIRECTION ( 'NONE',  ( 0.000000000000000000, 0.000000000000000000, -1.000000000000000000 ) ) ;
#424 = VECTOR ( 'NONE', #203, 1000.000000000000000 ) ;
#425 = ORIENTED_EDGE ( 'NONE', *, *, #1257, .T. ) ;
#426 = DIRECTION ( 'NONE',  ( 0.000000000000000000, -0.000000000000000000, 1.000000000000000000 ) ) ;
#427 = CARTESIAN_POINT ( 'NONE',  ( 19.00000000000000000, 12.60000000000000142, 22.50000000000000000 ) ) ;
#428 = CARTESIAN_POINT ( 'NONE',  ( 0.000000000000000000, 0.000000000000000000, 4.250000000000000888 ) ) ;
#429 = EDGE_CURVE ( 'NONE', #622, #911, #1518, .T. ) ;
#430 = VERTEX_POINT ( 'NONE', #688 ) ;
#431 = DIRECTION ( 'NONE',  ( 1.000000000000000000, 0.000000000000000000, 0.000000000000000000 ) ) ;
#432 = DIRECTION ( 'NONE',  ( 0.000000000000000000, 0.000000000000000000, -1.000000000000000000 ) ) ;
#433 = CYLINDRICAL_SURFACE ( 'NONE', #735, 4.400000000000000355 ) ;
#434 = CIRCLE ( 'NONE', #1123, 4.400000000000000355 ) ;
#435 = VERTEX_POINT ( 'NONE', #1187 ) ;
#436 = DIRECTION ( 'NONE',  ( 0.000000000000000000, 0.000000000000000000, 1.000000000000000000 ) ) ;
#437 = CARTESIAN_POINT ( 'NONE',  ( 15.00000000000000000, 15.59999999999999964, 22.50000000000000000 ) ) ;
#438 = FACE_OUTER_BOUND ( 'NONE', #1200, .T. ) ;
#439 = VECTOR ( 'NONE', #1429, 1000.000000000000000 ) ;
#440 = CARTESIAN_POINT ( 'NONE',  ( 19.00000000000000000, 14.09999999999999076, -20.00000000000000711 ) ) ;
#441 = EDGE_LOOP ( 'NONE', ( #1430, #261, #1259, #425 ) ) ;
#442 = ORIENTED_EDGE ( 'NONE', *, *, #740, .F. ) ;
#443 = EDGE_CURVE ( 'NONE', #783, #627, #97, .T. ) ;
#444 = ORIENTED_EDGE ( 'NONE', *, *, #43, .T. ) ;
#445 = DIRECTION ( 'NONE',  ( 1.000000000000000000, -0.000000000000000000, -0.000000000000000000 ) ) ;
#446 = CARTESIAN_POINT ( 'NONE',  ( 0.000000000000000000, -4.400000000000000355, -1.500000000000000222 ) ) ;
#447 = CARTESIAN_POINT ( 'NONE',  ( 15.00000000000000000, -4.400000000000000355, 22.50000000000000000 ) ) ;
#448 = CARTESIAN_POINT ( 'NONE',  ( 15.00000000000000000, 4.400000000000000355, -4.249999999999999112 ) ) ;
#449 = ORIENTED_EDGE ( 'NONE', *, *, #5, .F. ) ;
#450 = EDGE_CURVE ( 'NONE', #585, #435, #1547, .T. ) ;
#451 = ORIENTED_EDGE ( 'NONE', *, *, #1144, .F. ) ;
#452 = CARTESIAN_POINT ( 'NONE',  ( 19.00000000000000000, 15.59999999999999964, 22.50000000000000000 ) ) ;
#453 = CARTESIAN_POINT ( 'NONE',  ( 19.00000000000000000, -4.400000000000000355, 22.50000000000000000 ) ) ;
#454 = DIRECTION ( 'NONE',  ( -0.000000000000000000, -1.000000000000000000, -0.000000000000000000 ) ) ;
#455 =( BOUNDED_CURVE ( )  B_SPLINE_CURVE ( 3, ( #475, #279, #846, #1366 ),
 .UNSPECIFIED., .F., .F. ) 
 B_SPLINE_CURVE_WITH_KNOTS ( ( 4, 4 ),
 ( 1.570796326794896780, 2.801755744135671300 ),
 .UNSPECIFIED. ) 
 CURVE ( )  GEOMETRIC_REPRESENTATION_ITEM ( )  RATIONAL_B_SPLINE_CURVE ( ( 1.000000000000000000, 0.8776643872851506156, 0.8776643872851506156, 1.000000000000000000 ) ) 
 REPRESENTATION_ITEM ( '' )  );
#456 = DIRECTION ( 'NONE',  ( 0.000000000000000000, 1.000000000000000000, 0.000000000000000000 ) ) ;
#457 = VERTEX_POINT ( 'NONE', #298 ) ;
#458 = ORIENTED_EDGE ( 'NONE', *, *, #1346, .T. ) ;
#459 = CARTESIAN_POINT ( 'NONE',  ( 0.000000000000000000, 4.400000000000000355, -4.249999999999999112 ) ) ;
#460 = DIRECTION ( 'NONE',  ( 0.000000000000000000, 1.000000000000000000, 0.000000000000000000 ) ) ;
#461 = EDGE_CURVE ( 'NONE', #1371, #252, #1269, .T. ) ;
#462 = AXIS2_PLACEMENT_3D ( 'NONE', #301, #431, #157 ) ;
#463 = VECTOR ( 'NONE', #605, 1000.000000000000000 ) ;
#464 = ORIENTED_EDGE ( 'NONE', *, *, #819, .T. ) ;
#465 = AXIS2_PLACEMENT_3D ( 'NONE', #49, #1515, #1398 ) ;
#466 = CC_DESIGN_APPROVAL ( #161, ( #616 ) ) ;
#467 = VERTEX_POINT ( 'NONE', #1480 ) ;
#468 = CARTESIAN_POINT ( 'NONE',  ( -4.400000000000001243, -2.900000000000015010, 21.00000000000000000 ) ) ;
#469 = FACE_OUTER_BOUND ( 'NONE', #1089, .T. ) ;
#470 = CARTESIAN_POINT ( 'NONE',  ( -0.6670028983514999510, -4.350108569485636067, -1.347115997752771577 ) ) ;
#471 = COORDINATED_UNIVERSAL_TIME_OFFSET ( 9, 0, .AHEAD. ) ;
#472 = EDGE_LOOP ( 'NONE', ( #838, #120, #366, #665, #1142, #117 ) ) ;
#473 = EDGE_CURVE ( 'NONE', #467, #686, #1360, .T. ) ;
#474 = ORIENTED_EDGE ( 'NONE', *, *, #443, .F. ) ;
#475 = CARTESIAN_POINT ( 'NONE',  ( 17.00000000000000000, 1.428427124746188159, -16.67157287525380482 ) ) ;
#476 = ORIENTED_EDGE ( 'NONE', *, *, #1237, .F. ) ;
#477 = DIRECTION ( 'NONE',  ( 1.000000000000000000, 0.000000000000000000, -0.000000000000000000 ) ) ;
#478 = CARTESIAN_POINT ( 'NONE',  ( 15.00000000000000000, 4.400000000000000355, 4.250000000000000888 ) ) ;
#479 = CARTESIAN_POINT ( 'NONE',  ( 15.00000000000000178, 9.599999999999999645, -12.50000000000000000 ) ) ;
#480 = SHAPE_DEFINITION_REPRESENTATION ( #1029, #1057 ) ;
#481 = EDGE_CURVE ( 'NONE', #50, #1438, #562, .T. ) ;
#482 = VECTOR ( 'NONE', #9, 1000.000000000000000 ) ;
#483 = ORIENTED_EDGE ( 'NONE', *, *, #827, .T. ) ;
#484 = VECTOR ( 'NONE', #1249, 1000.000000000000000 ) ;
#485 = CARTESIAN_POINT ( 'NONE',  ( 19.00000000000000000, -4.400000000000000355, -22.50000000000000000 ) ) ;
#486 = ORIENTED_EDGE ( 'NONE', *, *, #942, .F. ) ;
#487 = CARTESIAN_POINT ( 'NONE',  ( 19.00000000000000000, 14.09999999999998543, 22.00000000000001066 ) ) ;
#488 = LINE ( 'NONE', #352, #731 ) ;
#489 = PERSON_AND_ORGANIZATION_ROLE ( 'classification_officer' ) ;
#490 = AXIS2_PLACEMENT_3D ( 'NONE', #1117, #1247, #1374 ) ;
#491 = ORIENTED_EDGE ( 'NONE', *, *, #443, .T. ) ;
#492 = PLANE ( 'NONE',  #119 ) ;
#493 = VERTEX_POINT ( 'NONE', #513 ) ;
#494 = EDGE_CURVE ( 'NONE', #1371, #622, #1016, .T. ) ;
#495 = DIRECTION ( 'NONE',  ( 1.000000000000000000, -0.000000000000000000, -0.000000000000000000 ) ) ;
#496 = VECTOR ( 'NONE', #672, 1000.000000000000000 ) ;
#497 = EDGE_CURVE ( 'NONE', #176, #821, #1379, .T. ) ;
#498 = DESIGN_CONTEXT ( 'detailed design', #1305, 'design' ) ;
#499 = DIRECTION ( 'NONE',  ( 0.000000000000000000, 0.000000000000000000, 1.000000000000000000 ) ) ;
#500 = DATE_AND_TIME ( #378, #1261 ) ;
#501 = ORIENTED_EDGE ( 'NONE', *, *, #684, .T. ) ;
#502 = DIRECTION ( 'NONE',  ( 0.000000000000000000, 0.000000000000000000, 1.000000000000000000 ) ) ;
#503 = ORIENTED_EDGE ( 'NONE', *, *, #785, .T. ) ;
#504 = EDGE_CURVE ( 'NONE', #79, #572, #414, .T. ) ;
#505 = CYLINDRICAL_SURFACE ( 'NONE', #867, 2.999999999999999112 ) ;
#506 = CARTESIAN_POINT ( 'NONE',  ( 15.00000000000000000, -2.900000000000015010, 21.00000000000000000 ) ) ;
#507 = CARTESIAN_POINT ( 'NONE',  ( -1.499966491339504548, -4.136435727305275201, 0.1979365280809555760 ) ) ;
#508 = VERTEX_POINT ( 'NONE', #162 ) ;
#509 = DIRECTION ( 'NONE',  ( 1.000000000000000000, -0.000000000000000000, -0.000000000000000000 ) ) ;
#510 = VERTEX_POINT ( 'NONE', #642 ) ;
#511 = CARTESIAN_POINT ( 'NONE',  ( 17.00000000000000000, 9.771572875253809798, -19.50000000000000000 ) ) ;
#512 = CIRCLE ( 'NONE', #834, 4.400000000000000355 ) ;
#513 = CARTESIAN_POINT ( 'NONE',  ( 15.00000000000000000, -4.400000000000000355, -4.249999999999999112 ) ) ;
#514 = ADVANCED_FACE ( 'NONE', ( #1126 ), #1136, .T. ) ;
#515 = LINE ( 'NONE', #1276, #1238 ) ;
#516 = ORIENTED_EDGE ( 'NONE', *, *, #1138, .T. ) ;
#517 = CARTESIAN_POINT ( 'NONE',  ( 20.00000000000000000, 1.428427124746183718, 22.50000000000000000 ) ) ;
#518 = AXIS2_PLACEMENT_3D ( 'NONE', #975, #837, #1223 ) ;
#519 = ORIENTED_EDGE ( 'NONE', *, *, #133, .F. ) ;
#520 = CARTESIAN_POINT ( 'NONE',  ( 15.00000000000000178, 15.59999999999999964, -12.50000000000000000 ) ) ;
#521 = CARTESIAN_POINT ( 'NONE',  ( 17.00000000000000000, 11.08722445586658267, 17.98722445586658480 ) ) ;
#522 = CIRCLE ( 'NONE', #1258, 1.000000000000000888 ) ;
#523 = EDGE_CURVE ( 'NONE', #880, #26, #892, .T. ) ;
#524 = ORIENTED_EDGE ( 'NONE', *, *, #288, .T. ) ;
#525 = EDGE_CURVE ( 'NONE', #982, #508, #180, .T. ) ;
#526 = ORIENTED_EDGE ( 'NONE', *, *, #327, .T. ) ;
#527 = CARTESIAN_POINT ( 'NONE',  ( 17.00000000000000000, 0.000000000000000000, 0.000000000000000000 ) ) ;
#528 = DIRECTION ( 'NONE',  ( 0.000000000000000000, -1.445602896647337931E-16, 1.000000000000000000 ) ) ;
#529 = CARTESIAN_POINT ( 'NONE',  ( 19.00000000000000000, 12.59999999999999964, -19.50000000000000000 ) ) ;
#530 = CARTESIAN_POINT ( 'NONE',  ( 0.000000000000000000, 0.000000000000000000, 7.500000000000000000 ) ) ;
#531 = CARTESIAN_POINT ( 'NONE',  ( 0.000000000000000000, 4.400000000000000355, 0.000000000000000000 ) ) ;
#532 = ORIENTED_EDGE ( 'NONE', *, *, #33, .T. ) ;
#533 = CC_DESIGN_PERSON_AND_ORGANIZATION_ASSIGNMENT ( #31, #1344, ( #616 ) ) ;
#534 = CARTESIAN_POINT ( 'NONE',  ( 15.00000000000000000, -2.899999999999992806, -20.00000000000001421 ) ) ;
#535 = ORIENTED_EDGE ( 'NONE', *, *, #310, .T. ) ;
#536 = CARTESIAN_POINT ( 'NONE',  ( 17.00000000000000000, 9.599999999999999645, 12.50000000000000000 ) ) ;
#537 = CARTESIAN_POINT ( 'NONE',  ( 19.00000000000000000, 15.59999999999999964, 22.50000000000000000 ) ) ;
#538 = ADVANCED_FACE ( 'NONE', ( #908, #689 ), #1408, .F. ) ;
#539 = DIRECTION ( 'NONE',  ( 0.000000000000000000, 0.000000000000000000, -1.000000000000000000 ) ) ;
#540 = VECTOR ( 'NONE', #1221, 1000.000000000000000 ) ;
#541 = VERTEX_POINT ( 'NONE', #1414 ) ;
#542 = DIRECTION ( 'NONE',  ( 0.000000000000000000, -1.000000000000000000, 0.000000000000000000 ) ) ;
#543 = CARTESIAN_POINT ( 'NONE',  ( -1.198355233049076318, 4.236027849343484419, 0.9228375075650918635 ) ) ;
#544 = AXIS2_PLACEMENT_3D ( 'NONE', #1441, #2, #728 ) ;
#545 = ADVANCED_FACE ( 'NONE', ( #98, #438 ), #82, .F. ) ;
#546 = APPROVAL_PERSON_ORGANIZATION ( #1070, #1099, #1570 ) ;
#547 = VERTEX_POINT ( 'NONE', #306 ) ;
#548 = CARTESIAN_POINT ( 'NONE',  ( 4.400000000000000355, -4.400000000000000355, -1.000000000000000000 ) ) ;
#549 = CARTESIAN_POINT ( 'NONE',  ( 15.00000000000000000, -2.900000000000015010, 20.00000000000000000 ) ) ;
#550 = ADVANCED_FACE ( 'NONE', ( #567, #1530 ), #1524, .F. ) ;
#551 = LINE ( 'NONE', #1541, #803 ) ;
#552 =( LENGTH_UNIT ( ) NAMED_UNIT ( * ) SI_UNIT ( .MILLI., .METRE. ) );
#553 = EDGE_CURVE ( 'NONE', #1396, #508, #434, .T. ) ;
#554 = CARTESIAN_POINT ( 'NONE',  ( 19.00000000000000000, 14.09999999999998543, 21.00000000000000711 ) ) ;
#555 = ORIENTED_EDGE ( 'NONE', *, *, #132, .T. ) ;
#556 = CARTESIAN_POINT ( 'NONE',  ( 20.00000000000000000, 1.428427124746189047, -22.50000000000000000 ) ) ;
#557 = ORIENTED_EDGE ( 'NONE', *, *, #386, .F. ) ;
#558 = DIRECTION ( 'NONE',  ( -1.000000000000000000, 0.000000000000000000, 0.000000000000000000 ) ) ;
#559 = DIRECTION ( 'NONE',  ( 0.000000000000000000, 0.000000000000000000, 1.000000000000000000 ) ) ;
#560 = CARTESIAN_POINT ( 'NONE',  ( 19.00000000000000000, 0.000000000000000000, 0.000000000000000000 ) ) ;
#561 = DIRECTION ( 'NONE',  ( 0.000000000000000000, 0.000000000000000000, -1.000000000000000000 ) ) ;
#562 = CIRCLE ( 'NONE', #291, 2.999999999999999112 ) ;
#563 = ADVANCED_FACE ( 'NONE', ( #670 ), #433, .T. ) ;
#564 = ORIENTED_EDGE ( 'NONE', *, *, #1343, .T. ) ;
#565 = EDGE_LOOP ( 'NONE', ( #1315, #748, #886, #555 ) ) ;
#566 = DIRECTION ( 'NONE',  ( 0.000000000000000000, 0.000000000000000000, 1.000000000000000000 ) ) ;
#567 = FACE_BOUND ( 'NONE', #102, .T. ) ;
#568 = VECTOR ( 'NONE', #1086, 1000.000000000000000 ) ;
#569 = LINE ( 'NONE', #448, #395 ) ;
#570 = ADVANCED_FACE ( 'NONE', ( #202 ), #1195, .F. ) ;
#571 = EDGE_LOOP ( 'NONE', ( #476, #347, #557, #636, #254, #1501, #1219, #732, #1509, #222 ) ) ;
#572 = VERTEX_POINT ( 'NONE', #797 ) ;
#573 = CARTESIAN_POINT ( 'NONE',  ( 17.00000000000000000, 15.59999999999999964, -12.50000000000000000 ) ) ;
#574 = CARTESIAN_POINT ( 'NONE',  ( 17.00000000000000000, 0.000000000000000000, 22.50000000000000000 ) ) ;
#575 = DIRECTION ( 'NONE',  ( 0.000000000000000000, 0.000000000000000000, 1.000000000000000000 ) ) ;
#576 = CARTESIAN_POINT ( 'NONE',  ( -1.199452836071334572, -4.235762446317938412, -0.9217947477717405302 ) ) ;
#577 = ORIENTED_EDGE ( 'NONE', *, *, #5, .T. ) ;
#578 = ORIENTED_EDGE ( 'NONE', *, *, #1505, .T. ) ;
#579 = ORIENTED_EDGE ( 'NONE', *, *, #631, .F. ) ;
#580 = DIRECTION ( 'NONE',  ( -1.000000000000000000, 0.000000000000000000, 0.000000000000000000 ) ) ;
#581 = CARTESIAN_POINT ( 'NONE',  ( 17.00000000000000000, 1.428427124746183718, 19.50000000000000355 ) ) ;
#582 = ORIENTED_EDGE ( 'NONE', *, *, #201, .F. ) ;
#583 = AXIS2_PLACEMENT_3D ( 'NONE', #289, #632, #30 ) ;
#584 = EDGE_LOOP ( 'NONE', ( #1553, #1402, #1552, #322, #283 ) ) ;
#585 = VERTEX_POINT ( 'NONE', #1291 ) ;
#586 = CARTESIAN_POINT ( 'NONE',  ( 4.400000000000000355, -4.400000000000000355, 1.000000000000000000 ) ) ;
#587 = DIRECTION ( 'NONE',  ( -0.000000000000000000, -0.000000000000000000, -1.000000000000000000 ) ) ;
#588 = ADVANCED_FACE ( 'NONE', ( #193 ), #313, .F. ) ;
#589 = DIRECTION ( 'NONE',  ( 0.000000000000000000, -1.000000000000000000, 0.000000000000000000 ) ) ;
#590 = PERSON_AND_ORGANIZATION_ROLE ( 'design_owner' ) ;
#591 = VECTOR ( 'NONE', #1082, 1000.000000000000000 ) ;
#592 = ORIENTED_EDGE ( 'NONE', *, *, #105, .F. ) ;
#593 = AXIS2_PLACEMENT_3D ( 'NONE', #346, #825, #842 ) ;
#594 = ORIENTED_EDGE ( 'NONE', *, *, #1326, .T. ) ;
#595 = LINE ( 'NONE', #964, #591 ) ;
#596 = ORIENTED_EDGE ( 'NONE', *, *, #348, .F. ) ;
#597 = CARTESIAN_POINT ( 'NONE',  ( 19.00000000000000000, -4.400000000000000355, -22.50000000000000000 ) ) ;
#598 = FACE_OUTER_BOUND ( 'NONE', #391, .T. ) ;
#599 = DIRECTION ( 'NONE',  ( 0.000000000000000000, 0.000000000000000000, 1.000000000000000000 ) ) ;
#600 = APPROVAL_DATE_TIME ( #833, #1099 ) ;
#601 = CC_DESIGN_PERSON_AND_ORGANIZATION_ASSIGNMENT ( #12, #373, ( #693 ) ) ;
#602 = ORIENTED_EDGE ( 'NONE', *, *, #1471, .T. ) ;
#603 = DIRECTION ( 'NONE',  ( -1.000000000000000000, 0.000000000000000000, 0.000000000000000000 ) ) ;
#604 = EDGE_LOOP ( 'NONE', ( #303, #610, #989, #577 ) ) ;
#605 = DIRECTION ( 'NONE',  ( 0.000000000000000000, 0.000000000000000000, -1.000000000000000000 ) ) ;
#606 = CARTESIAN_POINT ( 'NONE',  ( 6.400000000000000355, 4.400000000000000355, -1.000000000000000000 ) ) ;
#607 = EDGE_CURVE ( 'NONE', #1166, #541, #107, .T. ) ;
#608 = CIRCLE ( 'NONE', #383, 4.400000000000000355 ) ;
#609 = VECTOR ( 'NONE', #625, 1000.000000000000000 ) ;
#610 = ORIENTED_EDGE ( 'NONE', *, *, #952, .T. ) ;
#611 = VECTOR ( 'NONE', #432, 1000.000000000000000 ) ;
#612 = DIRECTION ( 'NONE',  ( 0.000000000000000000, 0.000000000000000000, 1.000000000000000000 ) ) ;
#613 = ORIENTED_EDGE ( 'NONE', *, *, #993, .F. ) ;
#614 = CARTESIAN_POINT ( 'NONE',  ( 15.00000000000000178, 15.59999999999999964, -12.50000000000000000 ) ) ;
#615 = CARTESIAN_POINT ( 'NONE',  ( 17.00000000000000000, 15.59999999999999964, 0.000000000000000000 ) ) ;
#616 = PRODUCT_DEFINITION_FORMATION_WITH_SPECIFIED_SOURCE ( 'ANY', '', #1496, .NOT_KNOWN. ) ;
#617 = EDGE_CURVE ( 'NONE', #316, #821, #1179, .T. ) ;
#618 = CIRCLE ( 'NONE', #198, 2.999999999999999112 ) ;
#619 = PERSON ( 'UNSPECIFIED', 'UNSPECIFIED', 'UNSPECIFIED', ('UNSPECIFIED'), ('UNSPECIFIED'), ('UNSPECIFIED') ) ;
#620 = ORIENTED_EDGE ( 'NONE', *, *, #1144, .T. ) ;
#621 = DIRECTION ( 'NONE',  ( -1.000000000000000000, 0.000000000000000000, 0.000000000000000000 ) ) ;
#622 = VERTEX_POINT ( 'NONE', #74 ) ;
#623 = LINE ( 'NONE', #287, #393 ) ;
#624 = SECURITY_CLASSIFICATION ( '', '', #1227 ) ;
#625 = DIRECTION ( 'NONE',  ( -0.000000000000000000, -1.000000000000000000, -0.000000000000000000 ) ) ;
#626 = EDGE_CURVE ( 'NONE', #493, #189, #551, .T. ) ;
#627 = VERTEX_POINT ( 'NONE', #334 ) ;
#628 = FACE_OUTER_BOUND ( 'NONE', #604, .T. ) ;
#629 = VERTEX_POINT ( 'NONE', #447 ) ;
#630 = FACE_OUTER_BOUND ( 'NONE', #101, .T. ) ;
#631 = EDGE_CURVE ( 'NONE', #508, #510, #934, .T. ) ;
#632 = DIRECTION ( 'NONE',  ( 0.000000000000000000, -1.000000000000000000, -1.156482317317871725E-15 ) ) ;
#633 = DATE_TIME_ROLE ( 'creation_date' ) ;
#634 = VERTEX_POINT ( 'NONE', #1039 ) ;
#635 = CARTESIAN_POINT ( 'NONE',  ( -1.459926095812660307, -4.151492787681043239, 0.3960789873321564070 ) ) ;
#636 = ORIENTED_EDGE ( 'NONE', *, *, #397, .F. ) ;
#637 = PLANE ( 'NONE',  #1479 ) ;
#638 = EDGE_LOOP ( 'NONE', ( #449, #937 ) ) ;
#639 = LINE ( 'NONE', #39, #954 ) ;
#640 = VECTOR ( 'NONE', #1546, 1000.000000000000000 ) ;
#641 = CARTESIAN_POINT ( 'NONE',  ( 19.00000000000000000, -4.400000000000000355, 22.50000000000000000 ) ) ;
#642 = CARTESIAN_POINT ( 'NONE',  ( 0.000000000000000000, -4.400000000000000355, 1.500000000000000222 ) ) ;
#643 = COORDINATED_UNIVERSAL_TIME_OFFSET ( 9, 0, .AHEAD. ) ;
#644 = EDGE_CURVE ( 'NONE', #189, #1322, #608, .T. ) ;
#645 = ORIENTED_EDGE ( 'NONE', *, *, #1411, .T. ) ;
#646 = CARTESIAN_POINT ( 'NONE',  ( 19.00000000000000000, 14.09999999999998543, 21.00000000000000711 ) ) ;
#647 = VECTOR ( 'NONE', #817, 1000.000000000000000 ) ;
#648 = ORIENTED_EDGE ( 'NONE', *, *, #237, .T. ) ;
#649 = DIRECTION ( 'NONE',  ( -1.000000000000000000, 0.000000000000000000, 0.000000000000000000 ) ) ;
#650 = VECTOR ( 'NONE', #78, 1000.000000000000000 ) ;
#651 = CARTESIAN_POINT ( 'NONE',  ( 15.00000000000000000, -4.400000000000000355, -4.249999999999999112 ) ) ;
#652 = EDGE_CURVE ( 'NONE', #331, #268, #215, .T. ) ;
#653 = VERTEX_POINT ( 'NONE', #697 ) ;
#654 = CARTESIAN_POINT ( 'NONE',  ( 1.836970198721030181E-16, -4.400000000000000355, -1.500000000000000222 ) ) ;
#655 = DIRECTION ( 'NONE',  ( 0.000000000000000000, 0.000000000000000000, -1.000000000000000000 ) ) ;
#656 = CARTESIAN_POINT ( 'NONE',  ( 6.400000000000000355, -4.400000000000000355, 1.000000000000000000 ) ) ;
#657 = ORIENTED_EDGE ( 'NONE', *, *, #1058, .T. ) ;
#658 = CARTESIAN_POINT ( 'NONE',  ( 19.00000000000000000, -1.400000000000005906, 19.50000000000000355 ) ) ;
#659 = ADVANCED_FACE ( 'NONE', ( #1104 ), #1565, .F. ) ;
#660 = CARTESIAN_POINT ( 'NONE',  ( -1.309700948885742511, 4.201301159638279437, 0.7568174768496003235 ) ) ;
#661 = DIRECTION ( 'NONE',  ( 0.000000000000000000, 0.000000000000000000, 1.000000000000000000 ) ) ;
#662 = DIRECTION ( 'NONE',  ( 0.000000000000000000, 1.000000000000000000, 0.000000000000000000 ) ) ;
#663 = VECTOR ( 'NONE', #169, 1000.000000000000000 ) ;
#664 = EDGE_CURVE ( 'NONE', #1173, #572, #823, .T. ) ;
#665 = ORIENTED_EDGE ( 'NONE', *, *, #133, .T. ) ;
#666 = CARTESIAN_POINT ( 'NONE',  ( 17.00000000000000000, 1.428427124746183718, 16.67157287525381193 ) ) ;
#667 = VECTOR ( 'NONE', #408, 1000.000000000000000 ) ;
#668 = LINE ( 'NONE', #1159, #1022 ) ;
#669 = VECTOR ( 'NONE', #146, 1000.000000000000000 ) ;
#670 = FACE_OUTER_BOUND ( 'NONE', #571, .T. ) ;
#671 = ORIENTED_EDGE ( 'NONE', *, *, #379, .F. ) ;
#672 = DIRECTION ( 'NONE',  ( -0.000000000000000000, 1.000000000000000000, -0.000000000000000000 ) ) ;
#673 = AXIS2_PLACEMENT_3D ( 'NONE', #527, #1493, #1218 ) ;
#674 = VERTEX_POINT ( 'NONE', #958 ) ;
#675 = FACE_OUTER_BOUND ( 'NONE', #234, .T. ) ;
#676 = DIRECTION ( 'NONE',  ( -1.000000000000000000, 0.000000000000000000, 0.000000000000000000 ) ) ;
#677 = EDGE_CURVE ( 'NONE', #382, #1339, #344, .T. ) ;
#678 = LINE ( 'NONE', #1046, #496 ) ;
#679 = CARTESIAN_POINT ( 'NONE',  ( -0.4864859071702454796, 4.373979723399093800, 1.422316317542752673 ) ) ;
#680 = ORIENTED_EDGE ( 'NONE', *, *, #1471, .F. ) ;
#681 = CARTESIAN_POINT ( 'NONE',  ( 15.00000000000000000, -4.400000000000000355, 4.250000000000007105 ) ) ;
#682 = CARTESIAN_POINT ( 'NONE',  ( 20.00000000000000000, 1.428427124746185717, 2.064938389182714294E-16 ) ) ;
#683 = CARTESIAN_POINT ( 'NONE',  ( -4.400000000000001243, 14.09999999999999076, -21.00000000000000711 ) ) ;
#684 = EDGE_CURVE ( 'NONE', #156, #1559, #736, .T. ) ;
#685 = CARTESIAN_POINT ( 'NONE',  ( -1.500016722047355255, -4.136417512038107702, -0.09858711706318794288 ) ) ;
#686 = VERTEX_POINT ( 'NONE', #247 ) ;
#687 = DIRECTION ( 'NONE',  ( 0.000000000000000000, 0.000000000000000000, 1.000000000000000000 ) ) ;
#688 = CARTESIAN_POINT ( 'NONE',  ( 4.399999999999999467, 4.400000000000000355, 1.000000000000000000 ) ) ;
#689 = FACE_OUTER_BOUND ( 'NONE', #1050, .T. ) ;
#690 = VECTOR ( 'NONE', #721, 1000.000000000000000 ) ;
#691 = DIRECTION ( 'NONE',  ( 0.000000000000000000, -0.000000000000000000, -1.000000000000000000 ) ) ;
#692 = ORIENTED_EDGE ( 'NONE', *, *, #1034, .F. ) ;
#693 = PRODUCT_DEFINITION ( 'UNKNOWN', '', #616, #498 ) ;
#694 = AXIS2_PLACEMENT_3D ( 'NONE', #1321, #100, #1078 ) ;
#695 = ORIENTED_EDGE ( 'NONE', *, *, #961, .F. ) ;
#696 = CYLINDRICAL_SURFACE ( 'NONE', #1207, 1.000000000000000888 ) ;
#697 = CARTESIAN_POINT ( 'NONE',  ( 15.00000000000000000, 14.09999999999998543, 20.00000000000000711 ) ) ;
#698 = CARTESIAN_POINT ( 'NONE',  ( 0.000000000000000000, 4.400000000000000355, -1.500000000000000222 ) ) ;
#699 = EDGE_LOOP ( 'NONE', ( #1365, #1122, #343, #103 ) ) ;
#700 = ORIENTED_EDGE ( 'NONE', *, *, #221, .T. ) ;
#701 = EDGE_CURVE ( 'NONE', #457, #1438, #1447, .T. ) ;
#702 = EDGE_LOOP ( 'NONE', ( #829, #503, #948, #464, #743, #999, #280, #845, #332, #526, #904, #1492, #491, #1512, #1048, #1431 ) ) ;
#703 = CARTESIAN_POINT ( 'NONE',  ( 17.00000000000000000, -1.400000000000001021, -16.67157287525380482 ) ) ;
#704 = DIRECTION ( 'NONE',  ( -0.000000000000000000, 1.000000000000000000, 0.000000000000000000 ) ) ;
#705 = DIRECTION ( 'NONE',  ( -0.000000000000000000, -1.000000000000000000, -0.000000000000000000 ) ) ;
#706 = EDGE_LOOP ( 'NONE', ( #1354, #6 ) ) ;
#707 = VECTOR ( 'NONE', #1377, 1000.000000000000000 ) ;
#708 = VECTOR ( 'NONE', #1152, 1000.000000000000000 ) ;
#709 = EDGE_LOOP ( 'NONE', ( #122, #1572, #187, #564 ) ) ;
#710 = ORIENTED_EDGE ( 'NONE', *, *, #1483, .T. ) ;
#711 = ADVANCED_FACE ( 'NONE', ( #1555 ), #1211, .F. ) ;
#712 = CARTESIAN_POINT ( 'NONE',  ( 19.00000000000000000, -4.400000000000000355, 22.50000000000000000 ) ) ;
#713 = DIRECTION ( 'NONE',  ( 0.000000000000000000, 0.000000000000000000, -1.000000000000000000 ) ) ;
#714 = DIRECTION ( 'NONE',  ( 0.000000000000000000, 0.000000000000000000, -1.000000000000000000 ) ) ;
#715 = APPLICATION_PROTOCOL_DEFINITION ( 'international standard', 'config_control_design', 1994, #1305 ) ;
#716 = CIRCLE ( 'NONE', #465, 2.999999999999999112 ) ;
#717 = AXIS2_PLACEMENT_3D ( 'NONE', #1151, #1272, #1287 ) ;
#718 = VERTEX_POINT ( 'NONE', #487 ) ;
#719 = CARTESIAN_POINT ( 'NONE',  ( 0.000000000000000000, 0.000000000000000000, 7.500000000000000000 ) ) ;
#720 = ORIENTED_EDGE ( 'NONE', *, *, #55, .T. ) ;
#721 = DIRECTION ( 'NONE',  ( -1.000000000000000000, -0.000000000000000000, -0.000000000000000000 ) ) ;
#722 = CARTESIAN_POINT ( 'NONE',  ( 17.00000000000000000, 15.59999999999999964, -16.67157287525380482 ) ) ;
#723 = EDGE_CURVE ( 'NONE', #1308, #277, #1456, .T. ) ;
#724 = ORIENTED_EDGE ( 'NONE', *, *, #142, .F. ) ;
#725 = ORIENTED_EDGE ( 'NONE', *, *, #1566, .T. ) ;
#726 = FACE_OUTER_BOUND ( 'NONE', #1158, .T. ) ;
#727 = VERTEX_POINT ( 'NONE', #1318 ) ;
#728 = DIRECTION ( 'NONE',  ( 1.000000000000000000, 0.000000000000000000, -0.000000000000000000 ) ) ;
#729 = CARTESIAN_POINT ( 'NONE',  ( -4.400000000000001243, 14.09999999999998543, 20.00000000000000711 ) ) ;
#730 = ADVANCED_FACE ( 'NONE', ( #1224 ), #1220, .F. ) ;
#731 = VECTOR ( 'NONE', #361, 1000.000000000000000 ) ;
#732 = ORIENTED_EDGE ( 'NONE', *, *, #1271, .T. ) ;
#733 = CARTESIAN_POINT ( 'NONE',  ( -4.400000000000001243, 14.09999999999998543, 21.00000000000000711 ) ) ;
#734 = EDGE_LOOP ( 'NONE', ( #339, #1317 ) ) ;
#735 = AXIS2_PLACEMENT_3D ( 'NONE', #941, #782, #1170 ) ;
#736 = LINE ( 'NONE', #255, #340 ) ;
#737 = LINE ( 'NONE', #615, #482 ) ;
#738 = DATE_TIME_ROLE ( 'classification_date' ) ;
#739 = CIRCLE ( 'NONE', #147, 1.500000000000000222 ) ;
#740 = EDGE_CURVE ( 'NONE', #1438, #1035, #123, .T. ) ;
#741 = ORIENTED_EDGE ( 'NONE', *, *, #473, .F. ) ;
#742 = CYLINDRICAL_SURFACE ( 'NONE', #1007, 2.999999999999999112 ) ;
#743 = ORIENTED_EDGE ( 'NONE', *, *, #961, .T. ) ;
#744 = CARTESIAN_POINT ( 'NONE',  ( 6.400000000000000355, -4.400000000000000355, -1.000000000000000000 ) ) ;
#745 = CYLINDRICAL_SURFACE ( 'NONE', #1353, 2.999999999999999112 ) ;
#746 = COORDINATED_UNIVERSAL_TIME_OFFSET ( 9, 0, .AHEAD. ) ;
#747 = CARTESIAN_POINT ( 'NONE',  ( 0.000000000000000000, 0.000000000000000000, 7.500000000000000000 ) ) ;
#748 = ORIENTED_EDGE ( 'NONE', *, *, #1077, .T. ) ;
#749 = CARTESIAN_POINT ( 'NONE',  ( 15.00000000000000000, -4.400000000000000355, 4.250000000000000888 ) ) ;
#750 = ORIENTED_EDGE ( 'NONE', *, *, #250, .F. ) ;
#751 = LINE ( 'NONE', #410, #68 ) ;
#752 = ADVANCED_FACE ( 'NONE', ( #1072 ), #370, .F. ) ;
#753 = DIRECTION ( 'NONE',  ( 0.000000000000000000, 0.000000000000000000, -1.000000000000000000 ) ) ;
#754 = CARTESIAN_POINT ( 'NONE',  ( 15.00000000000000178, 15.59999999999999964, 12.50000000000000000 ) ) ;
#755 = VERTEX_POINT ( 'NONE', #855 ) ;
#756 = PLANE ( 'NONE',  #981 ) ;
#757 = ORIENTED_EDGE ( 'NONE', *, *, #461, .F. ) ;
#758 = FACE_OUTER_BOUND ( 'NONE', #702, .T. ) ;
#759 = CARTESIAN_POINT ( 'NONE',  ( 20.00000000000000000, 0.000000000000000000, 16.67157287525381193 ) ) ;
#760 = CIRCLE ( 'NONE', #1251, 1.000000000000000888 ) ;
#761 = LINE ( 'NONE', #1489, #308 ) ;
#762 = CARTESIAN_POINT ( 'NONE',  ( 17.00000000000000000, 9.771572875253809798, -16.67157287525381193 ) ) ;
#763 = ORIENTED_EDGE ( 'NONE', *, *, #1517, .T. ) ;
#764 = VECTOR ( 'NONE', #714, 1000.000000000000000 ) ;
#765 = ORIENTED_EDGE ( 'NONE', *, *, #359, .T. ) ;
#766 = LINE ( 'NONE', #1008, #1236 ) ;
#767 = CARTESIAN_POINT ( 'NONE',  ( 0.000000000000000000, 0.000000000000000000, -7.500000000000000000 ) ) ;
#768 = ORIENTED_EDGE ( 'NONE', *, *, #1001, .F. ) ;
#769 = EDGE_CURVE ( 'NONE', #245, #1201, #351, .T. ) ;
#770 = ADVANCED_FACE ( 'NONE', ( #830 ), #262, .F. ) ;
#771 = CARTESIAN_POINT ( 'NONE',  ( 19.00000000000000000, -2.899999999999992806, -21.00000000000001421 ) ) ;
#772 = VERTEX_POINT ( 'NONE', #459 ) ;
#773 = DIRECTION ( 'NONE',  ( 1.000000000000000000, 0.000000000000000000, -0.000000000000000000 ) ) ;
#774 = ORIENTED_EDGE ( 'NONE', *, *, #1290, .F. ) ;
#775 = DIRECTION ( 'NONE',  ( -0.000000000000000000, -0.000000000000000000, 1.000000000000000000 ) ) ;
#776 = LINE ( 'NONE', #641, #708 ) ;
#777 = EDGE_CURVE ( 'NONE', #510, #420, #739, .T. ) ;
#778 = ORIENTED_EDGE ( 'NONE', *, *, #328, .T. ) ;
#779 = LINE ( 'NONE', #654, #124 ) ;
#780 = DIRECTION ( 'NONE',  ( -0.000000000000000000, 0.000000000000000000, 1.000000000000000000 ) ) ;
#781 = DIRECTION ( 'NONE',  ( 0.000000000000000000, 0.000000000000000000, -1.000000000000000000 ) ) ;
#782 = DIRECTION ( 'NONE',  ( -0.000000000000000000, -0.000000000000000000, -1.000000000000000000 ) ) ;
#783 = VERTEX_POINT ( 'NONE', #1341 ) ;
#784 = EDGE_CURVE ( 'NONE', #727, #965, #966, .T. ) ;
#785 = EDGE_CURVE ( 'NONE', #1035, #1573, #1203, .T. ) ;
#786 = VECTOR ( 'NONE', #542, 1000.000000000000000 ) ;
#787 = DIRECTION ( 'NONE',  ( 0.000000000000000000, 0.000000000000000000, -1.000000000000000000 ) ) ;
#788 = CARTESIAN_POINT ( 'NONE',  ( -1.308856147721871643, 4.201583500496969492, -0.7589450887370627896 ) ) ;
#789 = VECTOR ( 'NONE', #454, 1000.000000000000000 ) ;
#790 = DIRECTION ( 'NONE',  ( -1.000000000000000000, -0.000000000000000000, -0.000000000000000000 ) ) ;
#791 = CARTESIAN_POINT ( 'NONE',  ( -0.1980005724517893695, -4.396602281455215255, 1.490114508422144324 ) ) ;
#792 = VECTOR ( 'NONE', #166, 1000.000000000000000 ) ;
#793 = CARTESIAN_POINT ( 'NONE',  ( 19.00000000000000000, -1.400000000000005906, 19.50000000000000355 ) ) ;
#794 = ADVANCED_FACE ( 'NONE', ( #1093 ), #8, .F. ) ;
#795 = DIRECTION ( 'NONE',  ( 0.000000000000000000, 0.000000000000000000, -1.000000000000000000 ) ) ;
#796 = ADVANCED_FACE ( 'NONE', ( #630 ), #505, .F. ) ;
#797 = CARTESIAN_POINT ( 'NONE',  ( -4.400000000000000355, 0.000000000000000000, -7.500000000000000000 ) ) ;
#798 = CARTESIAN_POINT ( 'NONE',  ( 0.000000000000000000, -4.400000000000000355, 1.500000000000000222 ) ) ;
#799 = CARTESIAN_POINT ( 'NONE',  ( 0.000000000000000000, 4.400000000000000355, 4.250000000000000888 ) ) ;
#800 = VERTEX_POINT ( 'NONE', #1267 ) ;
#801 = FACE_OUTER_BOUND ( 'NONE', #1042, .T. ) ;
#802 = ORIENTED_EDGE ( 'NONE', *, *, #1395, .F. ) ;
#803 = VECTOR ( 'NONE', #790, 1000.000000000000000 ) ;
#804 = DIRECTION ( 'NONE',  ( 0.000000000000000000, -1.000000000000000000, -1.445602896647337931E-16 ) ) ;
#805 = DIRECTION ( 'NONE',  ( 0.000000000000000000, 0.000000000000000000, 1.000000000000000000 ) ) ;
#806 = CC_DESIGN_DATE_AND_TIME_ASSIGNMENT ( #500, #633, ( #693 ) ) ;
#807 = CARTESIAN_POINT ( 'NONE',  ( 17.00000000000000000, 0.000000000000000000, -22.50000000000000000 ) ) ;
#808 = AXIS2_PLACEMENT_3D ( 'NONE', #1074, #1567, #713 ) ;
#809 = CARTESIAN_POINT ( 'NONE',  ( 19.00000000000000000, 14.09999999999998543, 20.00000000000000711 ) ) ;
#810 = ORIENTED_EDGE ( 'NONE', *, *, #684, .F. ) ;
#811 = EDGE_CURVE ( 'NONE', #541, #69, #159, .T. ) ;
#812 = EDGE_LOOP ( 'NONE', ( #1452, #232, #111, #765, #919, #1446, #1334, #109, #579, #836 ) ) ;
#813 = CARTESIAN_POINT ( 'NONE',  ( 15.00000000000000000, 14.09999999999999076, -21.00000000000000711 ) ) ;
#814 = DIRECTION ( 'NONE',  ( 0.000000000000000000, 0.000000000000000000, -1.000000000000000000 ) ) ;
#815 = APPROVAL_PERSON_ORGANIZATION ( #851, #161, #970 ) ;
#816 = VECTOR ( 'NONE', #17, 1000.000000000000000 ) ;
#817 = DIRECTION ( 'NONE',  ( 0.000000000000000000, 1.000000000000000000, 0.000000000000000000 ) ) ;
#818 = VECTOR ( 'NONE', #1164, 1000.000000000000000 ) ;
#819 = EDGE_CURVE ( 'NONE', #987, #1417, #295, .T. ) ;
#820 = ORIENTED_EDGE ( 'NONE', *, *, #1526, .T. ) ;
#821 = VERTEX_POINT ( 'NONE', #281 ) ;
#822 = EDGE_LOOP ( 'NONE', ( #1502, #501, #259, #532 ) ) ;
#823 = LINE ( 'NONE', #1328, #669 ) ;
#824 = FACE_BOUND ( 'NONE', #565, .T. ) ;
#825 = DIRECTION ( 'NONE',  ( 1.000000000000000000, -0.000000000000000000, -0.000000000000000000 ) ) ;
#826 = EDGE_LOOP ( 'NONE', ( #1560, #309, #710, #974 ) ) ;
#827 = EDGE_CURVE ( 'NONE', #800, #1503, #766, .T. ) ;
#828 = EDGE_LOOP ( 'NONE', ( #592, #1140, #300, #1410 ) ) ;
#829 = ORIENTED_EDGE ( 'NONE', *, *, #740, .T. ) ;
#830 = FACE_OUTER_BOUND ( 'NONE', #1174, .T. ) ;
#831 = CARTESIAN_POINT ( 'NONE',  ( 15.00000000000000000, -4.400000000000000355, 4.250000000000000888 ) ) ;
#832 = LINE ( 'NONE', #581, #1534 ) ;
#833 = DATE_AND_TIME ( #354, #342 ) ;
#834 = AXIS2_PLACEMENT_3D ( 'NONE', #1307, #561, #928 ) ;
#835 =( BOUNDED_CURVE ( )  B_SPLINE_CURVE ( 3, ( #1376, #1470, #521, #1506 ),
 .UNSPECIFIED., .F., .T. ) 
 B_SPLINE_CURVE_WITH_KNOTS ( ( 4, 4 ),
 ( 3.481429563043915376, 4.712388980384689674 ),
 .UNSPECIFIED. ) 
 CURVE ( )  GEOMETRIC_REPRESENTATION_ITEM ( )  RATIONAL_B_SPLINE_CURVE ( ( 1.000000000000000000, 0.8776643872851508377, 0.8776643872851508377, 1.000000000000000000 ) ) 
 REPRESENTATION_ITEM ( '' )  );
#836 = ORIENTED_EDGE ( 'NONE', *, *, #553, .F. ) ;
#837 = DIRECTION ( 'NONE',  ( -0.000000000000000000, 1.000000000000000000, -0.000000000000000000 ) ) ;
#838 = ORIENTED_EDGE ( 'NONE', *, *, #250, .T. ) ;
#839 = EDGE_CURVE ( 'NONE', #457, #435, #618, .T. ) ;
#840 = CARTESIAN_POINT ( 'NONE',  ( 17.00000000000000000, 1.428427124746189047, -22.50000000000000000 ) ) ;
#841 = DIRECTION ( 'NONE',  ( 0.000000000000000000, 0.000000000000000000, 1.000000000000000000 ) ) ;
#842 = DIRECTION ( 'NONE',  ( 0.000000000000000000, 0.000000000000000000, -1.000000000000000000 ) ) ;
#843 = APPROVAL_STATUS ( 'not_yet_approved' ) ;
#844 = CIRCLE ( 'NONE', #149, 1.500000000000000222 ) ;
#845 = ORIENTED_EDGE ( 'NONE', *, *, #328, .F. ) ;
#846 = CARTESIAN_POINT ( 'NONE',  ( 17.75959179422654444, -0.9614494731290769147, -19.06144947312907334 ) ) ;
#847 = ORIENTED_EDGE ( 'NONE', *, *, #1088, .F. ) ;
#848 = EDGE_CURVE ( 'NONE', #382, #430, #863, .T. ) ;
#849 = DIRECTION ( 'NONE',  ( 0.000000000000000000, 0.000000000000000000, 1.000000000000000000 ) ) ;
#850 = PLANE ( 'NONE',  #946 ) ;
#851 = PERSON_AND_ORGANIZATION ( #619, #1032 ) ;
#852 = ORIENTED_EDGE ( 'NONE', *, *, #1326, .F. ) ;
#853 = FACE_BOUND ( 'NONE', #1245, .T. ) ;
#854 = ORIENTED_EDGE ( 'NONE', *, *, #1064, .T. ) ;
#855 = CARTESIAN_POINT ( 'NONE',  ( 6.400000000000000355, -4.400000000000000355, -1.000000000000000000 ) ) ;
#856 = CARTESIAN_POINT ( 'NONE',  ( -4.400000000000001243, -2.900000000000015010, 22.00000000000000355 ) ) ;
#857 = CALENDAR_DATE ( 2026, 18, 6 ) ;
#858 = EDGE_LOOP ( 'NONE', ( #195, #199, #1254, #14, #368 ) ) ;
#859 = AXIS2_PLACEMENT_3D ( 'NONE', #831, #704, #1204 ) ;
#860 = ORIENTED_EDGE ( 'NONE', *, *, #1290, .T. ) ;
#861 = DIRECTION ( 'NONE',  ( 0.000000000000000000, -5.782411586589358625E-16, -1.000000000000000000 ) ) ;
#862 = ORIENTED_EDGE ( 'NONE', *, *, #1182, .F. ) ;
#863 = LINE ( 'NONE', #1124, #1075 ) ;
#864 = FACE_OUTER_BOUND ( 'NONE', #293, .T. ) ;
#865 = DIRECTION ( 'NONE',  ( 1.000000000000000000, 0.000000000000000000, 0.000000000000000000 ) ) ;
#866 = VECTOR ( 'NONE', #286, 1000.000000000000000 ) ;
#867 = AXIS2_PLACEMENT_3D ( 'NONE', #759, #1256, #29 ) ;
#868 = EDGE_CURVE ( 'NONE', #26, #1241, #623, .T. ) ;
#869 = FACE_OUTER_BOUND ( 'NONE', #231, .T. ) ;
#870 = ORIENTED_EDGE ( 'NONE', *, *, #677, .F. ) ;
#871 = DIRECTION ( 'NONE',  ( 0.000000000000000000, 0.000000000000000000, -1.000000000000000000 ) ) ;
#872 = ORIENTED_EDGE ( 'NONE', *, *, #1202, .F. ) ;
#873 = VECTOR ( 'NONE', #304, 1000.000000000000000 ) ;
#874 = DIRECTION ( 'NONE',  ( 0.000000000000000000, 0.000000000000000000, -1.000000000000000000 ) ) ;
#875 = APPROVAL_STATUS ( 'not_yet_approved' ) ;
#876 = CARTESIAN_POINT ( 'NONE',  ( 19.00000000000000000, 12.59999999999999964, 0.000000000000000000 ) ) ;
#877 = ORIENTED_EDGE ( 'NONE', *, *, #607, .T. ) ;
#878 = PRODUCT_RELATED_PRODUCT_CATEGORY ( 'detail', '', ( #1496 ) ) ;
#879 = LINE ( 'NONE', #1372, #866 ) ;
#880 = VERTEX_POINT ( 'NONE', #392 ) ;
#881 = PLANE ( 'NONE',  #1185 ) ;
#882 = CYLINDRICAL_SURFACE ( 'NONE', #264, 1.000000000000000888 ) ;
#883 = CARTESIAN_POINT ( 'NONE',  ( -0.6676842867895047551, -4.350008617411107892, 1.346796368432332303 ) ) ;
#884 = EDGE_LOOP ( 'NONE', ( #519, #695, #1367, #810 ) ) ;
#885 = DIRECTION ( 'NONE',  ( 1.000000000000000000, 0.000000000000000000, 0.000000000000000000 ) ) ;
#886 = ORIENTED_EDGE ( 'NONE', *, *, #677, .T. ) ;
#887 = AXIS2_PLACEMENT_3D ( 'NONE', #1169, #1406, #559 ) ;
#888 = FACE_OUTER_BOUND ( 'NONE', #1459, .T. ) ;
#889 = AXIS2_PLACEMENT_3D ( 'NONE', #894, #1532, #1423 ) ;
#890 = EDGE_CURVE ( 'NONE', #1130, #783, #751, .T. ) ;
#891 = DIRECTION ( 'NONE',  ( 1.000000000000000000, -0.000000000000000000, -0.000000000000000000 ) ) ;
#892 = LINE ( 'NONE', #1384, #307 ) ;
#893 = ORIENTED_EDGE ( 'NONE', *, *, #110, .F. ) ;
#894 = CARTESIAN_POINT ( 'NONE',  ( 20.00000000000000000, 9.771572875253809798, -22.50000000000000000 ) ) ;
#895 = ORIENTED_EDGE ( 'NONE', *, *, #369, .T. ) ;
#896 = FACE_OUTER_BOUND ( 'NONE', #858, .T. ) ;
#897 = VECTOR ( 'NONE', #775, 1000.000000000000000 ) ;
#898 = VERTEX_POINT ( 'NONE', #384 ) ;
#899 = PLANE ( 'NONE',  #1386 ) ;
#900 = FACE_OUTER_BOUND ( 'NONE', #699, .T. ) ;
#901 = ADVANCED_FACE ( 'NONE', ( #888 ), #1015, .F. ) ;
#902 = AXIS2_PLACEMENT_3D ( 'NONE', #1137, #59, #413 ) ;
#903 = CARTESIAN_POINT ( 'NONE',  ( 19.00000000000000000, 12.59999999999999964, -19.50000000000000000 ) ) ;
#904 = ORIENTED_EDGE ( 'NONE', *, *, #1214, .T. ) ;
#905 = ORIENTED_EDGE ( 'NONE', *, *, #359, .F. ) ;
#906 = DIRECTION ( 'NONE',  ( 0.000000000000000000, 0.000000000000000000, 1.000000000000000000 ) ) ;
#907 = DIRECTION ( 'NONE',  ( -0.000000000000000000, 1.000000000000000000, -0.000000000000000000 ) ) ;
#908 = FACE_BOUND ( 'NONE', #129, .T. ) ;
#909 = EDGE_CURVE ( 'NONE', #493, #1385, #639, .T. ) ;
#910 = ADVANCED_FACE ( 'NONE', ( #990 ), #1488, .F. ) ;
#911 = VERTEX_POINT ( 'NONE', #536 ) ;
#912 = CARTESIAN_POINT ( 'NONE',  ( 4.400000000000000355, -4.400000000000000355, -1.000000000000000000 ) ) ;
#913 = CARTESIAN_POINT ( 'NONE',  ( 19.00000000000000000, 14.09999999999999076, -21.00000000000000711 ) ) ;
#914 = AXIS2_PLACEMENT_3D ( 'NONE', #1311, #326, #1045 ) ;
#915 = CARTESIAN_POINT ( 'NONE',  ( 0.000000000000000000, 0.000000000000000000, -4.250000000000000000 ) ) ;
#916 = AXIS2_PLACEMENT_3D ( 'NONE', #943, #917, #1095 ) ;
#917 = DIRECTION ( 'NONE',  ( 0.000000000000000000, -1.000000000000000000, 0.000000000000000000 ) ) ;
#918 = CARTESIAN_POINT ( 'NONE',  ( -1.451381095427513479, -4.153782975850927706, -0.3913291613040262851 ) ) ;
#919 = ORIENTED_EDGE ( 'NONE', *, *, #1271, .F. ) ;
#920 = ADVANCED_FACE ( 'NONE', ( #1504 ), #899, .T. ) ;
#921 = CARTESIAN_POINT ( 'NONE',  ( 17.00000000000000000, 15.59999999999999609, -16.67157287525380482 ) ) ;
#922 = VECTOR ( 'NONE', #336, 1000.000000000000000 ) ;
#923 = CARTESIAN_POINT ( 'NONE',  ( 19.00000000000000000, 15.59999999999999964, -22.50000000000000000 ) ) ;
#924 = CARTESIAN_POINT ( 'NONE',  ( -1.459756770378033419, 4.151548889369562012, 0.3964838459668981185 ) ) ;
#925 = CARTESIAN_POINT ( 'NONE',  ( 15.00000000000000000, -4.400000000000000355, 4.250000000000000888 ) ) ;
#926 = LOCAL_TIME ( 18, 45, 52.00000000000000000, #746 ) ;
#927 = LINE ( 'NONE', #1167, #650 ) ;
#928 = DIRECTION ( 'NONE',  ( -1.000000000000000000, 0.000000000000000000, 0.000000000000000000 ) ) ;
#929 = VECTOR ( 'NONE', #599, 1000.000000000000000 ) ;
#930 = ORIENTED_EDGE ( 'NONE', *, *, #379, .T. ) ;
#931 = ADVANCED_FACE ( 'NONE', ( #302 ), #881, .F. ) ;
#932 = DIRECTION ( 'NONE',  ( 0.000000000000000000, 0.000000000000000000, -1.000000000000000000 ) ) ;
#933 = CARTESIAN_POINT ( 'NONE',  ( -1.490107558669253152, 4.140048372605050098, -0.1981665608709229642 ) ) ;
#934 = LINE ( 'NONE', #1421, #58 ) ;
#935 = ADVANCED_FACE ( 'NONE', ( #1242 ), #168, .F. ) ;
#936 = CARTESIAN_POINT ( 'NONE',  ( 15.00000000000000000, -4.400000000000000355, 22.50000000000000000 ) ) ;
#937 = ORIENTED_EDGE ( 'NONE', *, *, #1058, .F. ) ;
#938 = VERTEX_POINT ( 'NONE', #1135 ) ;
#939 = DIRECTION ( 'NONE',  ( 0.000000000000000000, 0.000000000000000000, 1.000000000000000000 ) ) ;
#940 = DIRECTION ( 'NONE',  ( 0.000000000000000000, 0.000000000000000000, -1.000000000000000000 ) ) ;
#941 = CARTESIAN_POINT ( 'NONE',  ( 0.000000000000000000, 0.000000000000000000, 7.500000000000000000 ) ) ;
#942 = EDGE_CURVE ( 'NONE', #783, #268, #716, .T. ) ;
#943 = CARTESIAN_POINT ( 'NONE',  ( 20.00000000000000000, 15.59999999999999964, 16.67157287525381193 ) ) ;
#944 = ADVANCED_FACE ( 'NONE', ( #801 ), #1296, .F. ) ;
#945 = LINE ( 'NONE', #479, #957 ) ;
#946 = AXIS2_PLACEMENT_3D ( 'NONE', #139, #19, #499 ) ;
#947 = APPLICATION_PROTOCOL_DEFINITION ( 'international standard', 'config_control_design', 1994, #1225 ) ;
#948 = ORIENTED_EDGE ( 'NONE', *, *, #1345, .T. ) ;
#949 = ORIENTED_EDGE ( 'NONE', *, *, #1001, .T. ) ;
#950 = EDGE_LOOP ( 'NONE', ( #1394, #398 ) ) ;
#951 = CARTESIAN_POINT ( 'NONE',  ( 19.00000000000000000, -1.400000000000005906, 0.000000000000000000 ) ) ;
#952 = EDGE_CURVE ( 'NONE', #674, #653, #314, .T. ) ;
#953 = ORIENTED_EDGE ( 'NONE', *, *, #363, .T. ) ;
#954 = VECTOR ( 'NONE', #874, 1000.000000000000000 ) ;
#955 = LINE ( 'NONE', #1557, #647 ) ;
#956 = ORIENTED_EDGE ( 'NONE', *, *, #1091, .F. ) ;
#957 = VECTOR ( 'NONE', #968, 1000.000000000000000 ) ;
#958 = CARTESIAN_POINT ( 'NONE',  ( 15.00000000000000000, 14.09999999999998543, 22.00000000000001066 ) ) ;
#959 = CYLINDRICAL_SURFACE ( 'NONE', #113, 1.500000000000000222 ) ;
#960 = CARTESIAN_POINT ( 'NONE',  ( 6.399999999999999467, 4.400000000000000355, 4.250000000000000888 ) ) ;
#961 = EDGE_CURVE ( 'NONE', #1417, #16, #1175, .T. ) ;
#962 = ORIENTED_EDGE ( 'NONE', *, *, #1034, .T. ) ;
#963 = VERTEX_POINT ( 'NONE', #89 ) ;
#964 = CARTESIAN_POINT ( 'NONE',  ( 17.00000000000000000, 12.60000000000000320, 16.67157287525380838 ) ) ;
#965 = VERTEX_POINT ( 'NONE', #793 ) ;
#966 = LINE ( 'NONE', #951, #463 ) ;
#967 = CARTESIAN_POINT ( 'NONE',  ( 4.400000000000000355, -4.400000000000000355, -1.000000000000000000 ) ) ;
#968 = DIRECTION ( 'NONE',  ( 1.000000000000000000, -0.000000000000000000, -0.000000000000000000 ) ) ;
#969 = MANIFOLD_SOLID_BREP ( 'Fillet1', #34 ) ;
#970 = APPROVAL_ROLE ( '' ) ;
#971 = CIRCLE ( 'NONE', #290, 1.000000000000000888 ) ;
#972 = CIRCLE ( 'NONE', #1098, 1.000000000000000888 ) ;
#973 = ADVANCED_FACE ( 'NONE', ( #212 ), #1544, .F. ) ;
#974 = ORIENTED_EDGE ( 'NONE', *, *, #1278, .F. ) ;
#975 = CARTESIAN_POINT ( 'NONE',  ( 0.000000000000000000, -4.400000000000000355, 0.000000000000000000 ) ) ;
#976 = AXIS2_PLACEMENT_3D ( 'NONE', #683, #207, #1188 ) ;
#977 = CARTESIAN_POINT ( 'NONE',  ( -4.400000000000001243, 14.09999999999998543, 21.00000000000000711 ) ) ;
#978 = LINE ( 'NONE', #729, #540 ) ;
#979 = CALENDAR_DATE ( 2026, 18, 6 ) ;
#980 = AXIS2_PLACEMENT_3D ( 'NONE', #419, #426, #885 ) ;
#981 = AXIS2_PLACEMENT_3D ( 'NONE', #155, #1484, #1119 ) ;
#982 = VERTEX_POINT ( 'NONE', #681 ) ;
#983 = DIRECTION ( 'NONE',  ( 0.000000000000000000, 0.000000000000000000, -1.000000000000000000 ) ) ;
#984 = DIRECTION ( 'NONE',  ( 1.000000000000000000, 0.000000000000000000, 0.000000000000000000 ) ) ;
#985 = CARTESIAN_POINT ( 'NONE',  ( 19.00000000000000000, -2.255140518769848276E-14, 19.49999999999998579 ) ) ;
#986 = PERSON_AND_ORGANIZATION ( #619, #1032 ) ;
#987 = VERTEX_POINT ( 'NONE', #1049 ) ;
#988 = LINE ( 'NONE', #960, #929 ) ;
#989 = ORIENTED_EDGE ( 'NONE', *, *, #61, .T. ) ;
#990 = FACE_OUTER_BOUND ( 'NONE', #709, .T. ) ;
#991 = FACE_OUTER_BOUND ( 'NONE', #826, .T. ) ;
#992 = PERSON_AND_ORGANIZATION ( #619, #1032 ) ;
#993 = EDGE_CURVE ( 'NONE', #898, #457, #1536, .T. ) ;
#994 = VECTOR ( 'NONE', #940, 1000.000000000000000 ) ;
#995 = CARTESIAN_POINT ( 'NONE',  ( -0.7534451466901145311, -4.335795928099043017, 1.300700566334641817 ) ) ;
#996 = CIRCLE ( 'NONE', #808, 2.999999999999999112 ) ;
#997 = VERTEX_POINT ( 'NONE', #534 ) ;
#998 = CARTESIAN_POINT ( 'NONE',  ( 19.00000000000000000, -2.899999999999992806, -21.00000000000001421 ) ) ;
#999 = ORIENTED_EDGE ( 'NONE', *, *, #20, .T. ) ;
#1000 = DIRECTION ( 'NONE',  ( 1.000000000000000000, -0.000000000000000000, -0.000000000000000000 ) ) ;
#1001 = EDGE_CURVE ( 'NONE', #1184, #1468, #1131, .T. ) ;
#1002 = APPROVAL_DATE_TIME ( #364, #208 ) ;
#1003 = CC_DESIGN_PERSON_AND_ORGANIZATION_ASSIGNMENT ( #134, #489, ( #624 ) ) ;
#1004 = DIRECTION ( 'NONE',  ( -1.000000000000000000, -0.000000000000000000, -0.000000000000000000 ) ) ;
#1005 = EDGE_LOOP ( 'NONE', ( #337, #1494, #183, #415 ) ) ;
#1006 = CARTESIAN_POINT ( 'NONE',  ( 15.00000000000000000, 4.400000000000000355, 4.250000000000000888 ) ) ;
#1007 = AXIS2_PLACEMENT_3D ( 'NONE', #27, #15, #1333 ) ;
#1008 = CARTESIAN_POINT ( 'NONE',  ( 15.00000000000000178, 9.599999999999999645, 12.50000000000000000 ) ) ;
#1009 = LINE ( 'NONE', #656, #1378 ) ;
#1010 = ORIENTED_EDGE ( 'NONE', *, *, #1556, .T. ) ;
#1011 = CARTESIAN_POINT ( 'NONE',  ( -0.09989155566352098115, -4.400000000000002132, 1.500000000000000444 ) ) ;
#1012 = ADVANCED_FACE ( 'NONE', ( #1260 ), #1513, .F. ) ;
#1013 = ORIENTED_EDGE ( 'NONE', *, *, #13, .T. ) ;
#1014 = DIRECTION ( 'NONE',  ( 0.000000000000000000, 0.000000000000000000, -1.000000000000000000 ) ) ;
#1015 = CYLINDRICAL_SURFACE ( 'NONE', #272, 1.000000000000000888 ) ;
#1016 = LINE ( 'NONE', #754, #484 ) ;
#1017 = ORIENTED_EDGE ( 'NONE', *, *, #1533, .F. ) ;
#1018 = ADVANCED_FACE ( 'NONE', ( #896 ), #637, .F. ) ;
#1019 = ORIENTED_EDGE ( 'NONE', *, *, #369, .F. ) ;
#1020 = CARTESIAN_POINT ( 'NONE',  ( 17.00000000000000000, 0.1127755441334072350, 17.98722445586659191 ) ) ;
#1021 = ORIENTED_EDGE ( 'NONE', *, *, #523, .F. ) ;
#1022 = VECTOR ( 'NONE', #90, 1000.000000000000000 ) ;
#1023 = DIRECTION ( 'NONE',  ( 0.000000000000000000, 0.000000000000000000, 1.000000000000000000 ) ) ;
#1024 = AXIS2_PLACEMENT_3D ( 'NONE', #925, #1519, #1274 ) ;
#1025 = ORIENTED_EDGE ( 'NONE', *, *, #785, .F. ) ;
#1026 = ORIENTED_EDGE ( 'NONE', *, *, #335, .T. ) ;
#1027 = DIRECTION ( 'NONE',  ( 0.000000000000000000, 0.000000000000000000, 1.000000000000000000 ) ) ;
#1028 = VECTOR ( 'NONE', #1335, 1000.000000000000000 ) ;
#1029 = PRODUCT_DEFINITION_SHAPE ( 'NONE', 'NONE',  #693 ) ;
#1030 = DIRECTION ( 'NONE',  ( 1.000000000000000000, -0.000000000000000000, -0.000000000000000000 ) ) ;
#1031 = CARTESIAN_POINT ( 'NONE',  ( 19.00000000000000000, -2.899999999999992806, -20.00000000000001421 ) ) ;
#1032 = ORGANIZATION ( 'UNSPECIFIED', 'UNSPECIFIED', '' ) ;
#1033 = DIRECTION ( 'NONE',  ( 1.000000000000000000, 0.000000000000000000, 0.000000000000000000 ) ) ;
#1034 = EDGE_CURVE ( 'NONE', #420, #1279, #779, .T. ) ;
#1035 = VERTEX_POINT ( 'NONE', #190 ) ;
#1036 = PLANE ( 'NONE',  #1561 ) ;
#1037 = CARTESIAN_POINT ( 'NONE',  ( 15.00000000000000178, 9.599999999999999645, 12.50000000000000000 ) ) ;
#1038 = CARTESIAN_POINT ( 'NONE',  ( -0.9162696783784066712, 4.304330603271684375, -1.191623854087028977 ) ) ;
#1039 = CARTESIAN_POINT ( 'NONE',  ( 0.000000000000000000, 4.400000000000000355, 1.500000000000000222 ) ) ;
#1040 = DIRECTION ( 'NONE',  ( 1.000000000000000000, 0.000000000000000000, 0.000000000000000000 ) ) ;
#1041 = EDGE_CURVE ( 'NONE', #755, #1065, #1397, .T. ) ;
#1042 = EDGE_LOOP ( 'NONE', ( #28, #870, #1327, #1100 ) ) ;
#1043 = CARTESIAN_POINT ( 'NONE',  ( 6.400000000000000355, 4.400000000000000355, 1.000000000000000000 ) ) ;
#1044 = VECTOR ( 'NONE', #214, 1000.000000000000000 ) ;
#1045 = DIRECTION ( 'NONE',  ( 0.000000000000000000, 0.000000000000000000, 1.000000000000000000 ) ) ;
#1046 = CARTESIAN_POINT ( 'NONE',  ( 6.400000000000000355, -4.400000000000000355, -1.000000000000000000 ) ) ;
#1047 = CARTESIAN_POINT ( 'NONE',  ( -0.09991641476989424064, 4.400000000000001243, 1.500000000000000888 ) ) ;
#1048 = ORIENTED_EDGE ( 'NONE', *, *, #993, .T. ) ;
#1049 = CARTESIAN_POINT ( 'NONE',  ( 17.00000000000000000, 9.771572875253809798, -22.50000000000000000 ) ) ;
#1050 = EDGE_LOOP ( 'NONE', ( #774, #594, #877, #62 ) ) ;
#1051 = DIRECTION ( 'NONE',  ( 0.000000000000000000, 0.000000000000000000, 1.000000000000000000 ) ) ;
#1052 = CARTESIAN_POINT ( 'NONE',  ( -0.7542005574716602601, 4.335665298992334549, -1.300268838453928932 ) ) ;
#1053 = DIRECTION ( 'NONE',  ( 1.000000000000000000, -0.000000000000000000, -0.000000000000000000 ) ) ;
#1054 =( GEOMETRIC_REPRESENTATION_CONTEXT ( 3 ) GLOBAL_UNCERTAINTY_ASSIGNED_CONTEXT ( ( #1478 ) ) GLOBAL_UNIT_ASSIGNED_CONTEXT ( ( #552, #1303, #1295 ) ) REPRESENTATION_CONTEXT ( 'NONE', 'WORKASPACE' ) );
#1055 = CARTESIAN_POINT ( 'NONE',  ( 0.000000000000000000, -4.400000000000000355, -1.500000000000000222 ) ) ;
#1056 = ORIENTED_EDGE ( 'NONE', *, *, #1163, .T. ) ;
#1057 = ADVANCED_BREP_SHAPE_REPRESENTATION ( 'Holder', ( #969, #694 ), #1054 ) ;
#1058 = EDGE_CURVE ( 'NONE', #718, #374, #1212, .T. ) ;
#1059 = EDGE_CURVE ( 'NONE', #26, #982, #1403, .T. ) ;
#1060 = CARTESIAN_POINT ( 'NONE',  ( 19.00000000000000000, 15.59999999999999964, 22.50000000000000000 ) ) ;
#1061 = DIRECTION ( 'NONE',  ( -0.000000000000000000, -1.000000000000000000, 0.000000000000000000 ) ) ;
#1062 = CARTESIAN_POINT ( 'NONE',  ( 19.00000000000000000, -4.400000000000000355, -22.50000000000000000 ) ) ;
#1063 = LINE ( 'NONE', #99, #439 ) ;
#1064 = EDGE_CURVE ( 'NONE', #898, #965, #1323, .T. ) ;
#1065 = VERTEX_POINT ( 'NONE', #912 ) ;
#1066 = ORIENTED_EDGE ( 'NONE', *, *, #335, .F. ) ;
#1067 = DIRECTION ( 'NONE',  ( 0.000000000000000000, -1.000000000000000000, -1.156482317317871725E-15 ) ) ;
#1068 = LINE ( 'NONE', #4, #764 ) ;
#1069 = AXIS2_PLACEMENT_3D ( 'NONE', #506, #377, #841 ) ;
#1070 = PERSON_AND_ORGANIZATION ( #619, #1032 ) ;
#1071 = EDGE_LOOP ( 'NONE', ( #1208, #1314, #243, #46 ) ) ;
#1072 = FACE_OUTER_BOUND ( 'NONE', #1265, .T. ) ;
#1073 = AXIS2_PLACEMENT_3D ( 'NONE', #367, #1356, #1109 ) ;
#1074 = CARTESIAN_POINT ( 'NONE',  ( 20.00000000000000000, 15.59999999999999964, -16.67157287525380482 ) ) ;
#1075 = VECTOR ( 'NONE', #1477, 1000.000000000000000 ) ;
#1076 = CYLINDRICAL_SURFACE ( 'NONE', #593, 1.000000000000000888 ) ;
#1077 = EDGE_CURVE ( 'NONE', #1065, #382, #1389, .T. ) ;
#1078 = DIRECTION ( 'NONE',  ( 1.000000000000000000, 0.000000000000000000, 0.000000000000000000 ) ) ;
#1079 = VECTOR ( 'NONE', #1180, 1000.000000000000000 ) ;
#1080 = ORIENTED_EDGE ( 'NONE', *, *, #267, .T. ) ;
#1081 = ORIENTED_EDGE ( 'NONE', *, *, #450, .F. ) ;
#1082 = DIRECTION ( 'NONE',  ( -0.000000000000000000, -1.000000000000000000, -1.156482317317871725E-15 ) ) ;
#1083 = ORIENTED_EDGE ( 'NONE', *, *, #296, .T. ) ;
#1084 = DIRECTION ( 'NONE',  ( 0.000000000000000000, 0.000000000000000000, -1.000000000000000000 ) ) ;
#1085 = CARTESIAN_POINT ( 'NONE',  ( 17.00000000000000000, 9.771572875253809798, -16.67157287525381193 ) ) ;
#1086 = DIRECTION ( 'NONE',  ( -1.000000000000000000, 0.000000000000000000, 0.000000000000000000 ) ) ;
#1087 = ADVANCED_FACE ( 'NONE', ( #1246, #63 ), #1036, .F. ) ;
#1088 = EDGE_CURVE ( 'NONE', #821, #176, #44, .T. ) ;
#1089 = EDGE_LOOP ( 'NONE', ( #692, #1574, #1083, #54 ) ) ;
#1090 = CARTESIAN_POINT ( 'NONE',  ( 15.00000000000000000, 14.09999999999999076, -21.00000000000000711 ) ) ;
#1091 = EDGE_CURVE ( 'NONE', #1371, #800, #1121, .T. ) ;
#1092 = VERTEX_POINT ( 'NONE', #37 ) ;
#1093 = FACE_OUTER_BOUND ( 'NONE', #1440, .T. ) ;
#1094 = VECTOR ( 'NONE', #1053, 1000.000000000000000 ) ;
#1095 = DIRECTION ( 'NONE',  ( 0.000000000000000000, 0.000000000000000000, -1.000000000000000000 ) ) ;
#1096 = DATE_AND_TIME ( #857, #371 ) ;
#1097 = CIRCLE ( 'NONE', #211, 1.000000000000000888 ) ;
#1098 = AXIS2_PLACEMENT_3D ( 'NONE', #771, #84, #1416 ) ;
#1099 = APPROVAL ( #1332, 'UNSPECIFIED' ) ;
#1100 = ORIENTED_EDGE ( 'NONE', *, *, #1304, .F. ) ;
#1101 = ORIENTED_EDGE ( 'NONE', *, *, #397, .T. ) ;
#1102 = CARTESIAN_POINT ( 'NONE',  ( 0.000000000000000000, 4.400000000000000355, 4.250000000000000888 ) ) ;
#1103 = ORIENTED_EDGE ( 'NONE', *, *, #1395, .T. ) ;
#1104 = FACE_OUTER_BOUND ( 'NONE', #285, .T. ) ;
#1105 = DIRECTION ( 'NONE',  ( 0.000000000000000000, 0.000000000000000000, -1.000000000000000000 ) ) ;
#1106 = AXIS2_PLACEMENT_3D ( 'NONE', #556, #320, #1040 ) ;
#1107 = CIRCLE ( 'NONE', #1538, 4.400000000000000355 ) ;
#1108 = ORIENTED_EDGE ( 'NONE', *, *, #267, .F. ) ;
#1109 = DIRECTION ( 'NONE',  ( 1.000000000000000000, 0.000000000000000000, 0.000000000000000000 ) ) ;
#1110 = ORIENTED_EDGE ( 'NONE', *, *, #473, .T. ) ;
#1111 = DIRECTION ( 'NONE',  ( -1.000000000000000000, -0.000000000000000000, -0.000000000000000000 ) ) ;
#1112 = EDGE_CURVE ( 'NONE', #727, #627, #1413, .T. ) ;
#1113 = CARTESIAN_POINT ( 'NONE',  ( 19.00000000000000000, -4.400000000000000355, -19.49999999999999645 ) ) ;
#1114 = EDGE_LOOP ( 'NONE', ( #596, #648, #1110, #930 ) ) ;
#1115 = CARTESIAN_POINT ( 'NONE',  ( 19.00000000000000000, 12.59999999999998721, -7.285838599102585063E-15 ) ) ;
#1116 = EDGE_CURVE ( 'NONE', #430, #547, #879, .T. ) ;
#1117 = CARTESIAN_POINT ( 'NONE',  ( 19.00000000000000000, 15.59999999999999964, 22.50000000000000000 ) ) ;
#1118 = AXIS2_PLACEMENT_3D ( 'NONE', #1162, #676, #1284 ) ;
#1119 = DIRECTION ( 'NONE',  ( 0.000000000000000000, 0.000000000000000000, 1.000000000000000000 ) ) ;
#1120 = ORIENTED_EDGE ( 'NONE', *, *, #429, .T. ) ;
#1121 = LINE ( 'NONE', #1266, #786 ) ;
#1122 = ORIENTED_EDGE ( 'NONE', *, *, #784, .T. ) ;
#1123 = AXIS2_PLACEMENT_3D ( 'NONE', #428, #1400, #319 ) ;
#1124 = CARTESIAN_POINT ( 'NONE',  ( 4.400000000000000355, -4.400000000000000355, 1.000000000000000000 ) ) ;
#1125 = CARTESIAN_POINT ( 'NONE',  ( 19.00000000000000000, 15.59999999999999964, -19.49999999999999645 ) ) ;
#1126 = FACE_OUTER_BOUND ( 'NONE', #812, .T. ) ;
#1127 = ADVANCED_FACE ( 'NONE', ( #758 ), #1255, .T. ) ;
#1128 = AXIS2_PLACEMENT_3D ( 'NONE', #144, #621, #502 ) ;
#1129 = CARTESIAN_POINT ( 'NONE',  ( -1.422849576022801710, -4.163783359747646351, -0.4850031937487919720 ) ) ;
#1130 = VERTEX_POINT ( 'NONE', #381 ) ;
#1131 = LINE ( 'NONE', #1148, #792 ) ;
#1132 = CC_DESIGN_APPROVAL ( #208, ( #624 ) ) ;
#1133 = ORIENTED_EDGE ( 'NONE', *, *, #221, .F. ) ;
#1134 = CIRCLE ( 'NONE', #1277, 1.000000000000000888 ) ;
#1135 = CARTESIAN_POINT ( 'NONE',  ( 19.00000000000000000, 15.59999999999999964, 19.50000000000000355 ) ) ;
#1136 = CYLINDRICAL_SURFACE ( 'NONE', #1205, 4.400000000000000355 ) ;
#1137 = CARTESIAN_POINT ( 'NONE',  ( 15.00000000000000000, -2.900000000000015010, 21.00000000000000000 ) ) ;
#1138 = EDGE_CURVE ( 'NONE', #268, #77, #375, .T. ) ;
#1139 = EDGE_CURVE ( 'NONE', #1322, #772, #196, .T. ) ;
#1140 = ORIENTED_EDGE ( 'NONE', *, *, #1533, .T. ) ;
#1141 = DIRECTION ( 'NONE',  ( -0.000000000000000000, 1.000000000000000000, -0.000000000000000000 ) ) ;
#1142 = ORIENTED_EDGE ( 'NONE', *, *, #182, .F. ) ;
#1143 = DIRECTION ( 'NONE',  ( -0.000000000000000000, 1.000000000000000000, 0.000000000000000000 ) ) ;
#1144 = EDGE_CURVE ( 'NONE', #1035, #69, #455, .T. ) ;
#1145 = CARTESIAN_POINT ( 'NONE',  ( 19.00000000000000000, -2.900000000000015010, 22.00000000000000355 ) ) ;
#1146 = CARTESIAN_POINT ( 'NONE',  ( 15.00000000000000000, -4.400000000000000355, 4.250000000000000888 ) ) ;
#1147 = ORIENTED_EDGE ( 'NONE', *, *, #1345, .F. ) ;
#1148 = CARTESIAN_POINT ( 'NONE',  ( -4.400000000000001243, 14.09999999999999076, -20.00000000000000711 ) ) ;
#1149 = EDGE_LOOP ( 'NONE', ( #1542, #1017 ) ) ;
#1150 = VECTOR ( 'NONE', #795, 1000.000000000000000 ) ;
#1151 = CARTESIAN_POINT ( 'NONE',  ( 20.00000000000000000, 0.000000000000000000, -16.67157287525380482 ) ) ;
#1152 = DIRECTION ( 'NONE',  ( -1.000000000000000000, -0.000000000000000000, -0.000000000000000000 ) ) ;
#1153 = CARTESIAN_POINT ( 'NONE',  ( -0.3955187827510400767, 4.385972480655630612, -1.460078984152933357 ) ) ;
#1154 = CARTESIAN_POINT ( 'NONE',  ( 17.00000000000000000, 1.428427124746189047, -22.50000000000000000 ) ) ;
#1155 = ORIENTED_EDGE ( 'NONE', *, *, #1507, .F. ) ;
#1156 = CARTESIAN_POINT ( 'NONE',  ( 17.75959179422654444, -0.9614494731290824658, 19.06144947312908045 ) ) ;
#1157 = VECTOR ( 'NONE', #1233, 1000.000000000000000 ) ;
#1158 = EDGE_LOOP ( 'NONE', ( #757, #1217, #483, #578, #750, #1231, #1381, #820, #1485, #167, #1108, #802 ) ) ;
#1159 = CARTESIAN_POINT ( 'NONE',  ( 0.000000000000000000, -4.400000000000000355, 1.500000000000000222 ) ) ;
#1160 = CIRCLE ( 'NONE', #1128, 1.000000000000000888 ) ;
#1161 = ADVANCED_FACE ( 'NONE', ( #23 ), #742, .F. ) ;
#1162 = CARTESIAN_POINT ( 'NONE',  ( 19.00000000000000000, 0.000000000000000000, 0.000000000000000000 ) ) ;
#1163 = EDGE_CURVE ( 'NONE', #1184, #1, #1134, .T. ) ;
#1164 = DIRECTION ( 'NONE',  ( 0.000000000000000000, 1.000000000000000000, 0.000000000000000000 ) ) ;
#1165 = CARTESIAN_POINT ( 'NONE',  ( 15.00000000000000000, 14.09999999999999076, -22.00000000000001066 ) ) ;
#1166 = VERTEX_POINT ( 'NONE', #485 ) ;
#1167 = CARTESIAN_POINT ( 'NONE',  ( 15.00000000000000178, 15.59999999999999964, -12.50000000000000000 ) ) ;
#1168 = ORIENTED_EDGE ( 'NONE', *, *, #406, .F. ) ;
#1169 = CARTESIAN_POINT ( 'NONE',  ( 15.00000000000000000, -2.899999999999992806, -21.00000000000001421 ) ) ;
#1170 = DIRECTION ( 'NONE',  ( -1.000000000000000000, 0.000000000000000000, 0.000000000000000000 ) ) ;
#1171 = DIRECTION ( 'NONE',  ( 0.000000000000000000, 0.000000000000000000, -1.000000000000000000 ) ) ;
#1172 = CARTESIAN_POINT ( 'NONE',  ( -0.9920408146504391400, -4.287291835029595433, 1.129294695486615208 ) ) ;
#1173 = VERTEX_POINT ( 'NONE', #128 ) ;
#1174 = EDGE_LOOP ( 'NONE', ( #1147, #52, #145, #602, #725, #1454, #143, #895 ) ) ;
#1175 = LINE ( 'NONE', #921, #1216 ) ;
#1176 = CARTESIAN_POINT ( 'NONE',  ( 0.000000000000000000, 4.400000000000000355, 4.250000000000000888 ) ) ;
#1177 = VECTOR ( 'NONE', #1516, 1000.000000000000000 ) ;
#1178 = AXIS2_PLACEMENT_3D ( 'NONE', #324, #687, #1186 ) ;
#1179 = LINE ( 'NONE', #91, #1094 ) ;
#1180 = DIRECTION ( 'NONE',  ( 1.000000000000000000, -0.000000000000000000, -0.000000000000000000 ) ) ;
#1181 = CARTESIAN_POINT ( 'NONE',  ( 4.400000000000000355, -4.400000000000000355, 1.000000000000000000 ) ) ;
#1182 = EDGE_CURVE ( 'NONE', #800, #911, #253, .T. ) ;
#1183 = CARTESIAN_POINT ( 'NONE',  ( 17.00000000000000000, -4.400000000000000355, 16.67157287525381193 ) ) ;
#1184 = VERTEX_POINT ( 'NONE', #1475 ) ;
#1185 = AXIS2_PLACEMENT_3D ( 'NONE', #744, #153, #1368 ) ;
#1186 = DIRECTION ( 'NONE',  ( 1.000000000000000000, 0.000000000000000000, 0.000000000000000000 ) ) ;
#1187 = CARTESIAN_POINT ( 'NONE',  ( 19.00000000000000000, -4.400000000000000355, 19.50000000000000355 ) ) ;
#1188 = DIRECTION ( 'NONE',  ( 0.000000000000000000, 0.000000000000000000, -1.000000000000000000 ) ) ;
#1189 = VECTOR ( 'NONE', #35, 1000.000000000000000 ) ;
#1190 = CARTESIAN_POINT ( 'NONE',  ( -0.9916811187087140045, -4.287383958860679911, -1.129675495238097405 ) ) ;
#1191 = ADVANCED_FACE ( 'NONE', ( #853, #7, #1340, #358, #726 ), #492, .T. ) ;
#1192 = ORIENTED_EDGE ( 'NONE', *, *, #481, .F. ) ;
#1193 = ORIENTED_EDGE ( 'NONE', *, *, #310, .F. ) ;
#1194 = CARTESIAN_POINT ( 'NONE',  ( -4.400000000000001243, -2.899999999999992806, -20.00000000000001421 ) ) ;
#1195 = PLANE ( 'NONE',  #1024 ) ;
#1196 = DIRECTION ( 'NONE',  ( 0.000000000000000000, -0.000000000000000000, -1.000000000000000000 ) ) ;
#1197 = B_SPLINE_CURVE_WITH_KNOTS ( 'NONE', 3,
 ( #1055, #1543, #116, #470, #1422, #216, #1190, #576, #164, #1129, #918, #388, #685, #507, #635, #405, #1380, #1172, #45, #995, #883, #83, #292, #791, #1011, #798 ),
 .UNSPECIFIED., .F., .F.,
 ( 4, 2, 2, 2, 2, 2, 2, 2, 2, 2, 2, 2, 4 ),
 ( 0.004725384360257747253, 0.005315910446413467903, 0.005611173489491328228, 0.005906436532569188554, 0.006496962618724908337, 0.006792225661802769529, 0.007087488704880629854, 0.007678014791036350505, 0.008268540877192070288, 0.008563803920269931480, 0.008859066963347792673, 0.009154330006425653865, 0.009449593049503513323 ),
 .UNSPECIFIED. ) ;
#1198 = MECHANICAL_CONTEXT ( 'NONE', #1225, 'mechanical' ) ;
#1199 = ORIENTED_EDGE ( 'NONE', *, *, #497, .T. ) ;
#1200 = EDGE_LOOP ( 'NONE', ( #1324, #953, #356, #516 ) ) ;
#1201 = VERTEX_POINT ( 'NONE', #1210 ) ;
#1202 = EDGE_CURVE ( 'NONE', #407, #686, #522, .T. ) ;
#1203 = LINE ( 'NONE', #840, #1028 ) ;
#1204 = DIRECTION ( 'NONE',  ( 0.000000000000000000, -0.000000000000000000, 1.000000000000000000 ) ) ;
#1205 = AXIS2_PLACEMENT_3D ( 'NONE', #530, #1498, #412 ) ;
#1206 = CARTESIAN_POINT ( 'NONE',  ( 4.400000000000000355, 5.388445916248354013E-16, 4.250000000000000888 ) ) ;
#1207 = AXIS2_PLACEMENT_3D ( 'NONE', #81, #1030, #781 ) ;
#1208 = ORIENTED_EDGE ( 'NONE', *, *, #1483, .F. ) ;
#1209 = ORIENTED_EDGE ( 'NONE', *, *, #631, .T. ) ;
#1210 = CARTESIAN_POINT ( 'NONE',  ( 15.00000000000000000, 15.59999999999999964, -22.50000000000000000 ) ) ;
#1211 = CYLINDRICAL_SURFACE ( 'NONE', #1361, 1.000000000000000888 ) ;
#1212 = CIRCLE ( 'NONE', #1336, 1.000000000000000888 ) ;
#1213 = DIRECTION ( 'NONE',  ( -1.000000000000000000, 0.000000000000000000, -0.000000000000000000 ) ) ;
#1214 = EDGE_CURVE ( 'NONE', #350, #1130, #595, .T. ) ;
#1215 = FACE_OUTER_BOUND ( 'NONE', #472, .T. ) ;
#1216 = VECTOR ( 'NONE', #185, 1000.000000000000000 ) ;
#1217 = ORIENTED_EDGE ( 'NONE', *, *, #1091, .T. ) ;
#1218 = DIRECTION ( 'NONE',  ( 0.000000000000000000, 0.000000000000000000, -1.000000000000000000 ) ) ;
#1219 = ORIENTED_EDGE ( 'NONE', *, *, #1139, .F. ) ;
#1220 = PLANE ( 'NONE',  #220 ) ;
#1221 = DIRECTION ( 'NONE',  ( 1.000000000000000000, -0.000000000000000000, -0.000000000000000000 ) ) ;
#1222 = ORIENTED_EDGE ( 'NONE', *, *, #811, .F. ) ;
#1223 = DIRECTION ( 'NONE',  ( 0.000000000000000000, 0.000000000000000000, 1.000000000000000000 ) ) ;
#1224 = FACE_OUTER_BOUND ( 'NONE', #1316, .T. ) ;
#1225 = APPLICATION_CONTEXT ( 'configuration controlled 3d designs of mechanical parts and assemblies' ) ;
#1226 = DIRECTION ( 'NONE',  ( 0.000000000000000000, 0.000000000000000000, 1.000000000000000000 ) ) ;
#1227 = SECURITY_CLASSIFICATION_LEVEL ( 'unclassified' ) ;
#1228 = VECTOR ( 'NONE', #248, 1000.000000000000000 ) ;
#1229 = ADVANCED_FACE ( 'NONE', ( #1460 ), #1445, .F. ) ;
#1230 = EDGE_CURVE ( 'NONE', #420, #189, #244, .T. ) ;
#1231 = ORIENTED_EDGE ( 'NONE', *, *, #1566, .F. ) ;
#1232 = DIRECTION ( 'NONE',  ( 1.000000000000000000, -0.000000000000000000, -0.000000000000000000 ) ) ;
#1233 = DIRECTION ( 'NONE',  ( 0.000000000000000000, 0.000000000000000000, -1.000000000000000000 ) ) ;
#1234 = LINE ( 'NONE', #148, #609 ) ;
#1235 = APPROVAL_ROLE ( '' ) ;
#1236 = VECTOR ( 'NONE', #655, 1000.000000000000000 ) ;
#1237 = EDGE_CURVE ( 'NONE', #1297, #1173, #41, .T. ) ;
#1238 = VECTOR ( 'NONE', #1004, 1000.000000000000000 ) ;
#1239 = ORIENTED_EDGE ( 'NONE', *, *, #777, .T. ) ;
#1240 = DIRECTION ( 'NONE',  ( 0.000000000000000000, 0.000000000000000000, 1.000000000000000000 ) ) ;
#1241 = VERTEX_POINT ( 'NONE', #1102 ) ;
#1242 = FACE_OUTER_BOUND ( 'NONE', #1373, .T. ) ;
#1243 = CYLINDRICAL_SURFACE ( 'NONE', #583, 2.999999999999999112 ) ;
#1244 = CARTESIAN_POINT ( 'NONE',  ( -4.400000000000001243, -2.899999999999992806, -22.00000000000001776 ) ) ;
#1245 = EDGE_LOOP ( 'NONE', ( #1193, #1535 ) ) ;
#1246 = FACE_BOUND ( 'NONE', #441, .T. ) ;
#1247 = DIRECTION ( 'NONE',  ( 0.000000000000000000, -1.000000000000000000, 0.000000000000000000 ) ) ;
#1248 = ADVANCED_FACE ( 'NONE', ( #628 ), #1348, .F. ) ;
#1249 = DIRECTION ( 'NONE',  ( 1.000000000000000000, -0.000000000000000000, -0.000000000000000000 ) ) ;
#1250 = ORIENTED_EDGE ( 'NONE', *, *, #525, .T. ) ;
#1251 = AXIS2_PLACEMENT_3D ( 'NONE', #913, #1298, #787 ) ;
#1252 = CARTESIAN_POINT ( 'NONE',  ( 4.400000000000000355, 5.388445916248354013E-16, 7.500000000000000000 ) ) ;
#1253 = EDGE_CURVE ( 'NONE', #653, #674, #1160, .T. ) ;
#1254 = ORIENTED_EDGE ( 'NONE', *, *, #1139, .T. ) ;
#1255 = PLANE ( 'NONE',  #673 ) ;
#1256 = DIRECTION ( 'NONE',  ( 0.000000000000000000, 1.000000000000000000, 0.000000000000000000 ) ) ;
#1257 = EDGE_CURVE ( 'NONE', #38, #236, #988, .T. ) ;
#1258 = AXIS2_PLACEMENT_3D ( 'NONE', #998, #390, #871 ) ;
#1259 = ORIENTED_EDGE ( 'NONE', *, *, #1278, .T. ) ;
#1260 = FACE_OUTER_BOUND ( 'NONE', #1521, .T. ) ;
#1261 = LOCAL_TIME ( 18, 45, 52.00000000000000000, #643 ) ;
#1262 = CARTESIAN_POINT ( 'NONE',  ( 0.000000000000000000, 0.000000000000000000, -7.500000000000000000 ) ) ;
#1263 = DIRECTION ( 'NONE',  ( -0.000000000000000000, -0.000000000000000000, 1.000000000000000000 ) ) ;
#1264 = ORIENTED_EDGE ( 'NONE', *, *, #1138, .F. ) ;
#1265 = EDGE_LOOP ( 'NONE', ( #1120, #862, #956, #341 ) ) ;
#1266 = CARTESIAN_POINT ( 'NONE',  ( 15.00000000000000178, 15.59999999999999964, 12.50000000000000000 ) ) ;
#1267 = CARTESIAN_POINT ( 'NONE',  ( 15.00000000000000178, 9.599999999999999645, 12.50000000000000000 ) ) ;
#1268 = CARTESIAN_POINT ( 'NONE',  ( -1.500049732977007499, 4.136405541217623494, -0.09792418136682939922 ) ) ;
#1269 = LINE ( 'NONE', #186, #1449 ) ;
#1270 = ORIENTED_EDGE ( 'NONE', *, *, #1455, .T. ) ;
#1271 = EDGE_CURVE ( 'NONE', #1322, #79, #1550, .T. ) ;
#1272 = DIRECTION ( 'NONE',  ( 0.000000000000000000, 1.000000000000000000, 0.000000000000000000 ) ) ;
#1273 = CARTESIAN_POINT ( 'NONE',  ( 17.00000000000000000, 15.59999999999999964, -12.50000000000000000 ) ) ;
#1274 = DIRECTION ( 'NONE',  ( -1.000000000000000000, 0.000000000000000000, -0.000000000000000000 ) ) ;
#1275 = CARTESIAN_POINT ( 'NONE',  ( 19.00000000000000000, 14.09999999999999076, -21.00000000000000711 ) ) ;
#1276 = CARTESIAN_POINT ( 'NONE',  ( 19.00000000000000000, 15.59999999999999964, 22.50000000000000000 ) ) ;
#1277 = AXIS2_PLACEMENT_3D ( 'NONE', #1090, #603, #1240 ) ;
#1278 = EDGE_CURVE ( 'NONE', #547, #38, #1063, .T. ) ;
#1279 = VERTEX_POINT ( 'NONE', #698 ) ;
#1280 = CC_DESIGN_PERSON_AND_ORGANIZATION_ASSIGNMENT ( #986, #1352, ( #616 ) ) ;
#1281 = CARTESIAN_POINT ( 'NONE',  ( 17.00000000000000000, 15.59999999999999964, 16.67157287525381193 ) ) ;
#1282 = AXIS2_PLACEMENT_3D ( 'NONE', #733, #1232, #1467 ) ;
#1283 = CARTESIAN_POINT ( 'NONE',  ( -1.499899958165493041, 4.136459854365352129, 0.1981249663676243056 ) ) ;
#1284 = DIRECTION ( 'NONE',  ( 0.000000000000000000, 0.000000000000000000, 1.000000000000000000 ) ) ;
#1285 = LINE ( 'NONE', #876, #299 ) ;
#1286 = ORIENTED_EDGE ( 'NONE', *, *, #1230, .T. ) ;
#1287 = DIRECTION ( 'NONE',  ( 0.000000000000000000, 0.000000000000000000, 1.000000000000000000 ) ) ;
#1288 = FACE_OUTER_BOUND ( 'NONE', #1355, .T. ) ;
#1289 = CARTESIAN_POINT ( 'NONE',  ( -1.422831719471118861, 4.163790578287571265, -0.4851035083914855828 ) ) ;
#1290 = EDGE_CURVE ( 'NONE', #50, #69, #955, .T. ) ;
#1291 = CARTESIAN_POINT ( 'NONE',  ( 19.00000000000000000, -4.400000000000000355, 22.50000000000000000 ) ) ;
#1292 = EDGE_CURVE ( 'NONE', #627, #898, #832, .T. ) ;
#1293 = CYLINDRICAL_SURFACE ( 'NONE', #219, 2.999999999999999112 ) ;
#1294 = CARTESIAN_POINT ( 'NONE',  ( 0.000000000000000000, 4.400000000000000355, 1.500000000000000222 ) ) ;
#1295 =( NAMED_UNIT ( * ) SI_UNIT ( $, .STERADIAN. ) SOLID_ANGLE_UNIT ( ) );
#1296 = PLANE ( 'NONE',  #1359 ) ;
#1297 = VERTEX_POINT ( 'NONE', #108 ) ;
#1298 = DIRECTION ( 'NONE',  ( 1.000000000000000000, 0.000000000000000000, 0.000000000000000000 ) ) ;
#1299 = B_SPLINE_CURVE_WITH_KNOTS ( 'NONE', 3,
 ( #1294, #1047, #417, #321, #679, #209, #1387, #543, #660, #924, #1283, #1268, #933, #73, #1289, #788, #1540, #325, #1038, #1052, #1407, #1153, #312, #66 ),
 .UNSPECIFIED., .F., .F.,
 ( 4, 2, 2, 2, 2, 2, 2, 2, 2, 2, 2, 4 ),
 ( 0.000000000000000000, 0.0002953365225161094744, 0.0005906730450322189487, 0.001181346090064437681, 0.001772019135096656196, 0.002362692180128874494, 0.002658028702644984077, 0.002953365225161093659, 0.003544038270193312391, 0.003839374792709421107, 0.004134711315225530689, 0.004725384360257747253 ),
 .UNSPECIFIED. ) ;
#1300 = VECTOR ( 'NONE', #333, 1000.000000000000000 ) ;
#1301 = AXIS2_PLACEMENT_3D ( 'NONE', #767, #403, #1033 ) ;
#1302 = DIRECTION ( 'NONE',  ( 1.000000000000000000, 0.000000000000000000, 0.000000000000000000 ) ) ;
#1303 =( NAMED_UNIT ( * ) PLANE_ANGLE_UNIT ( ) SI_UNIT ( $, .RADIAN. ) );
#1304 = EDGE_CURVE ( 'NONE', #236, #430, #1313, .T. ) ;
#1305 = APPLICATION_CONTEXT ( 'configuration controlled 3d designs of mechanical parts and assemblies' ) ;
#1306 = CARTESIAN_POINT ( 'NONE',  ( 15.00000000000000000, -4.400000000000000355, -22.50000000000000000 ) ) ;
#1307 = CARTESIAN_POINT ( 'NONE',  ( 0.000000000000000000, 0.000000000000000000, 4.250000000000000888 ) ) ;
#1308 = VERTEX_POINT ( 'NONE', #1331 ) ;
#1309 = VECTOR ( 'NONE', #376, 1000.000000000000000 ) ;
#1310 = PLANE ( 'NONE',  #1472 ) ;
#1311 = CARTESIAN_POINT ( 'NONE',  ( 19.00000000000000000, 0.000000000000000000, 0.000000000000000000 ) ) ;
#1312 = CIRCLE ( 'NONE', #422, 1.000000000000000888 ) ;
#1313 = LINE ( 'NONE', #353, #568 ) ;
#1314 = ORIENTED_EDGE ( 'NONE', *, *, #132, .F. ) ;
#1315 = ORIENTED_EDGE ( 'NONE', *, *, #1041, .T. ) ;
#1316 = EDGE_LOOP ( 'NONE', ( #474, #1388, #48, #1270, #1103, #582, #893, #294 ) ) ;
#1317 = ORIENTED_EDGE ( 'NONE', *, *, #952, .F. ) ;
#1318 = CARTESIAN_POINT ( 'NONE',  ( 19.00000000000000000, -1.400000000000005906, 22.50000000000000000 ) ) ;
#1319 = FACE_OUTER_BOUND ( 'NONE', #150, .T. ) ;
#1320 = CARTESIAN_POINT ( 'NONE',  ( -4.400000000000001243, 14.09999999999998543, 22.00000000000001066 ) ) ;
#1321 = CARTESIAN_POINT ( 'NONE',  ( 0.000000000000000000, 0.000000000000000000, 0.000000000000000000 ) ) ;
#1322 = VERTEX_POINT ( 'NONE', #240 ) ;
#1323 =( BOUNDED_CURVE ( )  B_SPLINE_CURVE ( 3, ( #666, #1020, #1156, #658 ),
 .UNSPECIFIED., .F., .T. ) 
 B_SPLINE_CURVE_WITH_KNOTS ( ( 4, 4 ),
 ( 1.570796326794896780, 2.801755744135672188 ),
 .UNSPECIFIED. ) 
 CURVE ( )  GEOMETRIC_REPRESENTATION_ITEM ( )  RATIONAL_B_SPLINE_CURVE ( ( 1.000000000000000000, 0.8776643872851505046, 0.8776643872851505046, 1.000000000000000000 ) ) 
 REPRESENTATION_ITEM ( '' )  );
#1324 = ORIENTED_EDGE ( 'NONE', *, *, #43, .F. ) ;
#1325 = EDGE_CURVE ( 'NONE', #435, #965, #362, .T. ) ;
#1326 = EDGE_CURVE ( 'NONE', #50, #1166, #1068, .T. ) ;
#1327 = ORIENTED_EDGE ( 'NONE', *, *, #848, .T. ) ;
#1328 = CARTESIAN_POINT ( 'NONE',  ( -4.400000000000000355, 0.000000000000000000, 7.500000000000000000 ) ) ;
#1329 = LINE ( 'NONE', #239, #210 ) ;
#1330 = VECTOR ( 'NONE', #1051, 1000.000000000000000 ) ;
#1331 = CARTESIAN_POINT ( 'NONE',  ( 15.00000000000000178, 15.59999999999999964, -12.50000000000000000 ) ) ;
#1332 = APPROVAL_STATUS ( 'not_yet_approved' ) ;
#1333 = DIRECTION ( 'NONE',  ( 0.000000000000000000, 1.156482317317871725E-15, -1.000000000000000000 ) ) ;
#1334 = ORIENTED_EDGE ( 'NONE', *, *, #1230, .F. ) ;
#1335 = DIRECTION ( 'NONE',  ( 0.000000000000000000, 1.445602896647337931E-16, -1.000000000000000000 ) ) ;
#1336 = AXIS2_PLACEMENT_3D ( 'NONE', #646, #70, #1014 ) ;
#1337 = CARTESIAN_POINT ( 'NONE',  ( 0.000000000000000000, -4.400000000000000355, 0.000000000000000000 ) ) ;
#1338 = FACE_OUTER_BOUND ( 'NONE', #1114, .T. ) ;
#1339 = VERTEX_POINT ( 'NONE', #230 ) ;
#1340 = FACE_BOUND ( 'NONE', #1149, .T. ) ;
#1341 = CARTESIAN_POINT ( 'NONE',  ( 17.00000000000000000, 9.771572875253809798, 22.50000000000000000 ) ) ;
#1342 = FACE_BOUND ( 'NONE', #1347, .T. ) ;
#1343 = EDGE_CURVE ( 'NONE', #1503, #181, #945, .T. ) ;
#1344 = PERSON_AND_ORGANIZATION_ROLE ( 'design_supplier' ) ;
#1345 = EDGE_CURVE ( 'NONE', #1573, #987, #1450, .T. ) ;
#1346 = EDGE_CURVE ( 'NONE', #880, #772, #569, .T. ) ;
#1347 = EDGE_LOOP ( 'NONE', ( #1066, #152 ) ) ;
#1348 = CYLINDRICAL_SURFACE ( 'NONE', #1282, 1.000000000000000888 ) ;
#1349 = CARTESIAN_POINT ( 'NONE',  ( 19.00000000000000000, 15.59999999999999964, -22.50000000000000000 ) ) ;
#1350 = DIRECTION ( 'NONE',  ( -0.000000000000000000, 1.000000000000000000, -0.000000000000000000 ) ) ;
#1351 = ADVANCED_FACE ( 'NONE', ( #1215 ), #125, .F. ) ;
#1352 = PERSON_AND_ORGANIZATION_ROLE ( 'creator' ) ;
#1353 = AXIS2_PLACEMENT_3D ( 'NONE', #402, #753, #40 ) ;
#1354 = ORIENTED_EDGE ( 'NONE', *, *, #1462, .T. ) ;
#1355 = EDGE_LOOP ( 'NONE', ( #1155, #1025, #620, #1222 ) ) ;
#1356 = DIRECTION ( 'NONE',  ( 0.000000000000000000, 0.000000000000000000, 1.000000000000000000 ) ) ;
#1357 = ORIENTED_EDGE ( 'NONE', *, *, #348, .T. ) ;
#1358 = DIRECTION ( 'NONE',  ( 0.000000000000000000, 0.000000000000000000, 1.000000000000000000 ) ) ;
#1359 = AXIS2_PLACEMENT_3D ( 'NONE', #205, #780, #80 ) ;
#1360 = LINE ( 'NONE', #1244, #707 ) ;
#1361 = AXIS2_PLACEMENT_3D ( 'NONE', #468, #1463, #1434 ) ;
#1362 = VECTOR ( 'NONE', #53, 1000.000000000000000 ) ;
#1363 = CIRCLE ( 'NONE', #1106, 2.999999999999999112 ) ;
#1364 = ADVANCED_FACE ( 'NONE', ( #1338 ), #1076, .F. ) ;
#1365 = ORIENTED_EDGE ( 'NONE', *, *, #1112, .F. ) ;
#1366 = CARTESIAN_POINT ( 'NONE',  ( 19.00000000000000000, -1.400000000000001021, -19.49999999999999645 ) ) ;
#1367 = ORIENTED_EDGE ( 'NONE', *, *, #142, .T. ) ;
#1368 = DIRECTION ( 'NONE',  ( -0.000000000000000000, 0.000000000000000000, -1.000000000000000000 ) ) ;
#1369 = ORIENTED_EDGE ( 'NONE', *, *, #839, .F. ) ;
#1370 = CARTESIAN_POINT ( 'NONE',  ( 19.00000000000000000, -4.400000000000000355, -22.50000000000000000 ) ) ;
#1371 = VERTEX_POINT ( 'NONE', #1569 ) ;
#1372 = CARTESIAN_POINT ( 'NONE',  ( 4.400000000000001243, 4.400000000000000355, 4.250000000000000888 ) ) ;
#1373 = EDGE_LOOP ( 'NONE', ( #1476, #1466, #1433, #1444, #1013, #1487 ) ) ;
#1374 = DIRECTION ( 'NONE',  ( 0.000000000000000000, -0.000000000000000000, -1.000000000000000000 ) ) ;
#1375 = EDGE_CURVE ( 'NONE', #674, #718, #251, .T. ) ;
#1376 = CARTESIAN_POINT ( 'NONE',  ( 19.00000000000000000, 12.59999999999999964, 19.50000000000000000 ) ) ;
#1377 = DIRECTION ( 'NONE',  ( 1.000000000000000000, -0.000000000000000000, -0.000000000000000000 ) ) ;
#1378 = VECTOR ( 'NONE', #1383, 1000.000000000000000 ) ;
#1379 = CIRCLE ( 'NONE', #11, 1.000000000000000888 ) ;
#1380 = CARTESIAN_POINT ( 'NONE',  ( -1.198250176303861103, -4.236066753671702045, 0.9230397953142740475 ) ) ;
#1381 = ORIENTED_EDGE ( 'NONE', *, *, #909, .F. ) ;
#1382 = CARTESIAN_POINT ( 'NONE',  ( 19.00000000000000000, -1.400000000000003908, -2.023844055306278723E-16 ) ) ;
#1383 = DIRECTION ( 'NONE',  ( -0.000000000000000000, 1.000000000000000000, -0.000000000000000000 ) ) ;
#1384 = CARTESIAN_POINT ( 'NONE',  ( 15.00000000000000000, 4.400000000000000355, 4.250000000000000888 ) ) ;
#1385 = VERTEX_POINT ( 'NONE', #1306 ) ;
#1386 = AXIS2_PLACEMENT_3D ( 'NONE', #401, #1358, #271 ) ;
#1387 = CARTESIAN_POINT ( 'NONE',  ( -0.9239491057700708332, 4.304219471046565104, 1.197498384087320122 ) ) ;
#1388 = ORIENTED_EDGE ( 'NONE', *, *, #942, .T. ) ;
#1389 = LINE ( 'NONE', #548, #365 ) ;
#1390 = VECTOR ( 'NONE', #662, 1000.000000000000000 ) ;
#1391 = DIRECTION ( 'NONE',  ( 0.000000000000000000, 0.000000000000000000, 1.000000000000000000 ) ) ;
#1392 = CARTESIAN_POINT ( 'NONE',  ( 20.00000000000000000, -4.400000000000000355, -16.67157287525380482 ) ) ;
#1393 = LINE ( 'NONE', #76, #1390 ) ;
#1394 = ORIENTED_EDGE ( 'NONE', *, *, #278, .F. ) ;
#1395 = EDGE_CURVE ( 'NONE', #252, #629, #92, .T. ) ;
#1396 = VERTEX_POINT ( 'NONE', #1206 ) ;
#1397 = LINE ( 'NONE', #184, #873 ) ;
#1398 = DIRECTION ( 'NONE',  ( -1.000000000000000000, 0.000000000000000000, 0.000000000000000000 ) ) ;
#1399 = DIRECTION ( 'NONE',  ( 0.000000000000000000, -1.445602896647337931E-16, 1.000000000000000000 ) ) ;
#1400 = DIRECTION ( 'NONE',  ( 0.000000000000000000, 0.000000000000000000, -1.000000000000000000 ) ) ;
#1401 = EDGE_CURVE ( 'NONE', #420, #510, #1197, .T. ) ;
#1402 = ORIENTED_EDGE ( 'NONE', *, *, #386, .T. ) ;
#1403 = LINE ( 'NONE', #749, #667 ) ;
#1404 = VECTOR ( 'NONE', #1428, 1000.000000000000000 ) ;
#1405 = AXIS2_PLACEMENT_3D ( 'NONE', #967, #1105, #1213 ) ;
#1406 = DIRECTION ( 'NONE',  ( -1.000000000000000000, 0.000000000000000000, 0.000000000000000000 ) ) ;
#1407 = CARTESIAN_POINT ( 'NONE',  ( -0.6664366893034520123, 4.350190750564231656, -1.347378408621304535 ) ) ;
#1408 = PLANE ( 'NONE',  #914 ) ;
#1409 = LINE ( 'NONE', #1252, #1189 ) ;
#1410 = ORIENTED_EDGE ( 'NONE', *, *, #1088, .T. ) ;
#1411 = EDGE_CURVE ( 'NONE', #1092, #1559, #1285, .T. ) ;
#1412 = LINE ( 'NONE', #1426, #1177 ) ;
#1413 = CIRCLE ( 'NONE', #170, 2.999999999999999112 ) ;
#1414 = CARTESIAN_POINT ( 'NONE',  ( 19.00000000000000000, -1.400000000000000577, -22.50000000000000000 ) ) ;
#1415 = DIRECTION ( 'NONE',  ( -0.000000000000000000, 0.000000000000000000, 1.000000000000000000 ) ) ;
#1416 = DIRECTION ( 'NONE',  ( 0.000000000000000000, 0.000000000000000000, -1.000000000000000000 ) ) ;
#1417 = VERTEX_POINT ( 'NONE', #762 ) ;
#1418 = EDGE_CURVE ( 'NONE', #1297, #1396, #1409, .T. ) ;
#1419 = CARTESIAN_POINT ( 'NONE',  ( 15.00000000000000000, -4.400000000000000355, 22.50000000000000000 ) ) ;
#1420 = CARTESIAN_POINT ( 'NONE',  ( 17.00000000000000000, 15.59999999999999964, 12.50000000000000000 ) ) ;
#1421 = CARTESIAN_POINT ( 'NONE',  ( 0.000000000000000000, -4.400000000000000355, 4.250000000000000888 ) ) ;
#1422 = CARTESIAN_POINT ( 'NONE',  ( -0.7547150508576483396, -4.335573965098607374, -1.299963381809736918 ) ) ;
#1423 = DIRECTION ( 'NONE',  ( 1.000000000000000000, 0.000000000000000000, 0.000000000000000000 ) ) ;
#1424 = ORIENTED_EDGE ( 'NONE', *, *, #1253, .T. ) ;
#1425 = ORIENTED_EDGE ( 'NONE', *, *, #839, .T. ) ;
#1426 = CARTESIAN_POINT ( 'NONE',  ( 15.00000000000000000, 15.59999999999999964, 22.50000000000000000 ) ) ;
#1427 = VECTOR ( 'NONE', #345, 1000.000000000000000 ) ;
#1428 = DIRECTION ( 'NONE',  ( -1.000000000000000000, -0.000000000000000000, -0.000000000000000000 ) ) ;
#1429 = DIRECTION ( 'NONE',  ( 1.000000000000000000, 0.000000000000000000, 0.000000000000000000 ) ) ;
#1430 = ORIENTED_EDGE ( 'NONE', *, *, #1304, .T. ) ;
#1431 = ORIENTED_EDGE ( 'NONE', *, *, #701, .T. ) ;
#1432 = AXIS2_PLACEMENT_3D ( 'NONE', #977, #495, #360 ) ;
#1433 = ORIENTED_EDGE ( 'NONE', *, *, #1455, .F. ) ;
#1434 = DIRECTION ( 'NONE',  ( 0.000000000000000000, 0.000000000000000000, -1.000000000000000000 ) ) ;
#1435 = EDGE_LOOP ( 'NONE', ( #486, #1537, #416, #1264 ) ) ;
#1436 = DIRECTION ( 'NONE',  ( -1.000000000000000000, -0.000000000000000000, -0.000000000000000000 ) ) ;
#1437 = ADVANCED_FACE ( 'NONE', ( #869 ), #756, .F. ) ;
#1438 = VERTEX_POINT ( 'NONE', #1473 ) ;
#1439 = VERTEX_POINT ( 'NONE', #276 ) ;
#1440 = EDGE_LOOP ( 'NONE', ( #905, #409 ) ) ;
#1441 = CARTESIAN_POINT ( 'NONE',  ( 15.00000000000000178, 15.59999999999999964, 12.50000000000000000 ) ) ;
#1442 = CARTESIAN_POINT ( 'NONE',  ( 4.400000000000000355, -4.400000000000000355, -1.000000000000000000 ) ) ;
#1443 = CARTESIAN_POINT ( 'NONE',  ( 4.400000000000000355, 5.388445916248354013E-16, 7.500000000000000000 ) ) ;
#1444 = ORIENTED_EDGE ( 'NONE', *, *, #363, .F. ) ;
#1445 = CYLINDRICAL_SURFACE ( 'NONE', #518, 1.500000000000000222 ) ;
#1446 = ORIENTED_EDGE ( 'NONE', *, *, #644, .F. ) ;
#1447 = LINE ( 'NONE', #114, #1157 ) ;
#1448 = CARTESIAN_POINT ( 'NONE',  ( 19.00000000000000000, 12.59999999999999964, 19.50000000000000000 ) ) ;
#1449 = VECTOR ( 'NONE', #282, 1000.000000000000000 ) ;
#1450 = LINE ( 'NONE', #807, #274 ) ;
#1451 = COORDINATED_UNIVERSAL_TIME_OFFSET ( 9, 0, .AHEAD. ) ;
#1452 = ORIENTED_EDGE ( 'NONE', *, *, #1418, .F. ) ;
#1453 = CARTESIAN_POINT ( 'NONE',  ( 0.000000000000000000, -4.400000000000000355, 4.250000000000000888 ) ) ;
#1454 = ORIENTED_EDGE ( 'NONE', *, *, #769, .F. ) ;
#1455 = EDGE_CURVE ( 'NONE', #331, #252, #515, .T. ) ;
#1456 = LINE ( 'NONE', #614, #1309 ) ;
#1457 = VECTOR ( 'NONE', #456, 1000.000000000000000 ) ;
#1458 = PLANE ( 'NONE',  #1405 ) ;
#1459 = EDGE_LOOP ( 'NONE', ( #330, #1357, #1562, #741 ) ) ;
#1460 = FACE_OUTER_BOUND ( 'NONE', #127, .T. ) ;
#1461 = ORIENTED_EDGE ( 'NONE', *, *, #1214, .F. ) ;
#1462 = EDGE_CURVE ( 'NONE', #1173, #1297, #1107, .T. ) ;
#1463 = DIRECTION ( 'NONE',  ( 1.000000000000000000, -0.000000000000000000, -0.000000000000000000 ) ) ;
#1464 = LINE ( 'NONE', #856, #1554 ) ;
#1465 = APPROVAL_DATE_TIME ( #1096, #161 ) ;
#1466 = ORIENTED_EDGE ( 'NONE', *, *, #461, .T. ) ;
#1467 = DIRECTION ( 'NONE',  ( 0.000000000000000000, 0.000000000000000000, -1.000000000000000000 ) ) ;
#1468 = VERTEX_POINT ( 'NONE', #440 ) ;
#1469 = CARTESIAN_POINT ( 'NONE',  ( 20.00000000000000000, -4.400000000000000355, 16.67157287525381193 ) ) ;
#1470 = CARTESIAN_POINT ( 'NONE',  ( 17.75959179422654444, 12.16144947312907298, 19.06144947312907689 ) ) ;
#1471 = EDGE_CURVE ( 'NONE', #1166, #1385, #396, .T. ) ;
#1472 = AXIS2_PLACEMENT_3D ( 'NONE', #1037, #318, #932 ) ;
#1473 = CARTESIAN_POINT ( 'NONE',  ( 17.00000000000000000, -4.400000000000000355, -16.67157287525380482 ) ) ;
#1474 = ORIENTED_EDGE ( 'NONE', *, *, #827, .F. ) ;
#1475 = CARTESIAN_POINT ( 'NONE',  ( 15.00000000000000000, 14.09999999999999076, -20.00000000000000711 ) ) ;
#1476 = ORIENTED_EDGE ( 'NONE', *, *, #494, .F. ) ;
#1477 = DIRECTION ( 'NONE',  ( -0.000000000000000000, 1.000000000000000000, -0.000000000000000000 ) ) ;
#1478 = UNCERTAINTY_MEASURE_WITH_UNIT (LENGTH_MEASURE( 1.000000000000000082E-05 ), #552, 'distance_accuracy_value', 'NONE');
#1479 = AXIS2_PLACEMENT_3D ( 'NONE', #177, #906, #773 ) ;
#1480 = CARTESIAN_POINT ( 'NONE',  ( 15.00000000000000000, -2.899999999999992806, -22.00000000000001776 ) ) ;
#1481 = AXIS2_PLACEMENT_3D ( 'NONE', #520, #1495, #649 ) ;
#1482 = VECTOR ( 'NONE', #705, 1000.000000000000000 ) ;
#1483 = EDGE_CURVE ( 'NONE', #755, #38, #678, .T. ) ;
#1484 = DIRECTION ( 'NONE',  ( -1.000000000000000000, 0.000000000000000000, 0.000000000000000000 ) ) ;
#1485 = ORIENTED_EDGE ( 'NONE', *, *, #523, .T. ) ;
#1486 = DIRECTION ( 'NONE',  ( 0.000000000000000000, 0.000000000000000000, -1.000000000000000000 ) ) ;
#1487 = ORIENTED_EDGE ( 'NONE', *, *, #327, .F. ) ;
#1488 = PLANE ( 'NONE',  #1481 ) ;
#1489 = CARTESIAN_POINT ( 'NONE',  ( -4.400000000000001243, 14.09999999999999076, -22.00000000000001066 ) ) ;
#1490 = LINE ( 'NONE', #651, #818 ) ;
#1491 =( BOUNDED_CURVE ( )  B_SPLINE_CURVE ( 3, ( #1085, #3, #273, #529 ),
 .UNSPECIFIED., .F., .T. ) 
 B_SPLINE_CURVE_WITH_KNOTS ( ( 4, 4 ),
 ( 1.570796326794896558, 2.801755744135670856 ),
 .UNSPECIFIED. ) 
 CURVE ( )  GEOMETRIC_REPRESENTATION_ITEM ( )  RATIONAL_B_SPLINE_CURVE ( ( 1.000000000000000000, 0.8776643872851508377, 0.8776643872851508377, 1.000000000000000000 ) ) 
 REPRESENTATION_ITEM ( '' )  );
#1492 = ORIENTED_EDGE ( 'NONE', *, *, #890, .T. ) ;
#1493 = DIRECTION ( 'NONE',  ( 1.000000000000000000, -0.000000000000000000, 0.000000000000000000 ) ) ;
#1494 = ORIENTED_EDGE ( 'NONE', *, *, #110, .T. ) ;
#1495 = DIRECTION ( 'NONE',  ( -0.000000000000000000, 0.000000000000000000, -1.000000000000000000 ) ) ;
#1496 = PRODUCT ( 'Holder', 'Holder', '', ( #1198 ) ) ;
#1497 = DIRECTION ( 'NONE',  ( 1.000000000000000000, -0.000000000000000000, -0.000000000000000000 ) ) ;
#1498 = DIRECTION ( 'NONE',  ( -0.000000000000000000, -0.000000000000000000, -1.000000000000000000 ) ) ;
#1499 = ORIENTED_EDGE ( 'NONE', *, *, #13, .F. ) ;
#1500 = VECTOR ( 'NONE', #907, 1000.000000000000000 ) ;
#1501 = ORIENTED_EDGE ( 'NONE', *, *, #288, .F. ) ;
#1502 = ORIENTED_EDGE ( 'NONE', *, *, #182, .T. ) ;
#1503 = VERTEX_POINT ( 'NONE', #284 ) ;
#1504 = FACE_OUTER_BOUND ( 'NONE', #706, .T. ) ;
#1505 = EDGE_CURVE ( 'NONE', #1503, #1308, #927, .T. ) ;
#1506 = CARTESIAN_POINT ( 'NONE',  ( 17.00000000000000000, 9.771572875253806245, 16.67157287525380482 ) ) ;
#1507 = EDGE_CURVE ( 'NONE', #1573, #541, #1363, .T. ) ;
#1508 = ADVANCED_FACE ( 'NONE', ( #1525 ), #1293, .F. ) ;
#1509 = ORIENTED_EDGE ( 'NONE', *, *, #504, .T. ) ;
#1510 = APPROVAL_PERSON_ORGANIZATION ( #992, #208, #1235 ) ;
#1511 = VECTOR ( 'NONE', #984, 1000.000000000000000 ) ;
#1512 = ORIENTED_EDGE ( 'NONE', *, *, #1292, .T. ) ;
#1513 = CYLINDRICAL_SURFACE ( 'NONE', #980, 2.999999999999999112 ) ;
#1514 = CC_DESIGN_SECURITY_CLASSIFICATION ( #624, ( #616 ) ) ;
#1515 = DIRECTION ( 'NONE',  ( 0.000000000000000000, 0.000000000000000000, -1.000000000000000000 ) ) ;
#1516 = DIRECTION ( 'NONE',  ( -0.000000000000000000, -0.000000000000000000, 1.000000000000000000 ) ) ;
#1517 = EDGE_CURVE ( 'NONE', #1468, #1439, #1312, .T. ) ;
#1518 = LINE ( 'NONE', #1420, #1044 ) ;
#1519 = DIRECTION ( 'NONE',  ( 0.000000000000000000, 0.000000000000000000, -1.000000000000000000 ) ) ;
#1520 = DIRECTION ( 'NONE',  ( 0.000000000000000000, -1.000000000000000000, 0.000000000000000000 ) ) ;
#1521 = EDGE_LOOP ( 'NONE', ( #1019, #645, #724, #95 ) ) ;
#1522 = DIRECTION ( 'NONE',  ( 0.000000000000000000, -1.000000000000000000, 0.000000000000000000 ) ) ;
#1523 = LINE ( 'NONE', #1539, #611 ) ;
#1524 = PLANE ( 'NONE',  #1118 ) ;
#1525 = FACE_OUTER_BOUND ( 'NONE', #1435, .T. ) ;
#1526 = EDGE_CURVE ( 'NONE', #493, #880, #1490, .T. ) ;
#1527 = ORIENTED_EDGE ( 'NONE', *, *, #1182, .T. ) ;
#1528 = CIRCLE ( 'NONE', #1178, 4.400000000000000355 ) ;
#1529 = FACE_OUTER_BOUND ( 'NONE', #1551, .T. ) ;
#1530 = FACE_OUTER_BOUND ( 'NONE', #1005, .T. ) ;
#1531 = DIRECTION ( 'NONE',  ( 1.000000000000000000, 0.000000000000000000, 0.000000000000000000 ) ) ;
#1532 = DIRECTION ( 'NONE',  ( 0.000000000000000000, 0.000000000000000000, 1.000000000000000000 ) ) ;
#1533 = EDGE_CURVE ( 'NONE', #963, #316, #270, .T. ) ;
#1534 = VECTOR ( 'NONE', #691, 1000.000000000000000 ) ;
#1535 = ORIENTED_EDGE ( 'NONE', *, *, #1163, .F. ) ;
#1536 = LINE ( 'NONE', #1183, #1362 ) ;
#1537 = ORIENTED_EDGE ( 'NONE', *, *, #890, .F. ) ;
#1538 = AXIS2_PLACEMENT_3D ( 'NONE', #747, #197, #1531 ) ;
#1539 = CARTESIAN_POINT ( 'NONE',  ( 17.00000000000000000, 9.599999999999999645, 12.50000000000000000 ) ) ;
#1540 = CARTESIAN_POINT ( 'NONE',  ( -1.198286955707319912, 4.236075530479979534, -0.9231388128243777080 ) ) ;
#1541 = CARTESIAN_POINT ( 'NONE',  ( 15.00000000000000000, -4.400000000000000355, -4.249999999999999112 ) ) ;
#1542 = ORIENTED_EDGE ( 'NONE', *, *, #55, .F. ) ;
#1543 = CARTESIAN_POINT ( 'NONE',  ( -0.1967951624017553469, -4.400000000000001243, -1.500000000000000666 ) ) ;
#1544 = CYLINDRICAL_SURFACE ( 'NONE', #717, 2.999999999999999112 ) ;
#1545 = ORIENTED_EDGE ( 'NONE', *, *, #617, .F. ) ;
#1546 = DIRECTION ( 'NONE',  ( -0.000000000000000000, -0.000000000000000000, 1.000000000000000000 ) ) ;
#1547 = LINE ( 'NONE', #453, #994 ) ;
#1548 = CARTESIAN_POINT ( 'NONE',  ( 19.00000000000000000, -4.400000000000000355, 22.50000000000000000 ) ) ;
#1549 = DIRECTION ( 'NONE',  ( 1.000000000000000000, 0.000000000000000000, 0.000000000000000000 ) ) ;
#1550 = LINE ( 'NONE', #1443, #922 ) ;
#1551 = EDGE_LOOP ( 'NONE', ( #778, #389, #1474, #1527 ) ) ;
#1552 = ORIENTED_EDGE ( 'NONE', *, *, #553, .T. ) ;
#1553 = ORIENTED_EDGE ( 'NONE', *, *, #868, .T. ) ;
#1554 = VECTOR ( 'NONE', #263, 1000.000000000000000 ) ;
#1555 = FACE_OUTER_BOUND ( 'NONE', #828, .T. ) ;
#1556 = EDGE_CURVE ( 'NONE', #1279, #634, #844, .T. ) ;
#1557 = CARTESIAN_POINT ( 'NONE',  ( 19.00000000000000000, 0.000000000000000000, -19.49999999999999645 ) ) ;
#1558 = PERSON_AND_ORGANIZATION ( #619, #1032 ) ;
#1559 = VERTEX_POINT ( 'NONE', #903 ) ;
#1560 = ORIENTED_EDGE ( 'NONE', *, *, #104, .F. ) ;
#1561 = AXIS2_PLACEMENT_3D ( 'NONE', #1006, #1522, #47 ) ;
#1562 = ORIENTED_EDGE ( 'NONE', *, *, #1202, .T. ) ;
#1563 = AXIS2_PLACEMENT_3D ( 'NONE', #1262, #1391, #178 ) ;
#1564 = ORIENTED_EDGE ( 'NONE', *, *, #296, .F. ) ;
#1565 = CYLINDRICAL_SURFACE ( 'NONE', #1432, 1.000000000000000888 ) ;
#1566 = EDGE_CURVE ( 'NONE', #1385, #1201, #1393, .T. ) ;
#1567 = DIRECTION ( 'NONE',  ( 0.000000000000000000, -1.000000000000000000, 0.000000000000000000 ) ) ;
#1568 = AXIS2_PLACEMENT_3D ( 'NONE', #225, #589, #1196 ) ;
#1569 = CARTESIAN_POINT ( 'NONE',  ( 15.00000000000000178, 15.59999999999999964, 12.50000000000000000 ) ) ;
#1570 = APPROVAL_ROLE ( '' ) ;
#1571 = CC_DESIGN_PERSON_AND_ORGANIZATION_ASSIGNMENT ( #1558, #590, ( #1496 ) ) ;
#1572 = ORIENTED_EDGE ( 'NONE', *, *, #723, .F. ) ;
#1573 = VERTEX_POINT ( 'NONE', #1154 ) ;
#1574 = ORIENTED_EDGE ( 'NONE', *, *, #777, .F. ) ;
ENDSEC;
END-ISO-10303-21;
